,date,close_2Y,open_2Y,change_2Y,time,infringementdummy,ruleoflawdummy,budgetdummy,financialmarketsdummy,rate_mom,_merge,day_of_week
3,01/10/2014,2.9489999,2.927,-0.0075161722,4,0,0,,0,0.0,Master only (1),Friday
9,01/17/2014,2.9449999,2.928,-0.0058059972,10,0,0,,0,0.0,Master only (1),Friday
15,01/24/2014,2.9949999,2.9790001,-0.0053708605,16,0,0,,0,0.0,Master only (1),Friday
22,01/31/2014,3.2490001,3.1800001,-0.021698115,23,0,0,,0,0.0,Master only (1),Friday
29,02/07/2014,3.1110001,3.0829999,-0.0090821013,30,0,0,,0,0.0,Master only (1),Friday
36,02/14/2014,3.052,3.108,0.018018017,37,0,0,,0,0.0,Master only (1),Friday
43,02/21/2014,3.0469999,3.0769999,0.0097497469,44,0,0,,0,0.0,Master only (1),Friday
50,02/28/2014,3.046,3.04,-0.0019736981,51,0,0,,0,0.0,Master only (1),Friday
57,03/07/2014,3.036,2.984,-0.01742629,58,0,0,,0,0.0,Master only (1),Friday
64,03/14/2014,3.006,3.0250001,0.0062810094,65,0,0,,0,0.0,Master only (1),Friday
71,03/21/2014,3.0090001,3.092,0.026843449,72,0,0,,0,0.0,Master only (1),Friday
78,03/28/2014,3.007,3.017,0.0033145477,79,1,0,,0,0.0,Master only (1),Friday
85,04/04/2014,2.9549999,3.0439999,0.029237842,86,0,0,,0,0.0,Master only (1),Friday
92,04/11/2014,2.937,2.937,0.0,93,0,0,,0,0.0,Master only (1),Friday
99,04/18/2014,2.993,2.993,0.0,100,0,0,,0,0.0,Master only (1),Friday
106,04/25/2014,2.9000001,3.0280001,0.042272132,107,0,0,,0,0.0,Master only (1),Friday
113,05/02/2014,2.901,2.9519999,0.017276382,114,0,0,,0,0.0,Master only (1),Friday
120,05/09/2014,2.875,2.855,-0.0070052473,121,0,0,,0,0.0,Master only (1),Friday
127,05/16/2014,2.8659999,2.8659999,0.0,128,0,0,,0,0.0,Master only (1),Friday
134,05/23/2014,2.7609999,2.7920001,0.011103201,135,0,0,,0,0.0,Master only (1),Friday
141,05/30/2014,2.733,2.7130001,-0.0073719057,142,0,0,,0,0.0,Master only (1),Friday
148,06/06/2014,2.507,2.641,0.050738379,149,0,0,,0,0.0,Master only (1),Friday
155,06/13/2014,2.539,2.5699999,0.012062218,156,0,0,,0,0.0,Master only (1),Friday
160,06/20/2014,2.599,2.599,0.0,161,0,0,,0,0.0,Master only (1),Friday
165,06/27/2014,2.5239999,2.5079999,-0.0063795983,166,0,0,,0,0.0,Master only (1),Friday
170,07/04/2014,2.506,2.516,0.0039745588,171,0,0,,0,0.0,Master only (1),Friday
175,07/11/2014,2.471,2.461,-0.0040633851,176,0,0,,0,0.0,Master only (1),Friday
181,07/18/2014,2.4849999,2.517,0.012713574,182,0,0,,0,0.0,Master only (1),Friday
187,07/25/2014,2.4170001,2.4170001,0.0,188,0,0,,0,0.0,Master only (1),Friday
193,08/01/2014,2.484,2.0669999,-0.2017417,194,0,0,,0,0.0,Master only (1),Friday
198,08/08/2014,2.382,2.421,0.01610906,199,0,0,,0,0.0,Master only (1),Friday
204,08/15/2014,2.323,2.368,0.01900341,205,0,0,,0,0.0,Master only (1),Friday
211,08/22/2014,2.313,2.3080001,-0.0021663241,212,0,0,,0,0.0,Master only (1),Friday
217,08/29/2014,2.2019999,2.2520001,0.02220257,218,0,0,,0,0.0,Master only (1),Friday
224,09/05/2014,2.105,2.168,0.029059025,225,0,0,,0,0.0,Master only (1),Friday
230,09/12/2014,2.063,2.0769999,0.006740462,231,0,0,,0,0.0,Master only (1),Friday
237,09/19/2014,2.016,2.0209999,0.0024739616,238,0,0,,0,0.0,Master only (1),Friday
244,09/26/2014,1.949,1.962,0.0066258977,245,0,0,,0,0.0,Master only (1),Friday
251,10/03/2014,1.997,1.973,-0.012164181,252,0,0,,0,0.0,Master only (1),Friday
258,10/10/2014,1.8,1.803,0.0016639052,259,0,0,,0,0.0,Master only (1),Friday
265,10/17/2014,1.742,1.777,0.0196961,266,0,0,,0,0.0,Master only (1),Friday
272,10/24/2014,1.711,1.696,-0.0088443309,273,0,0,,0,0.0,Master only (1),Friday
279,10/31/2014,1.747,1.763,0.0090754582,280,0,0,,0,0.0,Master only (1),Friday
286,11/07/2014,1.847,1.852,0.0026997814,287,0,0,,0,0.0,Master only (1),Friday
292,11/14/2014,1.8329999,1.757,-0.043255534,293,0,0,,0,0.0,Master only (1),Friday
299,11/21/2014,1.772,1.852,0.043196566,300,0,0,,0,0.0,Master only (1),Friday
306,11/28/2014,1.725,1.756,0.017653769,307,0,0,,0,0.0,Master only (1),Friday
313,12/05/2014,1.895,1.855,-0.021563321,314,0,0,,0,0.0,Master only (1),Friday
320,12/12/2014,1.859,1.901,0.022093663,321,0,0,,0,0.0,Master only (1),Friday
327,12/19/2014,1.826,1.859,0.017751476,328,0,0,,0,0.0,Master only (1),Friday
334,12/26/2014,1.804,1.804,0.0,335,0,0,,0,0.0,Master only (1),Friday
341,01/02/2015,1.753,1.802,0.027192023,342,0,0,,0,0.0,Master only (1),Friday
348,01/09/2015,1.732,1.771,0.022021476,349,0,0,,0,0.0,Master only (1),Friday
355,01/16/2015,1.609,1.679,0.041691516,356,0,0,,0,0.0,Master only (1),Friday
362,01/23/2015,1.541,1.543,0.0012961596,363,0,0,,0,0.0,Master only (1),Friday
369,01/30/2015,1.563,1.558,-0.0032092396,370,0,0,,0,0.0,Master only (1),Friday
376,02/06/2015,1.643,1.592,-0.032035176,377,0,0,,0,0.0,Master only (1),Friday
382,02/13/2015,1.582,1.618,0.022249699,383,0,0,,0,0.0,Master only (1),Friday
389,02/20/2015,1.664,1.628,-0.022113031,390,0,0,,0,0.0,Master only (1),Friday
396,02/27/2015,1.612,1.571,-0.026098033,397,0,0,,0,0.0,Master only (1),Friday
403,03/06/2015,1.742,1.631,-0.068056367,404,0,0,,0,0.0,Master only (1),Friday
409,03/13/2015,1.668,1.647,-0.012750473,410,0,0,,0,0.0,Master only (1),Friday
415,03/20/2015,1.6109999,1.628,0.010442309,416,0,0,,0,0.0,Master only (1),Friday
422,03/27/2015,1.655,1.664,0.0054086917,423,0,0,,0,0.0,Master only (1),Friday
429,04/03/2015,1.607,1.623,0.0098583065,430,0,0,,0,0.0,Master only (1),Friday
436,04/10/2015,1.61,1.615,0.0030959724,437,0,0,,0,0.0,Master only (1),Friday
443,04/17/2015,1.602,1.626,0.014760177,444,0,0,,0,0.0,Master only (1),Friday
450,04/24/2015,1.65,1.652,0.0012106382,451,0,0,,0,0.0,Master only (1),Friday
456,05/01/2015,1.678,1.681,0.0017846645,457,0,0,,0,0.0,Master only (1),Friday
463,05/08/2015,1.723,1.73,0.004046225,464,0,0,,0,0.0,Master only (1),Friday
470,05/15/2015,1.798,1.742,-0.032146953,471,0,0,,0,0.0,Master only (1),Friday
476,05/22/2015,1.7539999,1.765,0.0062323157,477,0,0,,0,0.0,Master only (1),Friday
483,05/29/2015,1.785,1.772,-0.0073363497,484,0,0,,0,0.0,Master only (1),Friday
490,06/05/2015,1.809,1.865,0.030026807,491,0,0,,0,0.0,Master only (1),Friday
497,06/12/2015,1.961,1.936,-0.012913211,498,0,0,,0,0.0,Master only (1),Friday
502,06/19/2015,1.997,1.997,0.0,503,0,0,,0,0.0,Master only (1),Friday
507,06/26/2015,1.98,1.98,0.0,508,0,0,,0,0.0,Master only (1),Friday
512,07/03/2015,1.934,1.934,0.0,513,0,0,,0,0.0,Master only (1),Friday
517,07/10/2015,1.869,1.8430001,-0.014107381,518,0,0,,0,0.0,Master only (1),Friday
522,07/17/2015,1.7970001,1.803,0.0033277443,523,0,0,,0,0.0,Master only (1),Friday
526,07/24/2015,1.788,1.8200001,0.017582452,527,0,0,,0,0.0,Master only (1),Friday
531,07/31/2015,1.811,1.822,0.0060373419,532,0,0,,0,0.0,Master only (1),Friday
536,08/07/2015,1.84,1.867,0.014461677,537,0,0,,0,0.0,Master only (1),Friday
541,08/14/2015,1.793,1.804,0.0060975817,542,0,0,,0,0.0,Master only (1),Friday
546,08/21/2015,1.767,1.7180001,-0.02852148,547,0,0,,0,0.0,Master only (1),Friday
551,08/28/2015,1.796,1.824,0.015350875,552,0,0,,0,0.0,Master only (1),Friday
556,09/04/2015,1.77,1.809,0.021558892,557,0,0,,0,0.0,Master only (1),Friday
561,09/11/2015,1.822,1.822,0.0,562,0,0,,0,0.0,Master only (1),Friday
566,09/18/2015,1.836,1.8049999,-0.017174525,567,0,0,,0,0.0,Master only (1),Friday
573,09/25/2015,1.807,1.823,0.0087766945,574,0,0,,0,0.0,Master only (1),Friday
580,10/02/2015,1.67,1.77,0.05649719,581,0,0,,0,0.0,Master only (1),Friday
587,10/09/2015,1.747,1.723,-0.013929152,588,0,0,,0,0.0,Master only (1),Friday
594,10/16/2015,1.723,1.757,0.019351121,595,0,0,,0,0.0,Master only (1),Friday
601,10/23/2015,1.638,1.701,0.037037015,602,0,0,,0,0.0,Master only (1),Friday
608,10/30/2015,1.652,1.635,-0.010397529,609,0,0,,0,0.0,Master only (1),Friday
615,11/06/2015,1.668,1.641,-0.016453352,616,0,0,,0,0.0,Master only (1),Friday
622,11/13/2015,1.601,1.577,-0.015218724,623,0,0,,0,0.0,Master only (1),Friday
629,11/20/2015,1.601,1.601,0.0,630,1,0,,0,0.0,Master only (1),Friday
636,11/27/2015,1.592,1.625,0.020307688,637,0,0,,0,0.0,Master only (1),Friday
643,12/04/2015,1.686,1.626,-0.036900334,644,0,0,,0,0.0,Master only (1),Friday
650,12/11/2015,1.795,1.737,-0.033390887,651,0,0,,0,0.0,Master only (1),Friday
657,12/18/2015,1.788,1.804,0.0088691972,658,0,0,,0,0.0,Master only (1),Friday
664,12/25/2015,1.813,1.813,0.0,665,0,0,,0,0.0,Master only (1),Friday
671,01/01/2016,1.643,1.5779999,-0.041191418,672,0,0,,0,0.0,Master only (1),Friday
678,01/08/2016,1.395,1.475,0.054237317,679,0,0,,0,0.0,Master only (1),Friday
685,01/15/2016,1.451,1.426,-0.01753154,686,0,0,,0,0.0,Master only (1),Friday
691,01/22/2016,1.47,1.483,0.0087660225,692,0,0,,0,0.0,Master only (1),Friday
697,01/29/2016,1.543,1.556,0.0083547635,698,0,0,,0,0.0,Master only (1),Friday
704,02/05/2016,1.495,1.536,0.026692715,705,0,0,,0,0.0,Master only (1),Friday
711,02/12/2016,1.479,1.484,0.0033692692,712,0,0,,0,0.0,Master only (1),Friday
718,02/19/2016,1.478,1.4299999,-0.033566501,719,0,0,,0,0.0,Master only (1),Friday
725,02/26/2016,1.457,1.464,0.0047813999,726,0,0,,0,0.0,Master only (1),Friday
731,03/04/2016,1.442,1.47,0.019047616,732,0,0,,0,0.0,Master only (1),Friday
737,03/11/2016,1.465,1.462,-0.0020519979,738,0,0,,0,0.0,Master only (1),Friday
743,03/18/2016,1.4579999,1.461,0.0020534026,744,0,0,,0,0.0,Master only (1),Friday
750,03/25/2016,1.47,1.462,-0.0054719672,751,0,0,,0,0.0,Master only (1),Friday
756,04/01/2016,1.46,1.462,0.0013679714,757,0,0,,0,0.0,Master only (1),Friday
762,04/08/2016,1.512,1.5319999,0.013054818,763,0,0,,0,0.0,Master only (1),Friday
769,04/15/2016,1.523,1.534,0.0071708192,770,0,0,,0,0.0,Master only (1),Friday
776,04/22/2016,1.517,1.52,0.0019736981,777,0,0,,0,0.0,Master only (1),Friday
782,04/29/2016,1.518,1.4960001,-0.014705852,783,0,0,,0,0.0,Master only (1),Friday
789,05/06/2016,1.538,1.545,0.0045307246,790,0,0,,0,0.0,Master only (1),Friday
796,05/13/2016,1.524,1.5549999,0.019935627,797,0,0,,0,0.0,Master only (1),Friday
801,05/20/2016,1.585,1.5650001,-0.01277954,802,0,0,,0,0.0,Master only (1),Friday
807,05/27/2016,1.592,1.6160001,0.014851515,808,0,0,,0,0.0,Master only (1),Friday
814,06/03/2016,1.666,1.6339999,-0.019583883,815,0,0,,0,0.0,Master only (1),Friday
821,06/10/2016,1.768,1.773,0.0028200762,822,0,0,,0,0.0,Master only (1),Friday
828,06/17/2016,1.791,1.83,0.021311494,829,0,0,,0,0.0,Master only (1),Friday
835,06/24/2016,1.7869999,1.927,0.072651841,836,0,0,,0,0.0,Master only (1),Friday
841,07/01/2016,1.665,1.637,-0.017104458,842,0,0,,0,0.0,Master only (1),Friday
848,07/08/2016,1.7309999,1.748,0.0097254459,849,0,0,,0,0.0,Master only (1),Friday
854,07/15/2016,1.7079999,1.706,-0.0011723179,855,0,0,,0,0.0,Master only (1),Friday
861,07/22/2016,1.663,1.663,0.0,862,1,0,,0,0.0,Master only (1),Friday
867,07/29/2016,1.64,1.6720001,0.019138794,868,0,0,,0,0.0,Master only (1),Friday
873,08/05/2016,1.719,1.6720001,-0.028110007,874,0,0,,0,0.0,Master only (1),Friday
880,08/12/2016,1.6210001,1.656,0.021135245,881,0,0,,0,0.0,Master only (1),Friday
886,08/19/2016,1.553,1.579,0.016466131,887,0,0,,0,0.0,Master only (1),Friday
892,08/26/2016,1.61,1.6289999,0.011663557,893,0,0,,0,0.0,Master only (1),Friday
899,09/02/2016,1.653,1.668,0.0089927977,900,0,0,,0,0.0,Master only (1),Friday
905,09/09/2016,1.772,1.755,-0.0096865864,906,0,0,,0,0.0,Master only (1),Friday
912,09/16/2016,1.7690001,1.78,0.0061797295,913,0,0,,0,0.0,Master only (1),Friday
918,09/23/2016,1.745,1.74,-0.0028735604,919,0,0,,0,0.0,Master only (1),Friday
925,09/30/2016,1.772,1.767,-0.002829652,926,0,0,,0,0.0,Master only (1),Friday
930,10/07/2016,1.783,1.799,0.0088938475,931,0,0,,0,0.0,Master only (1),Friday
935,10/14/2016,1.774,1.785,0.006162419,936,0,0,,0,0.0,Master only (1),Friday
941,10/21/2016,1.765,1.765,0.0,942,0,0,,0,0.0,Master only (1),Friday
946,10/28/2016,1.806,1.854,0.025889955,947,0,0,,0,0.0,Master only (1),Friday
950,11/04/2016,1.822,1.822,0.0,951,0,0,,0,0.0,Master only (1),Friday
959,11/18/2016,1.902,1.891,-0.0058169845,960,0,0,,0,0.0,Master only (1),Friday
964,11/25/2016,1.933,1.944,0.0056584552,965,0,0,,0,0.0,Master only (1),Friday
970,12/02/2016,1.969,1.969,0.0,971,0,0,,0,0.0,Master only (1),Friday
975,12/09/2016,1.973,1.99,0.0085426932,976,0,0,,0,0.0,Master only (1),Friday
979,12/16/2016,2.0450001,2.0450001,0.0,980,0,0,,0,0.0,Master only (1),Friday
984,12/23/2016,1.989,1.977,-0.006069785,985,0,0,,0,0.0,Master only (1),Friday
987,12/30/2016,2.036,2.007,-0.014449449,988,0,0,,0,0.0,Master only (1),Friday
996,01/13/2017,2.0510001,2.0510001,0.0,997,0,0,,0,0.0,Master only (1),Friday
1001,01/20/2017,2.0250001,2.043,0.0088105174,1002,0,0,,0,0.0,Master only (1),Friday
1006,01/27/2017,2.0050001,1.999,-0.0030015814,1007,0,0,,0,0.0,Master only (1),Friday
1011,02/03/2017,2.1760001,2.2149999,0.017607132,1012,0,0,,0,0.0,Master only (1),Friday
1016,02/10/2017,2.22,2.23,0.0044843005,1017,0,0,,0,0.0,Master only (1),Friday
1021,02/17/2017,2.24,2.2550001,0.006651931,1022,0,0,,0,0.0,Master only (1),Friday
1027,02/24/2017,2.21,2.25,0.017777761,1028,0,0,,0,0.0,Master only (1),Friday
1033,03/03/2017,2.1800001,2.1700001,-0.0046082903,1034,0,0,,0,0.0,Master only (1),Friday
1038,03/10/2017,2.119,2.125,0.0028235491,1039,0,0,,0,0.0,Master only (1),Friday
1043,03/17/2017,2.119,2.1240001,0.0023541027,1044,0,0,,0,0.0,Master only (1),Friday
1049,03/24/2017,2.046,2.0869999,0.019645372,1050,0,0,,0,0.0,Master only (1),Friday
1055,03/31/2017,2.003,2.0239999,0.010375449,1056,0,0,,0,0.0,Master only (1),Friday
1060,04/07/2017,2.0220001,2.0480001,0.012695323,1061,0,0,,0,0.0,Master only (1),Friday
1066,04/14/2017,2.013,2.0179999,0.0024776394,1067,0,0,,0,0.0,Master only (1),Friday
1071,04/21/2017,1.982,2.0350001,0.02604427,1072,0,0,,0,0.0,Master only (1),Friday
1077,04/28/2017,1.985,1.98,-0.0025252502,1078,0,0,,0,0.0,Master only (1),Friday
1080,05/05/2017,2.0209999,2.0209999,0.0,1081,0,0,,0,0.0,Master only (1),Friday
1086,05/12/2017,1.987,1.992,0.0025100377,1087,0,0,,0,0.0,Master only (1),Friday
1091,05/19/2017,1.9630001,1.952,-0.0056352648,1092,0,0,,0,0.0,Master only (1),Friday
1096,05/26/2017,1.927,1.949,0.011287817,1097,0,0,,0,0.0,Master only (1),Friday
1101,06/02/2017,1.908,1.936,0.014462808,1102,0,0,,0,0.0,Master only (1),Friday
1106,06/09/2017,1.888,1.893,0.0026413077,1107,0,0,,0,0.0,Master only (1),Friday
1111,06/16/2017,1.946,1.936,-0.0051652845,1112,0,0,,0,0.0,Master only (1),Friday
1118,06/23/2017,1.949,1.944,-0.002572014,1119,0,0,,0,0.0,Master only (1),Friday
1124,06/30/2017,1.913,1.9910001,0.039176326,1125,0,0,,0,0.0,Master only (1),Friday
1131,07/07/2017,1.891,1.886,-0.002651111,1132,0,0,,0,0.0,Master only (1),Friday
1136,07/14/2017,1.854,1.829,-0.013668658,1137,0,0,,0,0.0,Master only (1),Friday
1142,07/21/2017,1.852,1.826,-0.014238786,1143,0,0,,0,0.0,Master only (1),Friday
1147,07/28/2017,1.831,1.814,-0.0093715321,1148,1,1,,0,0.0,Master only (1),Friday
1152,08/04/2017,1.814,1.8150001,0.00055098993,1153,0,0,,0,0.0,Master only (1),Friday
1158,08/11/2017,1.872,1.84,-0.017391274,1159,0,0,,0,0.0,Master only (1),Friday
1163,08/18/2017,1.823,1.836,0.0070806164,1164,0,0,,0,0.0,Master only (1),Friday
1168,08/25/2017,1.733,1.751,0.010279844,1169,0,0,,0,0.0,Master only (1),Friday
1174,09/01/2017,1.733,1.7359999,0.001728054,1175,0,0,,0,0.0,Master only (1),Friday
1179,09/08/2017,1.693,1.671,-0.013165742,1180,0,0,,0,0.0,Master only (1),Friday
1184,09/15/2017,1.748,1.734,-0.0080738515,1185,0,0,,0,0.0,Master only (1),Friday
1191,09/22/2017,1.7869999,1.801,0.0077734916,1192,0,0,,0,0.0,Master only (1),Friday
1198,09/29/2017,1.763,1.7180001,-0.026193222,1199,0,0,,0,0.0,Master only (1),Friday
1204,10/06/2017,1.789,1.7359999,-0.030530008,1205,0,0,,0,0.0,Master only (1),Friday
1210,10/13/2017,1.709,1.709,0.0,1211,0,0,,0,0.0,Master only (1),Friday
1216,10/20/2017,1.702,1.711,0.0052600489,1217,0,0,,0,0.0,Master only (1),Friday
1223,10/27/2017,1.607,1.624,0.010467956,1224,0,0,,0,0.0,Master only (1),Friday
1229,11/03/2017,1.625,1.652,0.016343797,1230,0,0,,0,0.0,Master only (1),Friday
1235,11/10/2017,1.579,1.62,0.025308648,1236,0,0,,0,0.0,Master only (1),Friday
1241,11/17/2017,1.603,1.601,-0.0012492776,1242,0,0,,0,0.0,Master only (1),Friday
1247,11/24/2017,1.5549999,1.556,0.00064270356,1248,0,0,,0,0.0,Master only (1),Friday
1254,12/01/2017,1.666,1.627,-0.02397052,1255,0,0,,0,0.0,Master only (1),Friday
1261,12/08/2017,1.675,1.6720001,-0.0017941996,1262,0,0,,0,0.0,Master only (1),Friday
1267,12/15/2017,1.66,1.642,-0.010962245,1268,0,0,,0,0.0,Master only (1),Friday
1273,12/22/2017,1.716,1.726,0.0057937372,1274,0,0,,0,0.0,Master only (1),Friday
1280,12/29/2017,1.712,1.714,0.0011668461,1281,0,0,,0,0.0,Master only (1),Friday
1285,01/05/2018,1.607,1.618,0.0067985398,1286,0,0,,0,0.0,Master only (1),Friday
1291,01/12/2018,1.739,1.624,-0.070812814,1292,0,0,,0,0.0,Master only (1),Friday
1297,01/19/2018,1.563,1.5930001,0.018832449,1298,0,0,,0,0.0,Master only (1),Friday
1303,01/26/2018,1.5549999,1.5420001,-0.0084305396,1304,0,0,,0,0.0,Master only (1),Friday
1310,02/02/2018,1.761,1.745,-0.0091690728,1311,0,0,,0,0.0,Master only (1),Friday
1315,02/09/2018,1.752,1.757,0.0028457572,1316,0,0,,0,0.0,Master only (1),Friday
1320,02/16/2018,1.728,1.77,0.023728779,1321,0,0,,0,0.0,Master only (1),Friday
1326,02/23/2018,1.676,1.722,0.026713127,1327,0,0,,0,0.0,Master only (1),Friday
1331,03/02/2018,1.643,1.643,0.0,1332,0,0,,0,0.0,Master only (1),Friday
1336,03/09/2018,1.581,1.586,0.0031525821,1337,0,0,,0,0.0,Master only (1),Friday
1341,03/16/2018,1.5190001,1.526,0.0045871357,1342,0,0,,0,0.0,Master only (1),Friday
1346,03/23/2018,1.548,1.531,-0.011103828,1347,0,0,,0,0.0,Master only (1),Friday
1352,03/30/2018,1.4960001,1.502,0.0039946223,1353,0,0,,0,0.0,Master only (1),Friday
1357,04/06/2018,1.489,1.49,0.00067117228,1358,0,0,,0,0.0,Master only (1),Friday
1362,04/13/2018,1.54,1.535,-0.0032573259,1363,0,0,,0,0.0,Master only (1),Friday
1367,04/20/2018,1.541,1.549,0.0051646326,1368,0,0,,0,0.0,Master only (1),Friday
1372,04/27/2018,1.513,1.515,0.0013201151,1373,0,0,,0,0.0,Master only (1),Friday
1377,05/04/2018,1.528,1.52,-0.0052631688,1378,0,0,,0,0.0,Master only (1),Friday
1382,05/11/2018,1.489,1.553,0.041210569,1383,0,0,,0,0.0,Master only (1),Friday
1387,05/18/2018,1.627,1.627,0.0,1388,0,0,,0,0.0,Master only (1),Friday
1393,05/25/2018,1.585,1.62,0.021604918,1394,0,0,,0,0.0,Master only (1),Friday
1398,06/01/2018,1.571,1.574,0.0019059854,1399,0,0,,0,0.0,Master only (1),Friday
1403,06/08/2018,1.581,1.591,0.0062853494,1404,0,0,,0,0.0,Master only (1),Friday
1408,06/15/2018,1.576,1.587,0.0069313403,1409,0,0,,0,0.0,Master only (1),Friday
1413,06/22/2018,1.635,1.633,-0.001224724,1414,0,0,,0,0.0,Master only (1),Friday
1418,06/29/2018,1.631,1.647,0.0097145801,1419,0,0,,0,0.0,Master only (1),Friday
1423,07/06/2018,1.643,1.651,0.0048455577,1424,0,0,,0,0.0,Master only (1),Friday
1428,07/13/2018,1.63,1.632,0.0012254744,1429,0,0,,0,0.0,Master only (1),Friday
1433,07/20/2018,1.63,1.626,-0.0024599929,1434,1,1,,0,0.0,Master only (1),Friday
1438,07/27/2018,1.613,1.618,0.0030902319,1439,0,0,,0,0.0,Master only (1),Friday
1443,08/03/2018,1.603,1.608,0.0031094498,1444,0,0,,0,0.0,Master only (1),Friday
1449,08/10/2018,1.6160001,1.626,0.0061500557,1450,0,0,,0,0.0,Master only (1),Friday
1454,08/17/2018,1.612,1.64,0.017073169,1455,0,0,,0,0.0,Master only (1),Friday
1459,08/24/2018,1.608,1.648,0.024271822,1460,0,0,,0,0.0,Master only (1),Friday
1464,08/31/2018,1.571,1.5880001,0.010705339,1465,0,0,,0,0.0,Master only (1),Friday
1469,09/07/2018,1.64,1.643,0.0018259409,1470,0,0,,0,0.0,Master only (1),Friday
1474,09/14/2018,1.632,1.627,-0.003073138,1475,0,0,,0,0.0,Master only (1),Friday
1481,09/21/2018,1.577,1.571,-0.0038192503,1482,0,0,,0,0.0,Master only (1),Friday
1488,09/28/2018,1.575,1.5930001,0.011299439,1489,0,0,,0,0.0,Master only (1),Friday
1495,10/05/2018,1.604,1.5829999,-0.013265968,1496,0,0,,0,0.0,Master only (1),Friday
1502,10/12/2018,1.592,1.601,0.0056214514,1503,0,0,,0,0.0,Master only (1),Friday
1509,10/19/2018,1.5930001,1.5700001,-0.014649683,1510,0,0,,0,0.0,Master only (1),Friday
1516,10/26/2018,1.526,1.549,0.01484829,1517,0,0,,0,0.0,Master only (1),Friday
1523,11/02/2018,1.566,1.566,0.0,1524,0,0,,0,0.0,Master only (1),Friday
1530,11/09/2018,1.557,1.6059999,0.030510528,1531,0,0,,0,0.0,Master only (1),Friday
1537,11/16/2018,1.635,1.607,-0.017423769,1538,0,0,,0,0.0,Master only (1),Friday
1543,11/23/2018,1.5880001,1.624,0.022167424,1544,0,0,,0,0.0,Master only (1),Friday
1550,11/30/2018,1.543,1.569,0.016571078,1551,0,0,,0,0.0,Master only (1),Friday
1557,12/07/2018,1.575,1.554,-0.013513532,1558,0,0,,0,0.0,Master only (1),Friday
1564,12/14/2018,1.423,1.455,0.021993171,1565,0,0,,0,0.0,Master only (1),Friday
1571,12/21/2018,1.327,1.364,0.027126057,1572,0,0,,0,0.0,Master only (1),Friday
1578,12/28/2018,1.346,1.3839999,0.027456639,1579,0,0,,0,0.0,Master only (1),Friday
1584,01/04/2019,1.475,1.421,-0.038001422,1585,0,0,,0,0.0,Master only (1),Friday
1591,01/11/2019,1.367,1.431,0.044723976,1592,0,0,,0,0.0,Master only (1),Friday
1598,01/18/2019,1.403,1.42,0.011971803,1599,0,0,,0,0.0,Master only (1),Friday
1605,01/25/2019,1.382,1.396,0.010028695,1606,0,0,,0,0.0,Master only (1),Friday
1611,02/01/2019,1.605,1.518,-0.057312261,1612,0,0,,0,0.0,Master only (1),Friday
1616,02/08/2019,1.6440001,1.579,-0.04116533,1617,0,0,,0,0.0,Master only (1),Friday
1621,02/15/2019,1.658,1.548,-0.071059443,1622,0,0,,0,0.0,Master only (1),Friday
1626,02/22/2019,1.571,1.581,0.0063251047,1627,0,0,,0,0.0,Master only (1),Friday
1631,03/01/2019,1.755,1.691,-0.037847433,1632,0,0,,0,0.0,Master only (1),Friday
1636,03/08/2019,1.607,1.617,0.006184286,1637,0,0,,0,0.0,Master only (1),Friday
1641,03/15/2019,1.6390001,1.6619999,0.013838679,1642,0,0,,0,0.0,Master only (1),Friday
1646,03/22/2019,1.734,1.654,-0.048367545,1647,0,0,,0,0.0,Master only (1),Friday
1651,03/29/2019,1.691,1.715,0.013994197,1652,0,0,,0,0.0,Master only (1),Friday
1656,04/05/2019,1.778,1.738,-0.023014937,1657,0,0,,0,0.0,Master only (1),Friday
1661,04/12/2019,1.674,1.6849999,0.0065281414,1662,0,0,,0,0.0,Master only (1),Friday
1666,04/19/2019,1.704,1.597,-0.06700062,1667,0,0,,0,0.0,Master only (1),Friday
1671,04/26/2019,1.615,1.628,0.007985265,1672,0,0,,0,0.0,Master only (1),Friday
1676,05/03/2019,1.705,1.705,0.0,1677,0,0,,0,0.0,Master only (1),Friday
1681,05/10/2019,1.663,1.704,0.024061037,1682,0,0,,0,0.0,Master only (1),Friday
1686,05/17/2019,1.714,1.724,0.0058004586,1687,0,0,,0,0.0,Master only (1),Friday
1691,05/24/2019,1.683,1.725,0.024347859,1692,0,0,,0,0.0,Master only (1),Friday
1696,05/31/2019,1.666,1.683,0.010100987,1697,0,0,,0,0.0,Master only (1),Friday
1701,06/07/2019,1.652,1.663,0.0066145742,1702,0,0,,0,0.0,Master only (1),Friday
1706,06/14/2019,1.576,1.592,0.010050272,1707,0,0,,0,0.0,Master only (1),Friday
1710,06/21/2019,1.608,1.581,-0.017077843,1711,0,0,,0,0.0,Master only (1),Friday
1714,06/28/2019,1.623,1.6,-0.014375001,1715,0,0,,0,0.0,Master only (1),Friday
1719,07/05/2019,1.714,1.604,-0.068578564,1720,0,0,,0,0.0,Master only (1),Friday
1724,07/12/2019,1.571,1.572,0.000636162,1725,0,0,,0,0.0,Master only (1),Friday
1729,07/19/2019,1.581,1.566,-0.0095785353,1730,0,0,,0,0.0,Master only (1),Friday
1734,07/26/2019,1.559,1.53,-0.018954277,1735,0,0,,0,0.0,Master only (1),Friday
1739,08/02/2019,1.543,1.7079999,0.096604198,1740,0,0,,0,0.0,Master only (1),Friday
1744,08/09/2019,1.563,1.591,0.017598992,1745,0,0,,0,0.0,Master only (1),Friday
1749,08/16/2019,1.489,1.5319999,0.028067876,1750,0,0,,0,0.0,Master only (1),Friday
1754,08/23/2019,1.581,1.604,0.014339154,1755,0,0,,0,0.0,Master only (1),Friday
1759,08/30/2019,1.5650001,1.6569999,0.055521961,1760,0,0,,0,0.0,Master only (1),Friday
1764,09/06/2019,1.563,1.585,0.013880173,1765,0,0,,0,0.0,Master only (1),Friday
1769,09/13/2019,1.559,1.598,0.024405528,1770,0,0,,0,0.0,Master only (1),Friday
1776,09/20/2019,1.467,1.482,0.010121448,1777,0,0,,0,0.0,Master only (1),Friday
1783,09/27/2019,1.4960001,1.478,-0.012178624,1784,0,0,,0,0.0,Master only (1),Friday
1790,10/04/2019,1.5190001,1.51,-0.0059603066,1791,0,0,,0,0.0,Master only (1),Friday
1797,10/11/2019,1.544,1.497,-0.031396158,1798,0,0,,0,0.0,Master only (1),Friday
1804,10/18/2019,1.536,1.511,-0.016545318,1805,0,0,,0,0.0,Master only (1),Friday
1811,10/25/2019,1.488,1.522,0.022338975,1812,0,0,,0,0.0,Master only (1),Friday
1818,11/01/2019,1.418,1.411,-0.0049609989,1819,0,0,,0,0.0,Master only (1),Friday
1824,11/08/2019,1.434,1.444,0.006925201,1825,0,0,,0,0.0,Master only (1),Friday
1831,11/15/2019,1.399,1.383,-0.011569076,1832,0,0,,0,0.0,Master only (1),Friday
1838,11/22/2019,1.399,1.424,0.017556163,1839,1,0,,0,0.0,Master only (1),Friday
1845,11/29/2019,1.399,1.399,0.0,1846,0,0,,0,0.0,Master only (1),Friday
1852,12/06/2019,1.398,1.393,-0.0035893719,1853,0,0,,0,0.0,Master only (1),Friday
1859,12/13/2019,1.3940001,1.416,0.015536691,1860,0,0,,0,0.0,Master only (1),Friday
1865,12/20/2019,1.464,1.4579999,-0.0041152551,1866,0,0,,0,0.0,Master only (1),Friday
1872,12/27/2019,1.4630001,1.452,-0.0075757829,1873,0,0,,0,0.0,Master only (1),Friday
1879,01/03/2020,1.508,1.484,-0.016172539,1880,0,0,,0,0.0,Master only (1),Friday
1886,01/10/2020,1.557,1.529,-0.01831262,1887,0,0,,0,0.0,Master only (1),Friday
1893,01/17/2020,1.591,1.58,-0.0069619734,1894,0,0,,0,0.0,Master only (1),Friday
1900,01/24/2020,1.52,1.533,0.0084801121,1901,1,0,,0,0.0,Master only (1),Friday
1907,01/31/2020,1.4859999,1.528,0.027486946,1908,0,0,,0,0.0,Master only (1),Friday
1914,02/07/2020,1.523,1.55,0.017419323,1915,0,0,,0,0.0,Master only (1),Friday
1919,02/14/2020,1.595,1.623,0.017252,1920,0,0,,0,0.0,Master only (1),Friday
1924,02/21/2020,1.548,1.566,0.011494257,1925,0,0,,0,0.0,Master only (1),Friday
1929,02/28/2020,1.438,1.466,0.019099589,1930,0,0,,0,0.0,Master only (1),Friday
1935,03/06/2020,1.27,1.27,0.0,1936,0,0,,0,0.0,Master only (1),Friday
1940,03/13/2020,1.424,1.39,-0.024460459,1941,0,0,,0,0.0,Master only (1),Friday
1945,03/20/2020,1.258,1.152,-0.092013948,1946,0,0,,0,0.0,Master only (1),Friday
1950,03/27/2020,1.1619999,1.084,-0.071955673,1951,0,0,,0,0.0,Master only (1),Friday
1955,04/03/2020,1.079,1.1619999,0.07142853,1956,0,0,,0,0.0,Master only (1),Friday
1963,04/17/2020,0.61400002,0.63300002,0.030015787,1964,0,0,,0,0.0,Master only (1),Friday
1968,04/24/2020,0.60799998,0.60299999,-0.0082918666,1969,0,0,,0,0.0,Master only (1),Friday
1977,05/08/2020,0.56599998,0.57099998,0.0087565593,1978,0,0,,0,0.0,Master only (1),Friday
1982,05/15/2020,0.49900001,0.55000001,0.092727266,1983,0,0,,0,0.0,Master only (1),Friday
1987,05/22/2020,0.55400002,0.58999997,0.061016873,1988,0,0,,0,0.0,Master only (1),Friday
1992,05/29/2020,0.182,0.249,0.26907632,1993,0,0,,0,-0.40000001,Matched (3),Friday
1997,06/05/2020,0.255,0.29100001,0.12371138,1998,0,0,,0,0.0,Master only (1),Friday
2001,06/12/2020,0.234,0.271,0.13653137,2002,0,0,,0,0.0,Master only (1),Friday
2006,06/19/2020,0.245,0.27399999,0.10583936,2007,0,0,,0,0.0,Master only (1),Friday
2011,06/26/2020,0.153,0.169,0.094674572,2012,0,0,,0,0.0,Master only (1),Friday
2016,07/03/2020,0.146,0.127,-0.14960624,2017,0,0,,0,0.0,Master only (1),Friday
2021,07/10/2020,0.12800001,0.12800001,0.0,2022,0,0,,0,0.0,Master only (1),Friday
2026,07/17/2020,0.124,0.119,-0.042016767,2027,0,0,,0,0.0,Master only (1),Friday
2031,07/24/2020,0.132,0.124,-0.064516142,2032,0,0,,0,0.0,Master only (1),Friday
2036,07/31/2020,0.123,0.123,0.0,2037,0,0,,0,0.0,Master only (1),Friday
2041,08/07/2020,0.145,0.12800001,-0.13281241,2042,0,0,,0,0.0,Master only (1),Friday
2046,08/14/2020,0.16500001,0.15700001,-0.050955422,2047,0,0,,0,0.0,Master only (1),Friday
2051,08/21/2020,0.156,0.164,0.048780493,2052,0,0,,0,0.0,Master only (1),Friday
2056,08/28/2020,0.15099999,0.15800001,0.044303887,2057,0,0,,0,0.0,Master only (1),Friday
2061,09/04/2020,0.117,0.171,0.31578949,2062,0,0,,0,0.0,Master only (1),Friday
2066,09/11/2020,0.104,0.098999999,-0.050505079,2067,0,0,,0,0.0,Master only (1),Friday
2073,09/18/2020,0.034000002,0.045000002,0.24444443,2074,0,0,,0,0.0,Master only (1),Friday
2080,09/25/2020,0.085000001,0.054000001,-0.57407403,2081,0,0,,0,0.0,Master only (1),Friday
2087,10/02/2020,0.037,0.048,0.22916666,2088,0,0,,0,0.0,Master only (1),Friday
2094,10/09/2020,0.028999999,0.035,0.17142861,2095,0,0,,0,0.0,Master only (1),Friday
2100,10/16/2020,0.016000001,-0.001,17.0,2101,0,0,,0,0.0,Master only (1),Friday
2106,10/23/2020,0.0080000004,0.021,0.61904758,2107,0,0,,0,0.0,Master only (1),Friday
2113,10/30/2020,0.011,-0.017000001,1.6470587,2114,1,0,,0,0.0,Master only (1),Friday
2120,11/06/2020,0.011,0.0060000001,-0.83333331,2121,0,0,,0,0.0,Master only (1),Friday
2126,11/13/2020,0.029999999,0.030999999,0.032258071,2127,0,0,,0,0.0,Master only (1),Friday
2132,11/20/2020,0.039999999,0.023,-0.73913038,2133,0,0,,0,0.0,Master only (1),Friday
2138,11/27/2020,0.066,0.071999997,0.083333299,2139,0,0,,0,0.0,Master only (1),Friday
2144,12/04/2020,0.113,0.059999999,-0.88333333,2145,0,0,,0,0.0,Master only (1),Friday
2149,12/11/2020,0.061000001,0.022,-1.7727274,2150,0,0,,0,0.0,Master only (1),Friday
2154,12/18/2020,0.086999997,0.037,-1.3513513,2155,0,0,,0,0.0,Master only (1),Friday
2159,12/25/2020,0.107,0.107,0.0,2160,0,0,,0,0.0,Master only (1),Friday
2168,01/08/2021,0.082000002,0.07,-0.17142861,2169,0,0,,0,0.0,Master only (1),Friday
2173,01/15/2021,0.079000004,0.048,-0.64583337,2174,0,0,,0,0.0,Master only (1),Friday
2178,01/22/2021,0.097999997,0.054000001,-0.81481475,2179,0,0,,0,0.0,Master only (1),Friday
2183,01/29/2021,0.061000001,0.041000001,-0.48780486,2184,0,0,,0,0.0,Master only (1),Friday
2189,02/05/2021,0.13,0.046999998,-1.7659575,2190,0,0,,0,0.0,Master only (1),Friday
2194,02/12/2021,0.122,0.114,-0.070175447,2195,0,0,,0,0.0,Master only (1),Friday
2200,02/19/2021,0.147,0.141,-0.042553172,2201,0,0,,0,0.0,Master only (1),Friday
2205,02/26/2021,0.15899999,0.153,-0.039215669,2206,0,0,,0,0.0,Master only (1),Friday
2210,03/05/2021,0.161,0.156,-0.03205125,2211,0,0,,0,0.0,Master only (1),Friday
2215,03/12/2021,0.094999999,0.081,-0.17283949,2216,0,0,,0,0.0,Master only (1),Friday
2221,03/19/2021,0.094999999,0.052000001,-0.82692301,2222,0,0,,0,0.0,Master only (1),Friday
2226,03/26/2021,0.112,0.096000001,-0.16666669,2227,0,0,,0,0.0,Master only (1),Friday
2231,04/02/2021,0.046999998,0.039000001,-0.20512813,2232,0,0,,0,0.0,Master only (1),Friday
2236,04/09/2021,0.113,0.118,0.042372905,2237,0,0,,0,0.0,Master only (1),Friday
2241,04/16/2021,0.101,0.098999999,-0.020202061,2242,0,0,,0,0.0,Master only (1),Friday
2246,04/23/2021,0.1,0.1,0.0,2247,0,0,,0,0.0,Master only (1),Friday
2251,04/30/2021,0.113,0.13600001,0.1691177,2252,0,0,,0,0.0,Master only (1),Friday
2256,05/07/2021,0.117,0.107,-0.093457922,2257,0,0,,0,0.0,Master only (1),Friday
2261,05/14/2021,0.178,0.16,-0.11250004,2262,0,0,,0,0.0,Master only (1),Friday
2266,05/21/2021,0.19,0.198,0.040404048,2267,0,0,,0,0.0,Master only (1),Friday
2271,05/28/2021,0.34400001,0.375,0.082666636,2272,0,0,,0,0.0,Master only (1),Friday
2276,06/04/2021,0.414,0.417,0.0071942233,2277,0,0,,0,0.0,Master only (1),Friday
2281,06/11/2021,0.32800001,0.39399999,0.16751266,2282,0,0,,0,0.0,Master only (1),Friday
2286,06/18/2021,0.36000001,0.37099999,0.029649535,2287,0,0,,0,0.0,Master only (1),Friday
2291,06/25/2021,0.40200001,0.37099999,-0.083558001,2292,0,0,,0,0.0,Master only (1),Friday
2296,07/02/2021,0.42899999,0.38999999,-0.10000002,2297,0,0,,0,0.0,Master only (1),Friday
2301,07/09/2021,0.44,0.44499999,0.011235945,2302,0,0,,0,0.0,Master only (1),Friday
2306,07/16/2021,0.37,0.42699999,0.13348942,2307,0,0,,0,0.0,Master only (1),Friday
2311,07/23/2021,0.36199999,0.414,0.1256039,2312,1,0,,1,0.0,Master only (1),Friday
2316,07/30/2021,0.44499999,0.38499999,-0.15584417,2317,0,0,,0,0.0,Master only (1),Friday
2322,08/06/2021,0.491,0.42899999,-0.14452216,2323,0,0,,0,0.0,Master only (1),Friday
2328,08/13/2021,0.491,0.428,-0.14719625,2329,0,0,,0,0.0,Master only (1),Friday
2335,08/20/2021,0.391,0.36899999,-0.059620637,2336,0,0,,0,0.0,Master only (1),Friday
2341,08/27/2021,0.44499999,0.366,-0.21584699,2342,0,0,,0,0.0,Master only (1),Friday
2346,09/03/2021,0.597,0.48699999,-0.22587273,2347,0,0,,0,0.0,Master only (1),Friday
2351,09/10/2021,0.55400002,0.54000002,-0.025925923,2352,0,0,,0,0.0,Master only (1),Friday
2356,09/17/2021,0.61799997,0.60100001,-0.028286122,2357,0,0,,0,0.0,Master only (1),Friday
2361,09/24/2021,0.65899998,0.551,-0.19600722,2362,0,0,,0,0.0,Master only (1),Friday
2366,10/01/2021,0.94099998,0.82099998,-0.14616323,2367,0,0,,0,0.0,Master only (1),Friday
2371,10/08/2021,1.41,1.383,-0.01952274,2372,0,0,,0,0.0,Master only (1),Friday
2376,10/15/2021,1.714,1.645,-0.041945294,2377,0,0,,0,0.0,Master only (1),Friday
2381,10/22/2021,1.865,1.836,-0.015795231,2382,0,0,,0,0.0,Master only (1),Friday
2386,10/29/2021,2.0739999,1.9299999,-0.074611366,2387,0,0,,0,0.0,Master only (1),Friday
2391,11/05/2021,2.727,2.786,0.02117732,2392,0,0,,0,0.0,Master only (1),Friday
2396,11/12/2021,3.1099999,2.9059999,-0.070199586,2397,0,0,,0,0.0,Master only (1),Friday
2401,11/19/2021,2.869,2.9690001,0.033681422,2402,0,0,,0,0.0,Master only (1),Friday
2406,11/26/2021,2.809,3.03,0.07293728,2407,0,0,,0,0.0,Master only (1),Friday
2411,12/03/2021,3.0090001,3.0569999,0.015701622,2412,0,0,,0,0.0,Master only (1),Friday
2416,12/10/2021,2.8889999,2.9000001,0.0037931572,2417,0,0,,0,0.0,Master only (1),Friday
2421,12/17/2021,2.865,2.806,-0.021026377,2422,0,0,,0,0.0,Master only (1),Friday
2426,12/24/2021,3.178,3.158,-0.006333116,2427,0,0,,0,0.0,Master only (1),Friday
2431,12/31/2021,3.346,3.4100001,0.018768366,2432,0,0,,0,0.0,Master only (1),Friday
2435,01/07/2022,3.6159999,3.631,0.004131122,2436,0,0,,0,0.0,Master only (1),Friday
2440,01/14/2022,3.142,3.3759999,0.069312789,2441,0,0,,0,0.0,Master only (1),Friday
2445,01/21/2022,2.961,3.0039999,0.014314243,2446,0,0,,0,0.0,Master only (1),Friday
2450,01/28/2022,3.4909999,3.431,-0.017487597,2451,0,0,,0,0.0,Master only (1),Friday
2455,02/04/2022,3.654,3.7539999,0.026638227,2456,0,0,,0,0.0,Master only (1),Friday
2460,02/11/2022,3.631,3.6229999,-0.0022081523,2461,0,0,,0,0.0,Master only (1),Friday
2465,02/18/2022,3.641,3.618,-0.0063571041,2466,0,0,,0,0.0,Master only (1),Friday
2470,02/25/2022,3.9849999,3.9909999,0.0015033932,2471,0,0,,0,0.0,Master only (1),Friday
2475,03/04/2022,4.3330002,4.099,-0.057087146,2476,0,0,,0,0.0,Master only (1),Friday
2480,03/11/2022,5.3600001,5.336,-0.0044977828,2481,0,0,,0,0.0,Master only (1),Friday
2485,03/18/2022,5.2329998,5.2119999,-0.0040291459,2486,0,0,,0,0.0,Master only (1),Friday
2490,03/25/2022,5.7600002,5.7620001,0.00034707654,2491,0,0,,0,0.0,Master only (1),Friday
2495,04/01/2022,5.7350001,5.5960002,-0.024839159,2496,0,0,,0,0.0,Master only (1),Friday
2500,04/08/2022,6.474,6.2259998,-0.039832983,2501,0,0,,0,0.0,Master only (1),Friday
2505,04/15/2022,6.164,6.1939998,0.0048433538,2506,0,0,,0,0.0,Master only (1),Friday
2510,04/22/2022,6.573,6.6030002,0.0045434209,2511,0,0,,0,0.0,Master only (1),Friday
2515,04/29/2022,6.5760002,6.7129998,0.020408105,2516,0,0,,0,0.0,Master only (1),Friday
2520,05/06/2022,6.6630001,6.7119999,0.0073003257,2521,0,0,,0,0.75,Matched (3),Friday
2525,05/13/2022,6.4390001,6.5320001,0.014237589,2526,0,0,,0,0.0,Master only (1),Friday
2530,05/20/2022,6.1479998,6.2360001,0.014111658,2531,0,0,,0,0.0,Master only (1),Friday
2535,05/27/2022,6.401,6.415,0.0021823756,2536,0,0,,0,0.0,Master only (1),Friday
2540,06/03/2022,6.723,6.816,0.013644356,2541,0,0,,0,0.0,Master only (1),Friday
2545,06/10/2022,7.1110001,6.9920001,-0.017019445,2546,0,0,,0,0.0,Master only (1),Friday
2550,06/17/2022,7.8969998,7.8990002,0.00025323863,2551,0,0,,0,0.0,Master only (1),Friday
2555,06/24/2022,7.4970002,7.4060001,-0.012287345,2556,0,0,,0,0.0,Master only (1),Friday
2560,07/01/2022,7.2290001,7.6739998,0.057987973,2561,0,0,,0,0.0,Master only (1),Friday
2565,07/08/2022,7.5310001,7.9000001,0.046708856,2566,0,0,,0,0.5,Matched (3),Friday
2570,07/15/2022,7.8280001,7.9780002,0.018801717,2571,0,0,,0,0.0,Master only (1),Friday
2575,07/22/2022,7.0300002,7.2670002,0.032613181,2576,0,0,,0,0.0,Master only (1),Friday
2580,07/29/2022,6.849,6.9840002,0.01932993,2581,0,0,,0,0.0,Master only (1),Friday
2585,08/05/2022,6.7119999,6.9749999,0.037706096,2586,0,0,,0,0.0,Master only (1),Friday
2590,08/12/2022,6.441,6.6110001,0.025714729,2591,0,0,,0,0.0,Master only (1),Friday
2595,08/19/2022,6.9899998,6.921,-0.0099696238,2596,0,0,,0,0.0,Master only (1),Friday
2600,08/26/2022,7.3140001,7.2620001,-0.0071605681,2601,0,0,,0,0.0,Master only (1),Friday
2605,09/02/2022,7.0469999,7.204,0.021793457,2606,0,0,,0,0.0,Master only (1),Friday
2610,09/09/2022,6.6599998,6.6929998,0.0049305232,2611,0,0,,0,0.0,Master only (1),Friday
2615,09/16/2022,6.585,6.6669998,0.012299352,2616,0,0,,0,0.0,Master only (1),Friday
2620,09/23/2022,6.7319999,6.6919999,-0.0059772809,2621,0,0,,0,0.0,Master only (1),Friday
2625,09/30/2022,7.4899998,7.3709998,-0.016144345,2626,0,0,,0,0.0,Master only (1),Friday
2630,10/07/2022,7.4180002,7.3920002,-0.003517319,2631,0,0,,0,0.0,Master only (1),Friday
2635,10/14/2022,8.0830002,7.8509998,-0.029550422,2636,0,0,,0,0.0,Master only (1),Friday
2640,10/21/2022,9.0019999,8.993,-0.0010007588,2641,0,0,,0,0.0,Master only (1),Friday
2645,10/28/2022,8.3769999,8.1590004,-0.026718892,2646,0,0,,0,0.0,Master only (1),Friday
2650,11/04/2022,8.2589998,8.4860001,0.026749969,2651,0,0,,0,0.0,Master only (1),Friday
2655,11/11/2022,7.052,7.0749998,0.0032508501,2656,0,0,,0,0.0,Master only (1),Friday
2660,11/18/2022,7.2579999,7.3299999,0.0098226508,2661,0,0,,0,0.0,Master only (1),Friday
2665,11/25/2022,7.1589999,6.9959998,-0.023299044,2666,0,0,,0,0.0,Master only (1),Friday
2670,12/02/2022,6.7859998,6.8299999,0.0064421888,2671,0,0,,0,0.0,Master only (1),Friday
2675,12/09/2022,6.79,6.7789998,-0.0016226813,2676,0,0,,0,0.0,Master only (1),Friday
2680,12/16/2022,6.9520001,6.8639998,-0.012820557,2681,0,0,,0,0.0,Master only (1),Friday
2685,12/23/2022,6.7940001,6.743,-0.0075634164,2686,0,0,,0,0.0,Master only (1),Friday
2690,12/30/2022,6.7280002,6.8280001,0.014645563,2691,0,0,,0,0.0,Master only (1),Friday
2695,01/06/2023,6.0380001,6.086,0.0078869304,2696,0,0,,0,0.0,Master only (1),Friday
2700,01/13/2023,6.0539999,5.8959999,-0.026797827,2701,0,0,,0,0.0,Master only (1),Friday
2705,01/20/2023,6.0770001,6.0100002,-0.011148072,2706,0,0,,0,0.0,Master only (1),Friday
2710,01/27/2023,5.895,6.0650001,0.028029691,2711,0,0,,0,0.0,Master only (1),Friday
2715,02/03/2023,5.9109998,5.8990002,-0.0020341764,2716,0,0,,0,0.0,Master only (1),Friday
2720,02/10/2023,6.1739998,6.1350002,-0.0063568959,2721,0,0,,0,0.0,Master only (1),Friday
2725,02/17/2023,6.434,6.4679999,0.0052566356,2726,0,0,,0,0.0,Master only (1),Friday
2730,02/24/2023,6.3429999,6.4499998,0.016589127,2731,0,0,,0,0.0,Master only (1),Friday
2735,03/03/2023,6.4619999,6.4390001,-0.0035719464,2736,0,0,,0,0.0,Master only (1),Friday
2740,03/10/2023,6.1739998,6.2950001,0.01922165,2741,0,0,,0,0.0,Master only (1),Friday
2746,03/17/2023,5.8899999,5.9629998,0.012242152,2747,0,0,,0,0.0,Master only (1),Friday
2751,03/24/2023,5.9980001,6.0139999,0.0026604247,2752,0,0,,0,0.0,Master only (1),Friday
2756,03/31/2023,6.0510001,6.1550002,0.016896846,2757,0,0,,0,0.0,Master only (1),Friday
2761,04/07/2023,6.006,6.073,0.011032424,2762,0,0,,0,0.0,Master only (1),Friday
2766,04/14/2023,6.1279998,6.1700001,0.0068071787,2767,0,0,,0,0.0,Master only (1),Friday
2771,04/21/2023,6.2049999,6.1560001,-0.0079596788,2772,0,0,,0,0.0,Master only (1),Friday
2776,04/28/2023,5.8590002,6.1609998,0.049017947,2777,0,0,,0,0.0,Master only (1),Friday
2781,05/05/2023,5.763,5.7600002,-0.00052079558,2782,0,0,,0,0.0,Master only (1),Friday
2786,05/12/2023,5.744,5.848,0.017783873,2787,0,0,,0,0.0,Master only (1),Friday
2792,05/19/2023,5.9689999,6.079,0.018095104,2793,0,0,,0,0.0,Master only (1),Friday
2797,05/26/2023,6.053,6.1820002,0.020867063,2798,0,0,,0,0.0,Master only (1),Friday
2802,06/02/2023,5.961,6.0640001,0.016985515,2803,0,0,,0,0.0,Master only (1),Friday
