,Unnamed: 0,dates,opening_values,closing_values
0,1,2020-01-02,1910.79,1912.16
1,2,2020-01-03,1914.52,1914.3
2,4,2020-01-07,1913.74,1908.15
3,5,2020-01-08,1907.94,1905.5
4,6,2020-01-09,1903.6,1902.95
5,7,2020-01-10,1903.93,1902.4
6,8,2020-01-13,1902.18,1898.08
7,9,2020-01-14,1899.37,1901.3
8,10,2020-01-15,1901.44,1903.56
9,11,2020-01-16,1904.02,1901.45
10,12,2020-01-17,1902.29,1899.31
11,13,2020-01-20,1899.23,1898.59
12,14,2020-01-21,1899.65,1901.32
13,15,2020-01-22,1902.53,1903.28
14,16,2020-01-23,1905.37,1904.38
15,17,2020-01-24,1903.15,1905.26
16,18,2020-01-27,1906.85,1907.41
17,19,2020-01-28,1907.87,1905.99
18,20,2020-01-29,1906.77,1907.88
19,21,2020-01-30,1909.93,1910.18
20,22,2020-01-31,1910.83,1913.58
21,23,2020-02-03,1915.05,1913.39
22,24,2020-02-04,1912.24,1911.53
23,25,2020-02-05,1911.05,1911.7
24,26,2020-02-06,1911.64,1914.22
25,27,2020-02-07,1917.09,1918.76
26,28,2020-02-10,1918.84,1919.06
27,29,2020-02-11,1918.14,1916.91
28,30,2020-02-12,1914.64,1913.79
29,31,2020-02-13,1913.21,1910.53
30,32,2020-02-14,1910.49,1912.41
31,33,2020-02-17,1911.13,1911.69
32,34,2020-02-18,1912.9,1913.61
33,35,2020-02-19,1913.75,1915.69
34,36,2020-02-20,1917.47,1916.95
35,37,2020-02-21,1919.02,1920.56
36,38,2020-02-24,1925.05,1926.02
37,39,2020-02-25,1927.55,1928.43
38,40,2020-02-26,1930.71,1931.18
39,41,2020-02-27,1934.77,1938.27
40,42,2020-02-28,1942.93,1938.3
41,43,2020-03-02,1939.09,1945.05
42,44,2020-03-03,1944.05,1943.07
43,45,2020-03-04,1950.56,1950.42
44,46,2020-03-05,1944.73,1946.93
45,47,2020-03-06,1949.96,1950.91
46,48,2020-03-09,1955.48,1963.78
47,49,2020-03-10,1953.02,1955.96
48,51,2020-03-12,1952.2,1951.83
49,52,2020-03-13,1951.97,1928.2
50,53,2020-03-16,1928.34,1928.29
51,54,2020-03-17,1928.44,1928.43
52,55,2020-03-18,1928.61,1928.62
53,56,2020-03-19,1929.03,1929.03
54,57,2020-03-20,1929.17,1929.42
55,58,2020-03-23,1930.15,1954.18
56,59,2020-03-24,1955.73,1961.66
57,60,2020-03-25,1953.65,1960.13
58,61,2020-03-26,1962.07,1960.36
59,62,2020-03-27,1962.82,1957.2
60,63,2020-03-30,1956.79,1960.21
61,64,2020-03-31,1959.92,1962.84
62,65,2020-04-01,1963.39,1960.54
63,66,2020-04-02,1957.95,1957.95
64,67,2020-04-03,1958.07,1964.16
65,68,2020-04-06,1962.17,1964.04
66,69,2020-04-07,1964.99,1966.22
67,70,2020-04-08,1966.34,1972.34
68,71,2020-04-09,1973.21,1977.61
69,74,2020-04-14,1978.79,1982.13
70,75,2020-04-15,1985.58,1986.58
71,76,2020-04-16,1986.13,1986.97
72,77,2020-04-17,1986.77,1984.44
73,78,2020-04-20,1984.19,1982.71
74,79,2020-04-21,1983.1,1989.72
75,80,2020-04-22,1990.15,1992.34
76,81,2020-04-23,1989.71,1988.81
77,82,2020-04-24,1988.85,1988.17
78,83,2020-04-27,1989.5,1988.29
79,84,2020-04-28,1986.91,1985.16
80,85,2020-04-29,1985.57,1985.26
81,86,2020-04-30,1984.78,1985.59
82,88,2020-05-04,1985.4,1984.58
83,89,2020-05-05,1982.72,1984.69
84,90,2020-05-06,1984.02,1981.6
85,91,2020-05-07,1981.18,1982.19
86,92,2020-05-08,1982.2,1981.27
87,93,2020-05-11,1981.37,1982.6
88,94,2020-05-12,1983.61,1988.8
89,95,2020-05-13,1990.01,1994.94
90,96,2020-05-14,1996.69,1998.34
91,97,2020-05-15,1998.89,1998.71
92,98,2020-05-18,1998.9,1997.49
93,99,2020-05-19,1995.32,1993.89
94,100,2020-05-20,1992.15,1992.66
95,101,2020-05-21,1992.56,1991.07
96,102,2020-05-22,1990.87,1988.38
97,103,2020-05-25,1989.75,1990.31
98,104,2020-05-26,1988.26,1989.85
99,105,2020-05-27,1992.1,1993.91
100,106,2020-05-28,1993.42,2014.51
101,107,2020-05-29,2015.49,2015.41
102,108,2020-06-01,2013.26,2009.36
103,109,2020-06-02,2010.51,2007.37
104,110,2020-06-03,2006.22,2005.49
105,111,2020-06-04,2003.96,2003.45
106,112,2020-06-05,2001.52,1998.53
107,113,2020-06-08,1996.93,1996.39
108,114,2020-06-09,1998.03,2001.1
109,115,2020-06-10,2001.37,2001.28
110,117,2020-06-12,2006.9,2004.89
111,118,2020-06-15,2006.33,2002.44
112,119,2020-06-16,2002.42,2001.73
113,120,2020-06-17,1999.63,1998.57
114,121,2020-06-18,1998.96,2001.57
115,122,2020-06-19,2001.59,2003.71
116,123,2020-06-22,2005.8,2005.8
117,124,2020-06-23,2006.73,2006.73
118,125,2020-06-24,2005.49,2006.95
119,126,2020-06-25,2008.57,2008.96
120,127,2020-06-26,2007.45,2007.2
121,128,2020-06-29,2007.98,2006.43
122,129,2020-06-30,2007.5,2009.2
123,130,2020-07-01,2008.21,2006.85
124,131,2020-07-02,2008.79,2010.46
125,132,2020-07-03,2011.81,2011.92
126,133,2020-07-06,2011.29,2010.6
127,134,2020-07-07,2011.32,2010.33
128,135,2020-07-08,2011.01,2011.86
129,136,2020-07-09,2011.02,2011.04
130,137,2020-07-10,2013.52,2012.43
131,138,2020-07-13,2012.76,2008.27
132,139,2020-07-14,2009.78,2009.11
133,140,2020-07-15,2009.85,2009.48
134,141,2020-07-16,2010.34,2011.47
135,142,2020-07-17,2012.23,2013.05
136,143,2020-07-20,2012.63,2011.8
137,144,2020-07-21,2011.42,2012.68
138,145,2020-07-22,2013.3,2013.76
139,146,2020-07-23,2013.49,2012.45
140,147,2020-07-24,2012.9,2011.47
141,148,2020-07-27,2011.83,2012.37
142,149,2020-07-28,2012.5,2014.14
143,150,2020-07-29,2015.56,2014.67
144,151,2020-07-30,2015.25,2017.58
145,152,2020-07-31,2018.17,2018.8
146,153,2020-08-03,2018.12,2017.09
147,154,2020-08-04,2017.46,2019.65
148,155,2020-08-05,2019.5,2017.56
149,156,2020-08-06,2017.34,2018.54
150,157,2020-08-07,2018.71,2018.26
151,158,2020-08-10,2017.12,2019.08
152,159,2020-08-11,2018.14,2014.68
153,160,2020-08-12,2012.68,2015.85
154,161,2020-08-13,2016.51,2015.32
155,162,2020-08-14,2016.12,2015.9
156,163,2020-08-17,2015.91,2013.41
157,164,2020-08-18,2014.43,2010.54
158,165,2020-08-19,2011.84,2010.84
159,166,2020-08-20,2011.64,2013.38
160,167,2020-08-21,2013.6,2014.6
161,168,2020-08-24,2013.92,2013.22
162,169,2020-08-25,2010.51,2010.99
163,170,2020-08-26,2010.32,2011.14
164,171,2020-08-27,2011.97,2011.97
165,172,2020-08-28,2009.7,2007.9
166,173,2020-08-31,2008.67,2011.09
167,174,2020-09-01,2012.56,2012.34
168,175,2020-09-02,2013.15,2013.07
169,176,2020-09-03,2013.64,2013.25
170,177,2020-09-04,2013.25,2011.89
171,178,2020-09-07,2011.55,2011.49
172,179,2020-09-08,2011.71,2012.61
173,180,2020-09-09,2012.81,2013.18
174,181,2020-09-10,2014.18,2013.41
175,182,2020-09-11,2013.99,2014.53
176,183,2020-09-14,2014.83,2014.91
177,184,2020-09-15,2014.93,2014.65
178,185,2020-09-16,2014.97,2015.69
179,186,2020-09-17,2015.43,2016.08
180,187,2020-09-18,2015.87,2017.2
181,188,2020-09-21,2017.33,2019.2
182,189,2020-09-22,2019.24,2017.34
183,190,2020-09-23,2018.88,2016.18
184,191,2020-09-24,2018.11,2017.89
185,192,2020-09-25,2018.73,2019.52
186,193,2020-09-28,2019.26,2019.86
187,194,2020-09-29,2020.78,2020.59
188,195,2020-09-30,2020.62,2020.93
189,196,2020-10-01,2021.61,2021.33
190,197,2020-10-02,2021.92,2021.92
191,198,2020-10-05,2022.21,2020.57
192,199,2020-10-06,2019.64,2020.6
193,200,2020-10-07,2020.36,2021.62
194,201,2020-10-08,2022.64,2023.55
195,202,2020-10-09,2024.5,2024.56
196,203,2020-10-12,2024.97,2025.68
197,204,2020-10-13,2026.56,2027.23
198,205,2020-10-14,2027.91,2028.51
199,206,2020-10-15,2030.42,2029.63
200,207,2020-10-16,2028.94,2028.16
201,208,2020-10-19,2028.09,2028.96
202,209,2020-10-20,2030.03,2029.12
203,210,2020-10-21,2028.34,2028.68
204,211,2020-10-22,2028.95,2029.12
205,212,2020-10-23,2029.75,2029.41
206,213,2020-10-26,2031.02,2031.71
207,214,2020-10-27,2032.05,2033.51
208,215,2020-10-28,2034.89,2034.86
209,216,2020-10-29,2034.57,2035.59
210,217,2020-10-30,2036.11,2035.2
211,218,2020-11-02,2034.75,2034.74
212,219,2020-11-03,2034.7,2036.73
213,220,2020-11-04,2039.21,2039.62
214,221,2020-11-05,2040.79,2040.09
215,222,2020-11-06,2040.16,2040.24
216,223,2020-11-09,2040.79,2035.53
217,224,2020-11-10,2035.13,2031.86
218,226,2020-11-12,2033.26,2033.96
219,227,2020-11-13,2035.24,2035.62
220,228,2020-11-16,2036.39,2035.59
221,229,2020-11-17,2034.76,2035.56
222,230,2020-11-18,2037.37,2037.38
223,231,2020-11-19,2038.23,2037.62
224,232,2020-11-20,2036.82,2036.81
225,233,2020-11-23,2036.98,2034.96
226,234,2020-11-24,2034.12,2034.07
227,235,2020-11-25,2033.38,2033.15
228,236,2020-11-26,2033.02,2034.98
229,237,2020-11-27,2034.44,2033.47
230,238,2020-11-30,2034.39,2034.09
231,239,2020-12-01,2034.63,2032.1
232,240,2020-12-02,2032.43,2031.63
233,241,2020-12-03,2032.21,2031.55
234,242,2020-12-04,2029.81,2024.93
235,243,2020-12-07,2026.56,2027.99
236,244,2020-12-08,2028.54,2028.16
237,245,2020-12-09,2027.72,2027.67
238,246,2020-12-10,2027.66,2027.33
239,247,2020-12-11,2028.06,2028.49
240,248,2020-12-14,2028.96,2029.76
241,249,2020-12-15,2032.05,2032.93
242,250,2020-12-16,2031.6,2030.83
243,251,2020-12-17,2031.57,2032.79
244,252,2020-12-18,2031.89,2031.14
245,253,2020-12-21,2033.79,2033.83
246,254,2020-12-22,2033.93,2030.94
247,255,2020-12-23,2030.78,2030.65
248,258,2020-12-28,2031.07,2033.74
249,259,2020-12-29,2034.35,2033.06
250,260,2020-12-30,2035.73,2034.99
0,1,2021-01-04,2035.33,2036.48
1,2,2021-01-05,2036.49,2035.84
2,4,2021-01-07,2033.54,2035.27
3,5,2021-01-08,2036.63,2037.23
4,6,2021-01-11,2038.07,2037.46
5,7,2021-01-12,2037.55,2037.37
6,8,2021-01-13,2038.04,2038.76
7,9,2021-01-14,2039.42,2039.65
8,10,2021-01-15,2038.54,2038.61
9,11,2021-01-18,2042.27,2040.73
10,12,2021-01-19,2040.94,2041.31
11,13,2021-01-20,2042.19,2041.51
12,14,2021-01-21,2041.96,2039.28
13,15,2021-01-22,2039.62,2039.13
14,16,2021-01-25,2040.02,2040.41
15,17,2021-01-26,2041.06,2041.45
16,18,2021-01-27,2041.38,2041.89
17,19,2021-01-28,2041.9,2039.52
18,20,2021-01-29,2039.58,2040.32
19,21,2021-02-01,2040.37,2040.78
20,22,2021-02-02,2040.35,2039.83
21,23,2021-02-03,2038.28,2038.45
22,24,2021-02-04,2038.34,2037.78
23,25,2021-02-05,2037.45,2035.91
24,26,2021-02-08,2033.01,2034.83
25,27,2021-02-09,2036.86,2035.08
26,28,2021-02-10,2035.27,2033.72
27,29,2021-02-11,2035.3,2033.52
28,30,2021-02-12,2033.5,2030.17
29,31,2021-02-15,2029.15,2028.92
30,32,2021-02-16,2028.9,2025.4
31,33,2021-02-17,2027.67,2029.55
32,34,2021-02-18,2029.41,2027.18
33,35,2021-02-19,2028.03,2028.04
34,36,2021-02-22,2027.09,2030.74
35,37,2021-02-23,2030.39,2029.05
36,38,2021-02-24,2029.04,2025.13
37,39,2021-02-25,2023.77,2019.07
38,40,2021-02-26,2019.33,2016.19
39,41,2021-03-01,2017.5,2018.72
40,42,2021-03-02,2018.74,2018.44
41,43,2021-03-03,2018.36,2015.55
42,44,2021-03-04,2015.26,2014.35
43,45,2021-03-05,2012.1,2013.29
44,46,2021-03-08,2012.39,2012.68
45,47,2021-03-09,2014.45,2015.22
46,48,2021-03-10,2015.23,2016.38
47,49,2021-03-11,2019.13,2017.6
48,50,2021-03-12,2017.41,2014.0
49,51,2021-03-15,2015.99,2016.77
50,52,2021-03-16,2017.79,2017.69
51,53,2021-03-17,2017.31,2019.13
52,54,2021-03-18,2018.4,2016.35
53,55,2021-03-19,2018.73,2018.41
54,56,2021-03-22,2021.06,2020.35
55,57,2021-03-23,2022.93,2019.33
56,58,2021-03-24,2019.51,2018.9
57,59,2021-03-25,2019.3,2022.7
58,60,2021-03-26,2020.63,2021.4
59,61,2021-03-29,2022.27,2019.24
60,62,2021-03-30,2015.98,2013.68
61,63,2021-03-31,2014.17,2015.88
62,64,2021-04-01,2016.87,2014.26
63,67,2021-04-06,2014.37,2016.16
64,68,2021-04-07,2017.91,2017.15
65,69,2021-04-08,2017.13,2018.35
66,70,2021-04-09,2016.47,2017.41
67,71,2021-04-12,2018.73,2018.84
68,72,2021-04-13,2019.84,2021.71
69,73,2021-04-14,2022.67,2022.67
70,74,2021-04-15,2022.71,2024.6
71,75,2021-04-16,2023.4,2023.49
72,76,2021-04-19,2023.74,2021.51
73,77,2021-04-20,2020.42,2018.58
74,78,2021-04-21,2018.38,2018.38
75,79,2021-04-22,2018.79,2018.54
76,80,2021-04-23,2018.58,2019.29
77,81,2021-04-26,2019.62,2020.08
78,82,2021-04-27,2021.01,2021.49
79,83,2021-04-28,2021.31,2020.8
80,84,2021-04-29,2019.75,2019.54
81,85,2021-04-30,2013.37,2011.25
82,87,2021-05-04,2011.52,2014.07
83,88,2021-05-05,2013.92,2014.63
84,89,2021-05-06,2013.65,2013.51
85,90,2021-05-07,2013.32,2013.43
86,91,2021-05-10,2012.79,2011.11
87,92,2021-05-11,2006.71,2002.04
88,93,2021-05-12,2003.48,2000.18
89,94,2021-05-13,1998.16,1992.8
90,95,2021-05-14,1993.69,1993.49
91,96,2021-05-17,1988.18,1986.71
92,97,2021-05-18,1986.82,1989.26
93,98,2021-05-19,1987.11,1993.61
94,99,2021-05-20,1996.23,1994.88
95,100,2021-05-21,1997.02,1997.43
96,101,2021-05-24,1998.08,2000.13
97,102,2021-05-25,2002.12,2002.63
98,103,2021-05-26,2004.46,2002.31
99,104,2021-05-27,2002.54,1993.28
100,105,2021-05-28,1993.68,1994.23
101,106,2021-05-31,1993.28,1996.35
102,107,2021-06-01,1995.41,1995.41
103,108,2021-06-02,1994.98,1995.77
104,110,2021-06-04,1996.09,1996.71
105,111,2021-06-07,1996.66,1995.13
106,112,2021-06-08,1995.87,1994.52
107,113,2021-06-09,1993.43,1994.71
108,114,2021-06-10,1996.64,1999.8
109,115,2021-06-11,2001.87,2002.55
110,116,2021-06-14,2003.42,2002.95
111,117,2021-06-15,2002.67,2002.55
112,118,2021-06-16,2001.93,2002.34
113,119,2021-06-17,1997.87,1998.07
114,120,2021-06-18,1999.06,1998.58
115,121,2021-06-21,1999.82,1997.46
116,122,2021-06-22,1995.68,1994.5
117,123,2021-06-23,1994.55,1994.9
118,124,2021-06-24,1994.55,1994.36
119,125,2021-06-25,1994.53,1991.18
120,126,2021-06-28,1990.12,1990.35
121,127,2021-06-29,1991.69,1991.96
122,128,2021-06-30,1994.55,2001.97
123,129,2021-07-01,2001.92,2003.73
124,130,2021-07-02,2003.18,1999.74
125,131,2021-07-05,1997.33,1995.78
126,132,2021-07-06,1996.47,1999.46
127,133,2021-07-07,2001.04,2002.16
128,134,2021-07-08,2006.55,2002.19
129,135,2021-07-09,1999.71,2001.2
130,136,2021-07-12,2000.95,2002.17
131,137,2021-07-13,2001.77,2002.86
132,138,2021-07-14,2001.28,2003.05
133,139,2021-07-15,2005.22,2005.2
134,140,2021-07-16,2005.58,2005.52
135,141,2021-07-19,2007.49,2016.99
136,142,2021-07-20,2017.99,2018.02
137,143,2021-07-21,2016.3,2014.65
138,144,2021-07-22,2014.26,2014.32
139,145,2021-07-23,2015.1,2016.2
140,146,2021-07-26,2018.46,2016.28
141,147,2021-07-27,2019.26,2019.11
142,148,2021-07-28,2019.17,2017.16
143,149,2021-07-29,2018.44,2013.6
144,150,2021-07-30,2013.36,2013.59
145,151,2021-08-02,2015.08,2016.96
146,152,2021-08-03,2016.65,2016.67
147,153,2021-08-04,2015.79,2011.46
148,154,2021-08-05,2013.64,2011.42
149,155,2021-08-06,2009.56,2008.5
150,156,2021-08-09,2008.95,2008.82
151,157,2021-08-10,2006.77,2007.07
152,158,2021-08-11,2004.97,2006.87
153,159,2021-08-12,2009.86,2008.1
154,160,2021-08-13,2008.43,2008.74
155,161,2021-08-16,2010.34,2013.52
156,162,2021-08-17,2015.46,2013.83
157,163,2021-08-18,2013.96,2014.67
158,164,2021-08-19,2015.49,2015.09
159,165,2021-08-20,2016.09,2016.14
160,166,2021-08-23,2015.08,2014.19
161,167,2021-08-24,2013.65,2013.3
162,168,2021-08-25,2012.71,2011.75
163,169,2021-08-26,2010.46,2010.14
164,170,2021-08-27,2010.33,2011.06
165,171,2021-08-30,2011.43,2011.61
166,172,2021-08-31,2011.82,2008.37
167,173,2021-09-01,2005.51,2004.74
168,174,2021-09-02,2004.38,2001.53
169,175,2021-09-03,2000.26,2000.25
170,176,2021-09-06,2000.03,2000.13
171,177,2021-09-07,1998.69,1996.45
172,178,2021-09-08,1998.11,1996.17
173,179,2021-09-09,1999.36,2001.53
174,180,2021-09-10,1998.65,1999.96
175,181,2021-09-13,1997.27,1997.86
176,182,2021-09-14,1996.3,1997.17
177,183,2021-09-15,1998.72,1997.32
178,184,2021-09-16,1996.29,1995.11
179,185,2021-09-17,1995.98,1993.61
180,186,2021-09-20,1995.45,1997.05
181,187,2021-09-21,1996.6,1999.17
182,188,2021-09-22,1998.16,1998.74
183,189,2021-09-23,1997.01,1995.11
184,190,2021-09-24,1992.71,1994.13
185,191,2021-09-27,1995.64,1992.95
186,192,2021-09-28,1992.77,1989.59
187,193,2021-09-29,1991.9,1990.37
188,194,2021-09-30,1988.33,1986.22
189,195,2021-10-01,1986.32,1981.39
190,196,2021-10-04,1981.45,1974.96
191,197,2021-10-05,1975.81,1975.92
192,198,2021-10-06,1974.58,1974.24
193,199,2021-10-07,1968.1,1960.22
194,200,2021-10-08,1960.34,1955.51
195,201,2021-10-11,1952.81,1949.41
196,202,2021-10-12,1949.53,1948.29
197,203,2021-10-13,1944.36,1944.19
198,204,2021-10-14,1944.71,1945.16
199,205,2021-10-15,1942.54,1940.48
200,206,2021-10-18,1935.65,1931.82
201,207,2021-10-19,1932.76,1933.22
202,208,2021-10-20,1932.2,1935.74
203,209,2021-10-21,1935.5,1933.4
204,210,2021-10-22,1931.36,1928.32
205,211,2021-10-25,1927.83,1924.3
206,212,2021-10-26,1924.41,1924.96
207,213,2021-10-27,1927.31,1931.29
208,214,2021-10-28,1928.82,1928.5
209,215,2021-10-29,1923.3,1922.89
210,217,2021-11-02,1922.85,1922.85
211,218,2021-11-03,1918.0,1918.0
212,219,2021-11-04,1918.35,1918.26
213,220,2021-11-05,1916.05,1906.14
214,221,2021-11-08,1904.66,1902.48
215,222,2021-11-09,1902.72,1900.55
216,223,2021-11-10,1894.6,1890.95
217,225,2021-11-12,1890.89,1890.46
218,226,2021-11-15,1890.53,1879.36
219,227,2021-11-16,1879.1,1879.2
220,228,2021-11-17,1882.86,1882.29
221,229,2021-11-18,1882.67,1882.49
222,230,2021-11-19,1864.7,1866.84
223,231,2021-11-22,1868.16,1868.25
224,232,2021-11-23,1867.49,1857.79
225,233,2021-11-24,1852.13,1853.07
226,234,2021-11-25,1854.57,1855.46
227,235,2021-11-26,1867.23,1874.85
228,236,2021-11-29,1874.97,1872.28
229,238,2021-12-01,1876.11,1872.13
230,239,2021-12-02,1871.22,1865.0
231,240,2021-12-03,1864.85,1865.54
232,241,2021-12-06,1867.65,1871.79
233,242,2021-12-07,1871.91,1876.49
234,243,2021-12-08,1877.53,1877.53
235,244,2021-12-09,1877.88,1877.8
236,245,2021-12-10,1874.36,1872.8
237,246,2021-12-13,1873.58,1876.13
238,247,2021-12-14,1875.45,1872.73
239,248,2021-12-15,1871.17,1870.59
240,249,2021-12-16,1874.59,1874.56
241,250,2021-12-17,1877.46,1877.46
242,251,2021-12-20,1877.58,1866.83
243,252,2021-12-21,1854.09,1850.71
244,253,2021-12-22,1848.84,1847.35
245,254,2021-12-23,1846.07,1844.89
246,256,2021-12-27,1844.36,1844.27
247,257,2021-12-28,1844.3,1846.79
248,258,2021-12-29,1844.47,1835.59
249,259,2021-12-30,1834.9,1836.74
0,0,2023-01-02,1747.1,1752.6
1,1,2023-01-03,1754.2,1763.15
2,2,2023-01-04,1775.62,1776.0
3,3,2023-01-05,1777.1,1790.73
4,5,2023-01-09,1812.9,1812.27
5,6,2023-01-10,1808.44,1800.72
6,7,2023-01-11,1806.94,1808.4
7,8,2023-01-12,1813.72,1810.47
8,9,2023-01-13,1812.08,1804.19
9,10,2023-01-16,1795.37,1802.38
10,11,2023-01-17,1800.93,1804.65
11,12,2023-01-18,1808.85,1817.76
12,13,2023-01-19,1812.15,1811.78
13,14,2023-01-20,1804.94,1806.78
14,15,2023-01-23,1809.2,1803.89
15,16,2023-01-24,1801.27,1802.72
16,17,2023-01-25,1809.87,1811.49
17,18,2023-01-26,1811.96,1815.04
18,19,2023-01-27,1810.29,1817.58
19,20,2023-01-30,1815.04,1811.27
20,21,2023-01-31,1809.98,1806.67
21,22,2023-02-01,1811.54,1810.75
22,23,2023-02-02,1818.32,1824.26
23,24,2023-02-03,1830.35,1827.31
24,25,2023-02-06,1819.82,1815.59
25,26,2023-02-07,1813.82,1803.64
26,27,2023-02-08,1808.49,1809.93
27,28,2023-02-09,1814.46,1817.16
28,29,2023-02-10,1807.49,1804.46
29,30,2023-02-13,1798.89,1800.74
30,31,2023-02-14,1803.3,1800.85
31,32,2023-02-15,1795.39,1802.06
32,33,2023-02-16,1798.82,1789.54
33,34,2023-02-17,1783.51,1783.94
34,35,2023-02-20,1787.62,1780.49
35,36,2023-02-21,1774.11,1771.54
36,37,2023-02-22,1775.0,1779.45
37,38,2023-02-23,1778.77,1781.63
38,39,2023-02-24,1789.05,1783.55
39,40,2023-02-27,1782.36,1784.63
40,41,2023-02-28,1781.63,1787.57
41,42,2023-03-01,1783.67,1787.04
42,43,2023-03-02,1784.53,1778.39
43,44,2023-03-03,1783.02,1785.8
44,45,2023-03-06,1790.39,1791.65
45,46,2023-03-07,1796.0,1794.78
46,47,2023-03-08,1798.33,1800.26
47,48,2023-03-09,1800.15,1803.26
48,49,2023-03-10,1808.43,1810.12
49,50,2023-03-13,1817.62,1821.18
50,51,2023-03-14,1818.53,1812.08
51,52,2023-03-15,1810.28,1818.46
52,53,2023-03-16,1819.02,1825.28
53,54,2023-03-17,1822.28,1827.44
54,55,2023-03-20,1834.11,1830.62
55,56,2023-03-21,1827.13,1826.06
56,57,2023-03-22,1823.74,1824.8
57,58,2023-03-23,1831.28,1827.28
58,59,2023-03-24,1831.77,1827.3
59,60,2023-03-27,1820.0,1821.23
60,61,2023-03-28,1820.8,1820.38
61,62,2023-03-29,1821.74,1821.52
62,63,2023-03-30,1824.6,1822.46
63,64,2023-03-31,1824.22,1824.34
64,65,2023-04-03,1820.32,1824.42
65,66,2023-04-04,1823.66,1822.42
66,67,2023-04-05,1824.26,1823.6
67,68,2023-04-06,1826.09,1824.34
68,71,2023-04-11,1821.96,1820.21
69,72,2023-04-12,1819.8,1818.49
70,73,2023-04-13,1817.61,1817.83
71,74,2023-04-14,1818.13,1819.32
72,75,2023-04-17,1818.66,1819.66
73,76,2023-04-18,1817.42,1821.52
74,77,2023-04-19,1821.77,1820.06
75,78,2023-04-20,1821.64,1823.42
76,79,2023-04-21,1826.37,1826.53
77,80,2023-04-24,1829.04,1830.36
78,81,2023-04-25,1835.37,1836.4
79,82,2023-04-26,1838.39,1834.61
80,83,2023-04-27,1837.29,1834.91
81,84,2023-04-28,1837.41,1841.18
82,86,2023-05-02,1838.35,1845.31
83,88,2023-05-04,1844.77,1849.33
84,89,2023-05-05,1849.61,1849.22
85,90,2023-05-08,1848.21,1849.68
86,91,2023-05-09,1852.33,1848.83
87,92,2023-05-10,1848.97,1851.55
88,93,2023-05-11,1856.25,1856.46
89,94,2023-05-12,1854.44,1856.04
90,95,2023-05-15,1848.88,1848.31
91,96,2023-05-16,1847.41,1842.81
92,97,2023-05-17,1843.11,1843.86
93,98,2023-05-18,1841.12,1840.46
94,99,2023-05-19,1841.64,1841.84
95,100,2023-05-22,1842.29,1838.93
96,101,2023-05-23,1837.35,1836.69
97,102,2023-05-24,1837.24,1837.92
98,103,2023-05-25,1835.93,1833.65
99,104,2023-05-26,1831.45,1833.61
100,105,2023-05-29,1835.5,1839.46
101,106,2023-05-30,1842.89,1842.11
102,107,2023-05-31,1844.58,1844.61
103,108,2023-06-01,1844.6,1849.99
104,109,2023-06-02,1849.12,1849.07
105,110,2023-06-05,1847.97,1852.49
106,111,2023-06-06,1855.39,1852.58
107,112,2023-06-07,1854.57,1852.99
108,114,2023-06-09,1853.36,1855.54
109,115,2023-06-12,1853.03,1854.93
110,116,2023-06-13,1857.19,1853.25
111,117,2023-06-14,1853.11,1850.68
112,118,2023-06-15,1847.8,1848.9
113,119,2023-06-16,1847.23,1848.99
114,120,2023-06-19,1850.53,1850.58
115,121,2023-06-20,1852.65,1853.54
116,122,2023-06-21,1853.05,1853.69
117,123,2023-06-22,1856.29,1857.36
118,124,2023-06-23,1860.4,1861.62
0,0,2022-01-03,1832.64,1832.08
1,1,2022-01-04,1831.44,1831.44
2,2,2022-01-05,1832.09,1829.71
3,4,2022-01-07,1829.64,1824.84
4,5,2022-01-10,1822.0,1823.16
5,6,2022-01-11,1828.75,1828.66
6,7,2022-01-12,1826.02,1835.55
7,8,2022-01-13,1833.64,1840.63
8,9,2022-01-14,1839.41,1838.63
9,10,2022-01-17,1837.72,1837.47
10,11,2022-01-18,1834.88,1834.65
11,12,2022-01-19,1805.1,1840.31
12,13,2022-01-20,1843.76,1846.08
13,14,2022-01-21,1850.89,1850.8
14,15,2022-01-24,1846.83,1841.24
15,16,2022-01-25,1837.33,1846.32
16,17,2022-01-26,1841.64,1842.2
17,18,2022-01-27,1836.81,1836.18
18,19,2022-01-28,1834.24,1833.62
19,20,2022-01-31,1833.64,1828.17
20,21,2022-02-01,1825.37,1828.82
21,22,2022-02-02,1831.83,1831.42
22,23,2022-02-03,1830.52,1829.31
23,24,2022-02-04,1833.59,1840.16
24,25,2022-02-07,1838.11,1840.02
25,26,2022-02-08,1841.25,1840.9
26,27,2022-02-09,1845.89,1839.24
27,28,2022-02-10,1837.41,1837.46
28,29,2022-02-11,1836.98,1836.63
29,30,2022-02-14,1835.13,1829.07
30,31,2022-02-15,1828.77,1835.67
31,32,2022-02-16,1837.58,1839.04
32,33,2022-02-17,1836.98,1841.26
33,34,2022-02-18,1840.86,1844.37
34,35,2022-02-21,1840.42,1845.85
35,36,2022-02-22,1842.91,1840.87
36,37,2022-02-23,1838.43,1838.28
37,38,2022-02-24,1834.39,1828.16
38,39,2022-02-25,1826.66,1829.77
39,40,2022-02-28,1827.83,1822.5
40,41,2022-03-01,1827.93,1829.15
41,42,2022-03-02,1831.79,1826.94
42,43,2022-03-03,1821.77,1822.77
43,44,2022-03-04,1819.05,1805.81
44,46,2022-03-08,1778.53,1780.6
45,47,2022-03-09,1780.72,1765.98
46,48,2022-03-10,1763.59,1753.53
47,49,2022-03-11,1753.16,1755.42
48,50,2022-03-14,1750.91,1745.29
49,51,2022-03-15,1744.42,1758.05
50,52,2022-03-16,1756.84,1768.63
51,53,2022-03-17,1773.43,1771.77
52,54,2022-03-18,1773.4,1772.99
53,55,2022-03-21,1770.22,1759.68
54,56,2022-03-22,1759.38,1749.98
55,57,2022-03-23,1746.81,1747.5
56,58,2022-03-24,1743.77,1734.22
57,59,2022-03-25,1738.33,1731.97
58,60,2022-03-28,1727.73,1724.49
59,61,2022-03-29,1723.99,1743.78
60,62,2022-03-30,1743.9,1743.83
61,63,2022-03-31,1751.14,1746.17
62,64,2022-04-01,1741.34,1736.57
63,65,2022-04-04,1736.05,1734.22
64,66,2022-04-05,1730.75,1732.51
65,67,2022-04-06,1724.49,1720.28
66,68,2022-04-07,1724.32,1703.66
67,69,2022-04-08,1703.96,1688.96
68,70,2022-04-11,1689.08,1677.04
69,71,2022-04-12,1677.16,1683.69
70,72,2022-04-13,1684.33,1703.13
71,73,2022-04-14,1711.37,1698.64
72,76,2022-04-19,1690.87,1679.44
73,77,2022-04-20,1682.65,1690.83
74,78,2022-04-21,1687.88,1688.19
75,79,2022-04-22,1677.32,1678.24
76,80,2022-04-25,1692.42,1686.39
77,81,2022-04-26,1691.67,1695.8
78,82,2022-04-27,1692.44,1688.01
79,83,2022-04-28,1694.83,1686.29
80,84,2022-04-29,1677.84,1678.03
81,85,2022-05-02,1675.63,1674.18
82,87,2022-05-04,1668.89,1666.95
83,88,2022-05-05,1669.28,1669.42
84,89,2022-05-06,1662.45,1660.84
85,90,2022-05-09,1657.02,1653.27
86,91,2022-05-10,1650.31,1654.61
87,92,2022-05-11,1660.91,1657.88
88,93,2022-05-12,1663.42,1673.59
89,94,2022-05-13,1674.0,1670.5
90,95,2022-05-16,1670.14,1679.31
91,96,2022-05-17,1679.88,1685.01
92,97,2022-05-18,1688.72,1684.49
93,98,2022-05-19,1689.57,1691.2
94,99,2022-05-20,1688.96,1692.39
95,100,2022-05-23,1697.24,1691.21
96,101,2022-05-24,1688.27,1689.72
97,102,2022-05-25,1691.54,1689.79
98,103,2022-05-26,1690.84,1685.84
99,104,2022-05-27,1686.23,1682.16
100,105,2022-05-30,1677.13,1683.93
101,106,2022-05-31,1683.83,1682.22
102,107,2022-06-01,1680.67,1687.21
103,108,2022-06-02,1684.94,1680.96
104,109,2022-06-03,1680.67,1678.35
105,110,2022-06-06,1678.51,1680.11
106,111,2022-06-07,1681.14,1681.19
107,112,2022-06-08,1678.27,1672.6
108,113,2022-06-09,1673.48,1667.93
109,114,2022-06-10,1667.58,1656.14
110,115,2022-06-13,1656.26,1632.01
111,116,2022-06-14,1632.36,1627.4
112,117,2022-06-15,1625.31,1619.32
113,119,2022-06-17,1618.37,1618.22
114,120,2022-06-20,1616.1,1604.37
115,121,2022-06-21,1604.5,1624.86
116,122,2022-06-22,1625.18,1649.75
117,123,2022-06-23,1650.11,1667.92
118,124,2022-06-24,1668.13,1664.15
119,125,2022-06-27,1657.24,1646.36
120,127,2022-06-29,1659.08,1654.81
121,128,2022-06-30,1662.52,1665.87
122,129,2022-07-01,1676.39,1690.1
123,130,2022-07-04,1683.36,1683.89
124,131,2022-07-05,1684.43,1674.76
125,132,2022-07-06,1671.84,1672.57
126,133,2022-07-07,1666.96,1671.97
127,134,2022-07-08,1673.51,1678.9
128,135,2022-07-11,1687.84,1691.72
129,136,2022-07-12,1677.87,1680.42
130,137,2022-07-13,1676.12,1667.95
131,138,2022-07-14,1668.29,1667.38
132,139,2022-07-15,1677.62,1676.22
133,140,2022-07-18,1685.33,1682.64
134,141,2022-07-19,1681.09,1684.85
135,142,2022-07-20,1687.41,1690.45
136,143,2022-07-21,1693.2,1714.56
137,144,2022-07-22,1714.81,1721.09
138,145,2022-07-25,1736.77,1735.06
139,146,2022-07-26,1738.56,1742.63
140,147,2022-07-27,1738.32,1736.27
141,148,2022-07-28,1735.14,1736.79
142,149,2022-07-29,1734.08,1749.44
143,150,2022-08-01,1754.87,1759.87
144,151,2022-08-02,1762.19,1749.26
145,152,2022-08-03,1731.07,1734.08
146,153,2022-08-04,1737.7,1745.28
147,154,2022-08-05,1748.94,1754.42
148,155,2022-08-08,1761.83,1756.91
149,156,2022-08-09,1755.69,1751.82
150,157,2022-08-10,1755.13,1760.43
151,158,2022-08-11,1760.13,1767.45
152,159,2022-08-12,1762.56,1771.68
153,161,2022-08-16,1770.2,1762.47
154,162,2022-08-17,1753.34,1750.23
155,163,2022-08-18,1745.24,1745.72
156,164,2022-08-19,1734.02,1736.4
157,165,2022-08-22,1737.26,1726.74
158,166,2022-08-23,1723.26,1718.47
159,167,2022-08-24,1712.43,1714.18
160,168,2022-08-25,1719.88,1719.88
161,169,2022-08-26,1722.2,1717.92
162,170,2022-08-29,1709.94,1709.99
163,171,2022-08-30,1712.43,1723.11
164,172,2022-08-31,1729.02,1720.32
165,173,2022-09-01,1718.74,1721.57
166,174,2022-09-02,1722.68,1732.68
167,175,2022-09-05,1728.96,1727.59
168,176,2022-09-06,1724.88,1726.08
169,177,2022-09-07,1726.66,1733.04
170,178,2022-09-08,1730.89,1736.86
171,179,2022-09-09,1732.65,1739.86
172,180,2022-09-12,1742.56,1748.13
173,181,2022-09-13,1747.07,1748.11
174,182,2022-09-14,1745.37,1738.51
175,183,2022-09-15,1735.77,1734.91
176,184,2022-09-16,1726.78,1732.51
177,185,2022-09-19,1733.73,1732.52
178,186,2022-09-20,1728.16,1733.14
179,187,2022-09-21,1739.18,1736.95
180,188,2022-09-22,1734.33,1731.5
181,189,2022-09-23,1732.92,1723.76
182,190,2022-09-26,1710.31,1704.71
183,191,2022-09-27,1702.09,1701.53
184,192,2022-09-28,1699.73,1691.86
185,193,2022-09-29,1684.8,1679.65
186,194,2022-09-30,1685.08,1684.12
187,195,2022-10-03,1680.64,1690.03
188,196,2022-10-04,1701.42,1695.93
189,197,2022-10-05,1694.0,1692.33
190,198,2022-10-06,1691.9,1689.84
191,199,2022-10-07,1681.9,1678.25
192,200,2022-10-10,1680.72,1674.84
193,201,2022-10-11,1669.42,1655.12
194,202,2022-10-12,1648.81,1636.88
195,203,2022-10-13,1634.39,1650.97
196,204,2022-10-14,1667.7,1655.32
197,205,2022-10-17,1652.91,1643.2
198,206,2022-10-18,1643.33,1627.21
199,207,2022-10-19,1624.03,1616.67
200,208,2022-10-20,1611.56,1607.98
201,209,2022-10-21,1608.06,1598.49
202,210,2022-10-24,1598.87,1623.58
203,211,2022-10-25,1639.25,1641.26
204,212,2022-10-26,1644.69,1646.57
205,213,2022-10-27,1647.03,1649.08
206,214,2022-10-28,1648.38,1641.02
207,215,2022-10-31,1629.19,1625.07
208,217,2022-11-02,1624.1,1628.98
209,218,2022-11-03,1611.13,1632.67
210,219,2022-11-04,1638.48,1640.01
211,220,2022-11-07,1638.73,1651.47
212,221,2022-11-08,1650.74,1659.65
213,222,2022-11-09,1670.02,1669.63
214,223,2022-11-10,1683.45,1695.73
215,225,2022-11-14,1708.62,1701.09
216,226,2022-11-15,1699.8,1712.78
217,227,2022-11-16,1703.4,1713.4
218,228,2022-11-17,1713.17,1703.95
219,229,2022-11-18,1697.33,1709.41
220,230,2022-11-21,1711.26,1710.04
221,231,2022-11-22,1714.51,1725.29
222,232,2022-11-23,1714.37,1722.85
223,233,2022-11-24,1735.26,1733.89
224,234,2022-11-25,1727.76,1718.86
225,235,2022-11-28,1724.73,1724.97
226,236,2022-11-29,1735.59,1729.01
227,237,2022-11-30,1729.57,1737.14
228,238,2022-12-01,1749.7,1750.05
229,239,2022-12-02,1751.86,1750.7
230,240,2022-12-05,1751.03,1735.0
231,241,2022-12-06,1732.49,1739.77
232,242,2022-12-07,1741.78,1747.91
233,243,2022-12-08,1751.81,1753.15
234,244,2022-12-09,1751.83,1753.95
235,245,2022-12-12,1750.62,1747.16
236,246,2022-12-13,1740.89,1751.66
237,247,2022-12-14,1756.45,1755.77
238,248,2022-12-15,1754.99,1752.65
239,249,2022-12-16,1744.77,1741.38
240,250,2022-12-19,1740.43,1735.19
241,251,2022-12-20,1733.12,1739.8
242,252,2022-12-21,1741.42,1750.84
243,253,2022-12-22,1756.89,1746.31
244,254,2022-12-23,1746.16,1744.19
245,256,2022-12-27,1745.04,1744.61
246,257,2022-12-28,1746.14,1746.12
247,258,2022-12-29,1739.75,1740.56
248,259,2022-12-30,1742.28,1744.32
0,1,2019-01-02,1844.44,1844.44
1,2,2019-01-03,1844.62,1841.91
2,3,2019-01-04,1841.79,1838.68
3,4,2019-01-07,1839.13,1838.53
4,5,2019-01-08,1837.35,1835.97
5,6,2019-01-09,1834.84,1835.47
6,7,2019-01-10,1835.58,1838.17
7,8,2019-01-11,1840.04,1843.86
8,9,2019-01-14,1845.72,1846.05
9,10,2019-01-15,1845.7,1847.03
10,11,2019-01-16,1844.75,1842.5
11,12,2019-01-17,1844.68,1841.45
12,13,2019-01-18,1840.03,1840.22
13,14,2019-01-21,1840.35,1839.91
14,15,2019-01-22,1840.76,1840.57
15,16,2019-01-23,1841.62,1841.56
16,17,2019-01-24,1840.01,1843.49
17,18,2019-01-25,1843.89,1843.51
18,19,2019-01-28,1843.18,1844.3
19,20,2019-01-29,1844.88,1845.98
20,21,2019-01-30,1845.51,1845.82
21,22,2019-01-31,1848.75,1849.08
22,23,2019-02-01,1848.81,1847.32
23,24,2019-02-04,1845.41,1844.8
24,25,2019-02-05,1845.49,1846.71
25,26,2019-02-06,1847.98,1847.15
26,27,2019-02-07,1848.22,1847.84
27,28,2019-02-08,1848.2,1848.93
28,29,2019-02-11,1848.95,1847.92
29,30,2019-02-12,1847.4,1847.91
30,31,2019-02-13,1848.74,1848.57
31,32,2019-02-14,1849.64,1850.0
32,33,2019-02-15,1850.61,1850.11
33,34,2019-02-18,1849.97,1850.0
34,35,2019-02-19,1849.97,1850.65
35,36,2019-02-20,1851.65,1853.42
36,37,2019-02-21,1852.79,1851.71
37,38,2019-02-22,1852.48,1852.05
38,39,2019-02-25,1845.99,1844.35
39,40,2019-02-26,1844.88,1845.28
40,41,2019-02-27,1842.43,1842.43
41,42,2019-02-28,1842.87,1839.78
42,43,2019-03-01,1840.03,1839.19
43,44,2019-03-04,1839.47,1840.7
44,45,2019-03-05,1840.39,1841.91
45,46,2019-03-06,1843.06,1844.09
46,47,2019-03-07,1843.84,1848.0
47,48,2019-03-08,1847.71,1847.4
48,49,2019-03-11,1847.1,1846.24
49,50,2019-03-12,1845.21,1846.55
50,51,2019-03-13,1847.21,1847.69
51,52,2019-03-14,1846.42,1846.67
52,53,2019-03-15,1847.01,1846.33
53,54,2019-03-18,1846.16,1846.8
54,55,2019-03-19,1847.09,1846.11
55,56,2019-03-20,1846.48,1846.92
56,57,2019-03-21,1849.44,1847.31
57,58,2019-03-22,1847.51,1850.77
58,59,2019-03-25,1850.33,1850.2
59,60,2019-03-26,1850.3,1848.93
60,61,2019-03-27,1849.12,1851.05
61,62,2019-03-28,1852.47,1851.49
62,63,2019-03-29,1851.5,1850.39
63,64,2019-04-01,1849.29,1848.69
64,65,2019-04-02,1848.52,1849.2
65,66,2019-04-03,1847.7,1847.88
66,67,2019-04-04,1848.45,1847.17
67,68,2019-04-05,1846.67,1847.79
68,69,2019-04-08,1848.15,1847.75
69,70,2019-04-09,1848.42,1848.59
70,71,2019-04-10,1848.99,1849.82
71,72,2019-04-11,1849.42,1849.56
72,73,2019-04-12,1849.83,1849.17
73,74,2019-04-15,1848.73,1850.51
74,75,2019-04-16,1851.72,1851.6
75,76,2019-04-17,1851.0,1851.46
76,77,2019-04-18,1852.12,1851.52
77,80,2019-04-23,1851.17,1850.88
78,81,2019-04-24,1851.21,1851.44
79,82,2019-04-25,1851.3,1849.98
80,83,2019-04-26,1850.53,1850.47
81,84,2019-04-29,1849.74,1848.76
82,85,2019-04-30,1848.33,1843.58
83,87,2019-05-02,1843.31,1842.16
84,89,2019-05-06,1842.71,1843.24
85,90,2019-05-07,1843.48,1845.44
86,91,2019-05-08,1845.79,1847.31
87,92,2019-05-09,1848.07,1848.91
88,93,2019-05-10,1849.54,1849.89
89,94,2019-05-13,1850.43,1853.55
90,95,2019-05-14,1852.32,1852.95
91,96,2019-05-15,1853.95,1854.21
92,97,2019-05-16,1853.13,1851.22
93,98,2019-05-17,1850.64,1851.3
94,99,2019-05-20,1851.17,1851.07
95,100,2019-05-21,1850.47,1850.86
96,101,2019-05-22,1850.69,1852.66
97,102,2019-05-23,1853.92,1856.01
98,103,2019-05-24,1856.3,1855.31
99,104,2019-05-27,1857.01,1857.01
100,105,2019-05-28,1857.92,1858.18
101,106,2019-05-29,1859.06,1860.48
102,107,2019-05-30,1859.93,1861.17
103,108,2019-05-31,1862.25,1865.17
104,109,2019-06-03,1866.67,1867.0
105,110,2019-06-04,1865.98,1867.56
106,111,2019-06-05,1868.38,1871.84
107,112,2019-06-06,1873.09,1874.79
108,113,2019-06-07,1874.98,1875.24
109,114,2019-06-10,1874.84,1872.88
110,115,2019-06-11,1873.64,1870.99
111,116,2019-06-12,1871.53,1872.23
112,117,2019-06-13,1873.81,1876.33
113,118,2019-06-14,1878.16,1879.16
114,119,2019-06-17,1878.46,1877.52
115,120,2019-06-18,1877.93,1881.02
116,121,2019-06-19,1881.27,1880.55
117,123,2019-06-21,1882.12,1879.48
118,124,2019-06-24,1879.79,1881.11
119,125,2019-06-25,1882.97,1883.59
120,126,2019-06-26,1882.82,1881.49
121,127,2019-06-27,1879.91,1880.55
122,128,2019-06-28,1879.02,1878.94
123,129,2019-07-01,1879.84,1881.39
124,130,2019-07-02,1882.08,1881.95
125,131,2019-07-03,1884.48,1884.89
126,132,2019-07-04,1885.03,1887.45
127,133,2019-07-05,1887.51,1886.18
128,134,2019-07-08,1887.47,1889.39
129,135,2019-07-09,1889.02,1891.7
130,136,2019-07-10,1889.83,1889.35
131,137,2019-07-11,1889.12,1887.81
132,138,2019-07-12,1885.47,1885.37
133,139,2019-07-15,1885.62,1888.09
134,140,2019-07-16,1888.22,1887.48
135,141,2019-07-17,1889.05,1888.12
136,142,2019-07-18,1889.36,1890.17
137,143,2019-07-19,1891.28,1892.93
138,144,2019-07-22,1893.36,1894.47
139,145,2019-07-23,1895.04,1897.26
140,146,2019-07-24,1898.8,1902.14
141,147,2019-07-25,1904.06,1900.59
142,148,2019-07-26,1901.24,1899.21
143,149,2019-07-29,1899.24,1898.18
144,150,2019-07-30,1896.85,1894.52
145,151,2019-07-31,1894.33,1895.53
146,152,2019-08-01,1893.32,1895.45
147,153,2019-08-02,1899.58,1900.48
148,154,2019-08-05,1902.66,1903.74
149,155,2019-08-06,1902.91,1900.06
150,156,2019-08-07,1901.09,1904.1
151,157,2019-08-08,1904.6,1904.6
152,158,2019-08-09,1905.04,1906.8
153,159,2019-08-12,1907.42,1907.98
154,160,2019-08-13,1909.86,1912.02
155,161,2019-08-14,1912.52,1918.12
156,163,2019-08-16,1919.01,1920.77
157,164,2019-08-19,1910.79,1910.79
158,165,2019-08-20,1913.33,1913.32
159,166,2019-08-21,1912.69,1908.63
160,167,2019-08-22,1907.33,1904.33
161,168,2019-08-23,1902.68,1905.05
162,169,2019-08-26,1908.1,1910.5
163,170,2019-08-27,1911.33,1916.7
164,171,2019-08-28,1919.18,1920.27
165,172,2019-08-29,1917.93,1915.02
166,173,2019-08-30,1911.6,1915.02
167,174,2019-09-02,1914.41,1914.2
168,175,2019-09-03,1915.99,1915.68
169,176,2019-09-04,1914.4,1912.01
170,177,2019-09-05,1911.58,1906.56
171,178,2019-09-06,1908.3,1906.04
172,179,2019-09-09,1903.52,1900.86
173,180,2019-09-10,1899.51,1897.05
174,181,2019-09-11,1895.44,1900.94
175,182,2019-09-12,1903.58,1905.38
176,183,2019-09-13,1901.81,1900.21
177,184,2019-09-16,1898.17,1899.96
178,185,2019-09-17,1899.29,1901.67
179,186,2019-09-18,1902.27,1904.14
180,187,2019-09-19,1901.9,1905.7
181,188,2019-09-20,1906.12,1906.63
182,189,2019-09-23,1905.79,1905.67
183,190,2019-09-24,1905.72,1905.73
184,191,2019-09-25,1907.26,1907.89
185,192,2019-09-26,1906.93,1908.72
186,193,2019-09-27,1909.8,1909.42
187,194,2019-09-30,1909.31,1910.01
188,195,2019-10-01,1907.78,1909.82
189,196,2019-10-02,1910.11,1910.03
190,197,2019-10-03,1911.9,1916.08
191,198,2019-10-04,1917.29,1917.61
192,199,2019-10-07,1918.86,1919.05
193,200,2019-10-08,1918.55,1918.64
194,201,2019-10-09,1917.92,1917.94
195,202,2019-10-10,1917.25,1915.19
196,203,2019-10-11,1916.23,1911.61
197,204,2019-10-14,1913.84,1912.47
198,205,2019-10-15,1912.94,1913.67
199,206,2019-10-16,1913.25,1910.84
200,207,2019-10-17,1911.72,1911.59
201,208,2019-10-18,1911.2,1910.43
202,209,2019-10-21,1909.46,1910.08
203,210,2019-10-22,1910.72,1913.39
204,211,2019-10-23,1914.72,1915.03
205,212,2019-10-24,1913.73,1914.89
206,213,2019-10-25,1914.32,1913.97
207,214,2019-10-28,1913.11,1912.24
208,215,2019-10-29,1913.48,1913.54
209,216,2019-10-30,1912.97,1913.02
210,217,2019-10-31,1915.58,1916.69
211,219,2019-11-04,1914.32,1917.13
212,220,2019-11-05,1915.22,1914.72
213,221,2019-11-06,1914.72,1914.11
214,222,2019-11-07,1914.34,1910.18
215,223,2019-11-08,1908.04,1906.47
216,225,2019-11-12,1910.64,1908.02
217,226,2019-11-13,1909.42,1911.1
218,227,2019-11-14,1912.55,1912.73
219,228,2019-11-15,1913.65,1909.79
220,229,2019-11-18,1909.07,1910.4
221,230,2019-11-19,1909.85,1909.33
222,231,2019-11-20,1913.36,1912.26
223,232,2019-11-21,1912.82,1911.39
224,233,2019-11-22,1911.03,1912.51
225,234,2019-11-25,1912.16,1913.07
226,235,2019-11-26,1913.7,1916.55
227,236,2019-11-27,1916.1,1917.21
228,237,2019-11-28,1918.27,1916.93
229,238,2019-11-29,1917.5,1916.89
230,239,2019-12-02,1913.41,1914.41
231,240,2019-12-03,1914.3,1917.9
232,241,2019-12-04,1917.67,1915.91
233,242,2019-12-05,1915.54,1916.04
234,243,2019-12-06,1916.74,1917.53
235,244,2019-12-09,1918.54,1919.08
236,245,2019-12-10,1917.81,1917.48
237,246,2019-12-11,1917.72,1917.7
238,247,2019-12-12,1918.56,1916.38
239,248,2019-12-13,1914.34,1916.13
240,249,2019-12-16,1916.01,1916.21
241,250,2019-12-17,1916.64,1916.97
242,251,2019-12-18,1916.95,1915.38
243,252,2019-12-19,1914.07,1913.08
244,253,2019-12-20,1913.06,1913.18
245,254,2019-12-23,1914.49,1913.92
246,258,2019-12-27,1915.1,1914.33
247,259,2019-12-30,1914.47,1912.18
0,2,2018-01-03,1757.64,1759.57
1,3,2018-01-04,1759.4,1762.68
2,4,2018-01-05,1762.58,1765.61
3,5,2018-01-08,1765.23,1764.76
4,6,2018-01-09,1763.64,1761.43
5,7,2018-01-10,1759.29,1759.31
6,8,2018-01-11,1761.89,1758.65
7,9,2018-01-12,1758.94,1760.16
8,10,2018-01-15,1760.71,1761.03
9,11,2018-01-16,1762.38,1762.72
10,12,2018-01-17,1762.04,1761.96
11,13,2018-01-18,1761.51,1760.81
12,14,2018-01-19,1761.48,1761.48
13,15,2018-01-22,1761.19,1761.15
14,16,2018-01-23,1762.64,1762.24
15,17,2018-01-24,1761.62,1760.1
16,18,2018-01-25,1760.95,1758.26
17,19,2018-01-26,1759.74,1756.01
18,20,2018-01-29,1754.17,1754.63
19,21,2018-01-30,1756.33,1755.9
20,22,2018-01-31,1757.64,1757.55
21,23,2018-02-01,1753.83,1757.84
22,24,2018-02-02,1757.46,1755.54
23,25,2018-02-05,1755.94,1756.87
24,26,2018-02-06,1757.29,1757.65
25,27,2018-02-07,1757.53,1757.11
26,28,2018-02-08,1756.72,1754.36
27,29,2018-02-09,1755.2,1755.97
28,30,2018-02-12,1754.78,1757.18
29,31,2018-02-13,1758.64,1758.47
30,32,2018-02-14,1758.95,1759.45
31,33,2018-02-15,1758.71,1760.4
32,34,2018-02-16,1760.27,1762.39
33,35,2018-02-19,1762.01,1760.21
34,36,2018-02-20,1758.73,1759.99
35,37,2018-02-21,1760.93,1761.49
36,38,2018-02-22,1761.5,1763.54
37,39,2018-02-23,1764.12,1765.05
38,40,2018-02-26,1764.96,1766.26
39,41,2018-02-27,1766.41,1767.48
40,42,2018-02-28,1767.68,1769.15
41,43,2018-03-01,1770.33,1772.47
42,44,2018-03-02,1772.96,1774.46
43,45,2018-03-05,1774.27,1772.22
44,46,2018-03-06,1771.54,1771.82
45,47,2018-03-07,1772.03,1773.82
46,48,2018-03-08,1776.88,1777.42
47,49,2018-03-09,1777.11,1774.9
48,50,2018-03-12,1774.81,1775.68
49,51,2018-03-13,1774.92,1774.02
50,52,2018-03-14,1774.54,1776.62
51,53,2018-03-15,1777.02,1780.06
52,54,2018-03-16,1780.25,1781.01
53,55,2018-03-19,1780.2,1779.97
54,56,2018-03-20,1779.26,1777.11
55,57,2018-03-21,1777.43,1774.68
56,58,2018-03-22,1778.23,1781.27
57,59,2018-03-23,1781.21,1782.07
58,60,2018-03-26,1782.12,1782.48
59,61,2018-03-27,1782.8,1783.08
60,62,2018-03-28,1784.52,1784.03
61,63,2018-03-29,1784.23,1786.13
62,66,2018-04-03,1786.37,1786.13
63,67,2018-04-04,1785.58,1789.85
64,68,2018-04-05,1789.75,1789.75
65,69,2018-04-06,1790.38,1791.73
66,70,2018-04-09,1792.48,1794.57
67,71,2018-04-10,1794.98,1794.67
68,72,2018-04-11,1796.56,1796.02
69,73,2018-04-12,1797.74,1796.79
70,74,2018-04-13,1795.88,1793.27
71,75,2018-04-16,1792.93,1790.31
72,76,2018-04-17,1789.83,1792.03
73,77,2018-04-18,1793.03,1794.31
74,78,2018-04-19,1793.85,1792.49
75,79,2018-04-20,1791.66,1789.93
76,80,2018-04-23,1788.82,1788.95
77,81,2018-04-24,1790.37,1789.03
78,82,2018-04-25,1788.29,1788.21
79,83,2018-04-26,1790.98,1792.24
80,84,2018-04-27,1793.55,1793.31
81,85,2018-04-30,1792.85,1791.45
82,87,2018-05-02,1790.52,1786.39
83,89,2018-05-04,1788.87,1786.94
84,90,2018-05-07,1787.8,1788.22
85,91,2018-05-08,1787.2,1781.85
86,92,2018-05-09,1779.09,1780.95
87,93,2018-05-10,1782.76,1784.01
88,94,2018-05-11,1784.12,1784.29
89,95,2018-05-14,1782.84,1783.36
90,96,2018-05-15,1782.57,1779.79
91,97,2018-05-16,1781.65,1781.6
92,98,2018-05-17,1780.85,1780.06
93,99,2018-05-18,1780.3,1778.51
94,100,2018-05-21,1778.01,1779.27
95,101,2018-05-22,1779.93,1783.27
96,102,2018-05-23,1783.66,1784.16
97,103,2018-05-24,1785.72,1785.3
98,104,2018-05-25,1784.98,1785.97
99,105,2018-05-28,1787.18,1786.96
100,106,2018-05-29,1787.84,1784.37
101,107,2018-05-30,1783.79,1786.39
102,109,2018-06-01,1786.82,1787.86
103,110,2018-06-04,1788.35,1788.15
104,111,2018-06-05,1789.2,1787.46
105,112,2018-06-06,1787.33,1786.44
106,113,2018-06-07,1784.3,1784.65
107,114,2018-06-08,1783.0,1783.36
108,115,2018-06-11,1784.36,1784.1
109,116,2018-06-12,1784.61,1786.61
110,117,2018-06-13,1787.32,1786.77
111,118,2018-06-14,1786.43,1788.59
112,119,2018-06-15,1789.73,1787.39
113,120,2018-06-18,1787.45,1789.46
114,121,2018-06-19,1790.72,1789.89
115,122,2018-06-20,1790.04,1791.2
116,123,2018-06-21,1791.5,1793.92
117,124,2018-06-22,1792.94,1792.33
118,125,2018-06-25,1792.94,1791.94
119,126,2018-06-26,1791.09,1790.1
120,127,2018-06-27,1791.25,1791.03
121,128,2018-06-28,1790.28,1789.79
122,129,2018-06-29,1789.44,1790.6
123,130,2018-07-02,1789.86,1790.06
124,131,2018-07-03,1787.95,1786.18
125,132,2018-07-04,1785.99,1789.22
126,133,2018-07-05,1788.71,1791.2
127,134,2018-07-06,1791.73,1792.65
128,135,2018-07-09,1791.92,1792.26
129,136,2018-07-10,1792.02,1791.15
130,137,2018-07-11,1792.05,1793.15
131,138,2018-07-12,1793.41,1793.11
132,139,2018-07-13,1793.1,1792.97
133,140,2018-07-16,1793.29,1794.3
134,141,2018-07-17,1795.27,1797.74
135,142,2018-07-18,1797.81,1796.54
136,143,2018-07-19,1795.38,1796.82
137,144,2018-07-20,1797.18,1794.32
138,145,2018-07-23,1794.03,1794.39
139,146,2018-07-24,1793.64,1795.55
140,147,2018-07-25,1796.88,1797.38
141,148,2018-07-26,1796.74,1798.21
142,149,2018-07-27,1796.86,1797.06
143,150,2018-07-30,1797.04,1794.77
144,151,2018-07-31,1796.28,1796.29
145,152,2018-08-01,1797.25,1796.84
146,153,2018-08-02,1797.68,1798.76
147,154,2018-08-03,1799.32,1799.92
148,155,2018-08-06,1800.07,1800.38
149,156,2018-08-07,1800.98,1798.86
150,157,2018-08-08,1799.15,1799.41
151,158,2018-08-09,1801.02,1801.29
152,159,2018-08-10,1801.15,1798.81
153,160,2018-08-13,1798.55,1798.37
154,161,2018-08-14,1799.79,1798.71
155,163,2018-08-16,1799.76,1798.64
156,164,2018-08-17,1799.04,1799.89
157,165,2018-08-20,1800.11,1801.69
158,166,2018-08-21,1801.69,1800.96
159,167,2018-08-22,1801.49,1800.83
160,168,2018-08-23,1800.57,1799.18
161,169,2018-08-24,1799.12,1799.96
162,170,2018-08-27,1800.61,1800.55
163,171,2018-08-28,1800.79,1801.05
164,172,2018-08-29,1800.78,1800.04
165,173,2018-08-30,1800.98,1802.1
166,174,2018-08-31,1802.34,1800.35
167,175,2018-09-03,1800.27,1798.4
168,176,2018-09-04,1798.1,1798.12
169,177,2018-09-05,1797.45,1797.19
170,178,2018-09-06,1796.96,1795.79
171,179,2018-09-07,1795.4,1795.35
172,180,2018-09-10,1795.13,1796.23
173,181,2018-09-11,1795.71,1795.93
174,182,2018-09-12,1796.11,1798.19
175,183,2018-09-13,1798.37,1799.11
176,184,2018-09-14,1799.35,1798.98
177,185,2018-09-17,1799.65,1799.0
178,186,2018-09-18,1799.79,1800.34
179,187,2018-09-19,1800.87,1801.85
180,188,2018-09-20,1801.99,1801.1
181,189,2018-09-21,1801.02,1801.3
182,190,2018-09-24,1801.17,1799.74
183,191,2018-09-25,1799.47,1800.05
184,192,2018-09-26,1800.73,1802.17
185,193,2018-09-27,1803.88,1801.52
186,194,2018-09-28,1801.56,1801.97
187,195,2018-10-01,1801.79,1802.98
188,196,2018-10-02,1803.97,1802.98
189,197,2018-10-03,1803.39,1802.29
190,198,2018-10-04,1800.41,1800.2
191,199,2018-10-05,1797.51,1799.82
192,200,2018-10-08,1799.59,1799.56
193,201,2018-10-09,1798.82,1800.45
194,202,2018-10-10,1800.31,1799.03
195,203,2018-10-11,1799.9,1801.82
196,204,2018-10-12,1801.57,1804.92
197,205,2018-10-15,1806.63,1805.17
198,206,2018-10-16,1804.78,1805.94
199,207,2018-10-17,1807.19,1807.14
200,208,2018-10-18,1807.23,1807.23
201,209,2018-10-19,1807.27,1804.87
202,210,2018-10-22,1804.84,1805.39
203,211,2018-10-23,1805.66,1808.25
204,212,2018-10-24,1809.13,1810.46
205,213,2018-10-25,1811.01,1809.3
206,214,2018-10-26,1809.1,1813.29
207,215,2018-10-29,1813.74,1812.41
208,216,2018-10-30,1811.98,1811.0
209,217,2018-10-31,1809.9,1809.18
210,219,2018-11-02,1808.4,1809.64
211,220,2018-11-05,1809.93,1811.27
212,221,2018-11-06,1811.29,1812.17
213,222,2018-11-07,1812.72,1810.84
214,223,2018-11-08,1808.76,1808.69
215,224,2018-11-09,1808.35,1810.11
216,226,2018-11-13,1810.49,1810.68
217,227,2018-11-14,1810.79,1809.25
218,228,2018-11-15,1809.49,1809.34
219,229,2018-11-16,1809.08,1807.35
220,230,2018-11-19,1809.8,1809.8
221,231,2018-11-20,1810.36,1811.8
222,232,2018-11-21,1811.73,1811.39
223,233,2018-11-22,1812.37,1810.35
224,234,2018-11-23,1810.17,1813.95
225,235,2018-11-26,1812.97,1813.3
226,236,2018-11-27,1814.0,1814.07
227,237,2018-11-28,1815.17,1814.1
228,238,2018-11-29,1815.36,1818.11
229,239,2018-11-30,1817.53,1821.96
230,240,2018-12-03,1821.73,1821.76
231,241,2018-12-04,1823.18,1821.19
232,242,2018-12-05,1822.26,1821.1
233,243,2018-12-06,1821.53,1824.37
234,244,2018-12-07,1824.43,1822.09
235,245,2018-12-10,1822.67,1823.39
236,246,2018-12-11,1823.91,1825.08
237,247,2018-12-12,1825.24,1827.7
238,248,2018-12-13,1828.2,1829.6
239,249,2018-12-14,1829.62,1831.41
240,250,2018-12-17,1831.38,1831.22
241,251,2018-12-18,1832.39,1833.59
242,252,2018-12-19,1833.63,1832.75
243,253,2018-12-20,1835.45,1835.82
244,254,2018-12-21,1835.16,1839.36
245,258,2018-12-27,1838.77,1839.02
246,259,2018-12-28,1839.08,1839.64
0,1,2015-01-02,1647.48,1650.08
1,2,2015-01-05,1652.9,1655.21
2,4,2015-01-07,1658.85,1657.57
3,5,2015-01-08,1658.92,1659.71
4,6,2015-01-09,1660.21,1658.04
5,7,2015-01-12,1659.22,1662.98
6,8,2015-01-13,1663.57,1659.95
7,9,2015-01-14,1661.98,1663.95
8,10,2015-01-15,1663.41,1665.01
9,11,2015-01-16,1667.01,1664.47
10,12,2015-01-19,1663.21,1662.56
11,13,2015-01-20,1660.12,1661.28
12,14,2015-01-21,1662.11,1662.32
13,15,2015-01-22,1658.95,1667.28
14,16,2015-01-23,1672.7,1672.7
15,17,2015-01-26,1672.76,1672.27
16,18,2015-01-27,1672.59,1677.56
17,19,2015-01-28,1675.76,1677.16
18,20,2015-01-29,1680.58,1677.59
19,21,2015-01-30,1677.3,1679.35
20,22,2015-02-02,1678.45,1677.47
21,23,2015-02-03,1676.5,1675.31
22,24,2015-02-04,1674.3,1675.34
23,25,2015-02-05,1675.26,1671.24
24,26,2015-02-06,1672.38,1667.15
25,27,2015-02-09,1667.03,1661.5
26,28,2015-02-10,1662.46,1660.61
27,29,2015-02-11,1662.0,1660.14
28,30,2015-02-12,1661.21,1667.83
29,31,2015-02-13,1668.74,1669.67
30,32,2015-02-16,1669.25,1669.4
31,33,2015-02-17,1669.77,1665.87
32,34,2015-02-18,1663.53,1661.46
33,35,2015-02-19,1667.3,1664.26
34,36,2015-02-20,1664.7,1661.59
35,37,2015-02-23,1662.42,1664.74
36,38,2015-02-24,1666.22,1666.62
37,39,2015-02-25,1670.3,1669.49
38,40,2015-02-26,1671.6,1672.79
39,41,2015-02-27,1671.36,1670.02
40,42,2015-03-02,1671.37,1670.84
41,43,2015-03-03,1670.56,1669.46
42,44,2015-03-04,1668.38,1664.95
43,45,2015-03-05,1665.11,1665.1
44,46,2015-03-06,1664.98,1656.37
45,47,2015-03-09,1655.33,1656.9
46,48,2015-03-10,1658.18,1655.88
47,49,2015-03-11,1659.04,1657.77
48,50,2015-03-12,1661.37,1661.5
49,51,2015-03-13,1658.25,1658.67
50,52,2015-03-16,1658.69,1660.61
51,53,2015-03-17,1660.17,1659.57
52,54,2015-03-18,1659.63,1661.1
53,55,2015-03-19,1666.4,1667.13
54,56,2015-03-20,1666.04,1670.17
55,57,2015-03-23,1670.26,1668.63
56,58,2015-03-24,1669.28,1669.35
57,59,2015-03-25,1670.55,1671.58
58,60,2015-03-26,1670.54,1667.76
59,61,2015-03-27,1666.28,1668.05
60,62,2015-03-30,1668.0,1668.4
61,63,2015-03-31,1669.66,1668.12
62,64,2015-04-01,1668.81,1669.15
63,65,2015-04-02,1668.68,1669.18
64,68,2015-04-07,1672.27,1670.17
65,69,2015-04-08,1672.08,1672.08
66,70,2015-04-09,1672.35,1670.72
67,71,2015-04-10,1669.6,1670.77
68,72,2015-04-13,1670.61,1668.91
69,73,2015-04-14,1669.35,1670.21
70,74,2015-04-15,1670.12,1671.98
71,75,2015-04-16,1672.03,1670.79
72,76,2015-04-17,1672.04,1670.39
73,77,2015-04-20,1670.27,1669.54
74,78,2015-04-21,1669.46,1666.34
75,79,2015-04-22,1664.78,1661.9
76,80,2015-04-23,1660.81,1660.58
77,81,2015-04-24,1661.19,1662.35
78,82,2015-04-27,1662.17,1661.37
79,83,2015-04-28,1661.93,1658.34
80,84,2015-04-29,1655.52,1655.59
81,85,2015-04-30,1653.0,1654.85
82,87,2015-05-04,1653.38,1654.29
83,88,2015-05-05,1652.92,1646.62
84,89,2015-05-06,1640.31,1640.44
85,90,2015-05-07,1636.11,1647.81
86,91,2015-05-08,1652.53,1652.72
87,92,2015-05-11,1650.94,1648.32
88,93,2015-05-12,1642.32,1643.13
89,94,2015-05-13,1645.59,1644.89
90,95,2015-05-14,1642.33,1646.41
91,96,2015-05-15,1648.11,1646.71
92,97,2015-05-18,1646.58,1645.6
93,98,2015-05-19,1650.19,1647.26
94,99,2015-05-20,1647.79,1647.06
95,100,2015-05-21,1648.57,1649.24
96,101,2015-05-22,1649.81,1647.94
97,102,2015-05-25,1644.88,1641.97
98,103,2015-05-26,1642.35,1639.06
99,104,2015-05-27,1641.02,1640.47
100,105,2015-05-28,1641.63,1641.6
101,106,2015-05-29,1641.89,1642.13
102,107,2015-06-01,1642.41,1639.98
103,108,2015-06-02,1638.7,1639.19
104,109,2015-06-03,1637.31,1634.64
105,111,2015-06-05,1632.97,1629.71
106,112,2015-06-08,1632.44,1631.26
107,113,2015-06-09,1631.91,1630.31
108,114,2015-06-10,1629.5,1630.13
109,115,2015-06-11,1627.77,1632.94
110,116,2015-06-12,1632.62,1630.33
111,117,2015-06-15,1627.19,1624.25
112,118,2015-06-16,1620.19,1623.4
113,119,2015-06-17,1625.01,1623.94
114,120,2015-06-18,1626.42,1626.68
115,121,2015-06-19,1625.61,1627.04
116,122,2015-06-22,1629.38,1631.16
117,123,2015-06-23,1631.46,1632.0
118,124,2015-06-24,1632.3,1631.44
119,125,2015-06-25,1630.74,1631.87
120,126,2015-06-26,1632.83,1630.28
121,127,2015-06-29,1623.16,1624.85
122,128,2015-06-30,1623.39,1627.12
123,129,2015-07-01,1629.31,1629.31
124,130,2015-07-02,1629.6,1631.64
125,131,2015-07-03,1632.76,1634.12
126,132,2015-07-06,1631.05,1631.98
127,133,2015-07-07,1633.36,1637.9
128,134,2015-07-08,1640.5,1643.58
129,135,2015-07-09,1643.28,1647.32
130,136,2015-07-10,1645.4,1642.6
131,137,2015-07-13,1643.47,1642.6
132,138,2015-07-14,1643.93,1642.34
133,139,2015-07-15,1642.6,1645.47
134,140,2015-07-16,1648.44,1647.96
135,141,2015-07-17,1650.27,1652.64
136,142,2015-07-20,1652.98,1653.38
137,143,2015-07-21,1653.83,1651.79
138,144,2015-07-22,1652.93,1652.57
139,145,2015-07-23,1652.79,1651.11
140,146,2015-07-24,1652.28,1653.84
141,147,2015-07-27,1653.09,1654.84
142,148,2015-07-28,1653.7,1654.23
143,149,2015-07-29,1654.45,1651.93
144,150,2015-07-30,1652.35,1650.48
145,151,2015-07-31,1651.46,1650.22
146,152,2015-08-03,1649.92,1650.6
147,153,2015-08-04,1652.09,1650.4
148,154,2015-08-05,1649.13,1644.81
149,155,2015-08-06,1644.43,1643.53
150,156,2015-08-07,1643.91,1645.58
151,157,2015-08-10,1646.4,1648.32
152,158,2015-08-11,1649.82,1652.45
153,159,2015-08-12,1656.57,1656.83
154,160,2015-08-13,1655.92,1657.05
155,161,2015-08-14,1657.36,1660.48
156,162,2015-08-17,1661.04,1661.83
157,163,2015-08-18,1662.78,1660.97
158,164,2015-08-19,1661.98,1662.0
159,165,2015-08-20,1664.91,1665.05
160,166,2015-08-21,1665.19,1663.51
161,167,2015-08-24,1659.56,1656.53
162,168,2015-08-25,1655.65,1649.92
163,169,2015-08-26,1649.34,1651.6
164,170,2015-08-27,1653.25,1652.2
165,171,2015-08-28,1653.67,1654.74
166,172,2015-08-31,1654.8,1652.59
167,173,2015-09-01,1650.64,1648.45
168,174,2015-09-02,1648.67,1647.03
169,175,2015-09-03,1648.47,1651.63
170,176,2015-09-04,1650.67,1654.64
171,177,2015-09-07,1655.12,1654.18
172,178,2015-09-08,1653.36,1652.81
173,179,2015-09-09,1650.9,1651.83
174,180,2015-09-10,1652.85,1653.19
175,181,2015-09-11,1653.38,1651.25
176,182,2015-09-14,1651.03,1652.66
177,183,2015-09-15,1652.15,1651.08
178,184,2015-09-16,1649.01,1649.57
179,185,2015-09-17,1650.33,1651.66
180,186,2015-09-18,1657.06,1659.04
181,187,2015-09-21,1658.25,1658.56
182,188,2015-09-22,1659.83,1663.0
183,189,2015-09-23,1662.64,1662.23
184,190,2015-09-24,1661.69,1663.64
185,191,2015-09-25,1660.66,1659.79
186,192,2015-09-28,1660.2,1661.84
187,193,2015-09-29,1661.24,1660.54
188,194,2015-09-30,1660.36,1661.3
189,195,2015-10-01,1662.08,1665.92
190,196,2015-10-02,1665.81,1674.21
191,197,2015-10-05,1672.49,1677.42
192,198,2015-10-06,1676.29,1674.0
193,199,2015-10-07,1673.67,1672.85
194,200,2015-10-08,1675.4,1672.76
195,201,2015-10-09,1671.76,1671.68
196,202,2015-10-12,1671.36,1670.95
197,203,2015-10-13,1670.94,1667.64
198,204,2015-10-14,1668.53,1670.76
199,205,2015-10-15,1672.68,1672.68
200,206,2015-10-16,1673.73,1672.0
201,207,2015-10-19,1670.76,1670.71
202,208,2015-10-20,1671.11,1668.36
203,209,2015-10-21,1669.17,1670.12
204,210,2015-10-22,1670.02,1676.17
205,211,2015-10-23,1676.71,1679.21
206,212,2015-10-26,1679.24,1676.44
207,213,2015-10-27,1677.0,1680.39
208,214,2015-10-28,1680.95,1682.12
209,215,2015-10-29,1676.87,1677.6
210,216,2015-10-30,1678.38,1679.69
211,217,2015-11-02,1678.84,1680.85
212,218,2015-11-03,1677.18,1677.19
213,219,2015-11-04,1677.02,1675.62
214,220,2015-11-05,1674.12,1673.6
215,221,2015-11-06,1674.84,1665.73
216,222,2015-11-09,1666.35,1665.72
217,223,2015-11-10,1668.72,1671.54
218,225,2015-11-12,1673.89,1678.07
219,226,2015-11-13,1681.1,1681.8
220,227,2015-11-16,1680.95,1682.69
221,228,2015-11-17,1682.26,1677.58
222,229,2015-11-18,1678.9,1676.35
223,230,2015-11-19,1677.71,1677.65
224,231,2015-11-20,1678.17,1680.38
225,232,2015-11-23,1678.85,1678.14
226,233,2015-11-24,1679.38,1681.45
227,234,2015-11-25,1681.66,1683.55
228,235,2015-11-26,1684.79,1684.85
229,236,2015-11-27,1685.21,1685.23
230,237,2015-11-30,1683.67,1681.98
231,238,2015-12-01,1681.46,1682.79
232,239,2015-12-02,1681.64,1683.08
233,240,2015-12-03,1683.68,1674.48
234,241,2015-12-04,1672.83,1671.91
235,242,2015-12-07,1672.33,1675.56
236,243,2015-12-08,1675.58,1670.5
237,244,2015-12-09,1670.61,1666.84
238,245,2015-12-10,1666.04,1663.41
239,246,2015-12-11,1661.98,1657.81
240,247,2015-12-14,1658.68,1648.72
241,248,2015-12-15,1645.03,1658.35
242,249,2015-12-16,1659.12,1654.92
243,250,2015-12-17,1662.95,1665.1
244,251,2015-12-18,1665.2,1668.06
245,252,2015-12-21,1665.88,1670.78
246,253,2015-12-22,1670.4,1667.67
247,254,2015-12-23,1666.82,1667.44
248,257,2015-12-28,1667.12,1668.19
249,258,2015-12-29,1670.44,1671.41
250,259,2015-12-30,1671.15,1673.34
0,1,2014-01-02,1500.68,1499.67
1,2,2014-01-03,1500.83,1498.09
2,4,2014-01-07,1499.15,1498.1
3,5,2014-01-08,1498.19,1499.15
4,6,2014-01-09,1499.02,1500.56
5,7,2014-01-10,1501.34,1504.36
6,8,2014-01-13,1505.06,1506.63
7,9,2014-01-14,1506.92,1505.47
8,10,2014-01-15,1505.4,1505.3
9,11,2014-01-16,1505.75,1507.08
10,12,2014-01-17,1508.09,1508.11
11,13,2014-01-20,1508.75,1508.51
12,14,2014-01-21,1507.9,1506.41
13,15,2014-01-22,1506.74,1506.88
14,16,2014-01-23,1506.84,1507.38
15,17,2014-01-24,1506.93,1504.0
16,18,2014-01-27,1501.33,1499.96
17,19,2014-01-28,1501.67,1502.18
18,20,2014-01-29,1504.02,1497.44
19,21,2014-01-30,1491.74,1491.74
20,22,2014-01-31,1493.11,1486.15
21,23,2014-02-03,1487.26,1488.22
22,24,2014-02-04,1491.18,1493.65
23,25,2014-02-05,1495.22,1494.89
24,26,2014-02-06,1496.53,1498.26
25,27,2014-02-07,1500.67,1500.99
26,28,2014-02-10,1501.79,1500.61
27,29,2014-02-11,1501.21,1498.09
28,30,2014-02-12,1498.81,1497.57
29,31,2014-02-13,1497.12,1496.91
30,32,2014-02-14,1497.17,1500.17
31,33,2014-02-17,1499.87,1501.16
32,34,2014-02-18,1501.13,1501.59
33,35,2014-02-19,1500.88,1499.34
34,36,2014-02-20,1498.75,1500.18
35,37,2014-02-21,1501.62,1504.19
36,38,2014-02-24,1505.73,1506.81
37,39,2014-02-25,1506.14,1506.72
38,40,2014-02-26,1506.84,1505.81
39,41,2014-02-27,1507.0,1508.13
40,42,2014-02-28,1508.31,1508.39
41,43,2014-03-03,1505.65,1505.65
42,44,2014-03-04,1505.27,1509.15
43,45,2014-03-05,1509.04,1517.05
44,46,2014-03-06,1519.07,1515.69
45,47,2014-03-07,1516.07,1513.76
46,48,2014-03-10,1512.8,1514.67
47,49,2014-03-11,1515.46,1513.79
48,50,2014-03-12,1513.15,1514.64
49,51,2014-03-13,1515.72,1513.86
50,52,2014-03-14,1511.51,1513.52
51,53,2014-03-17,1514.43,1515.35
52,54,2014-03-18,1516.77,1518.24
53,55,2014-03-19,1518.48,1517.31
54,56,2014-03-20,1514.17,1513.2
55,57,2014-03-21,1514.96,1515.62
56,58,2014-03-24,1515.75,1517.4
57,59,2014-03-25,1518.06,1516.64
58,60,2014-03-26,1516.34,1518.13
59,61,2014-03-27,1517.81,1518.7
60,62,2014-03-28,1520.54,1520.29
61,63,2014-03-31,1519.47,1519.4
62,64,2014-04-01,1520.16,1520.97
63,65,2014-04-02,1520.2,1519.45
64,66,2014-04-03,1519.36,1521.82
65,67,2014-04-04,1522.43,1525.87
66,68,2014-04-07,1527.75,1528.72
67,69,2014-04-08,1529.6,1529.76
68,70,2014-04-09,1528.22,1529.17
69,71,2014-04-10,1531.95,1531.54
70,72,2014-04-11,1531.5,1530.03
71,73,2014-04-14,1530.15,1529.72
72,74,2014-04-15,1530.12,1528.89
73,75,2014-04-16,1528.52,1526.64
74,76,2014-04-17,1527.29,1526.43
75,79,2014-04-22,1526.21,1526.43
76,80,2014-04-23,1526.01,1527.07
77,81,2014-04-24,1527.38,1527.97
78,82,2014-04-25,1527.04,1528.25
79,83,2014-04-28,1528.48,1528.84
80,84,2014-04-29,1528.85,1529.25
81,85,2014-04-30,1530.14,1533.77
82,87,2014-05-02,1534.51,1533.42
83,88,2014-05-05,1534.88,1534.68
84,89,2014-05-06,1534.9,1534.54
85,90,2014-05-07,1535.27,1538.1
86,91,2014-05-08,1539.98,1541.47
87,92,2014-05-09,1543.57,1540.93
88,93,2014-05-12,1541.04,1539.97
89,94,2014-05-13,1541.51,1543.66
90,95,2014-05-14,1544.52,1547.92
91,96,2014-05-15,1550.29,1547.51
92,97,2014-05-16,1545.75,1546.64
93,98,2014-05-19,1547.54,1546.18
94,99,2014-05-20,1545.16,1542.01
95,100,2014-05-21,1541.85,1547.56
96,101,2014-05-22,1549.56,1551.83
97,102,2014-05-23,1550.95,1552.8
98,103,2014-05-26,1552.5,1553.55
99,104,2014-05-27,1552.94,1553.19
100,105,2014-05-28,1552.86,1554.61
101,106,2014-05-29,1556.1,1556.42
102,107,2014-05-30,1554.7,1553.96
103,108,2014-06-02,1555.66,1555.07
104,109,2014-06-03,1554.56,1555.3
105,110,2014-06-04,1556.69,1557.49
106,111,2014-06-05,1559.17,1560.34
107,112,2014-06-06,1563.39,1567.43
108,113,2014-06-09,1568.92,1568.0
109,114,2014-06-10,1567.27,1565.5
110,115,2014-06-11,1563.8,1563.0
111,116,2014-06-12,1564.93,1566.57
112,117,2014-06-13,1566.4,1568.23
113,118,2014-06-16,1560.6,1564.94
114,119,2014-06-17,1567.32,1564.38
115,120,2014-06-18,1562.86,1565.8
116,122,2014-06-20,1563.68,1560.97
117,123,2014-06-23,1561.91,1564.84
118,124,2014-06-24,1565.31,1568.97
119,125,2014-06-25,1572.63,1572.92
120,126,2014-06-26,1574.22,1572.51
121,127,2014-06-27,1573.28,1572.63
122,128,2014-06-30,1573.05,1572.8
123,129,2014-07-01,1572.54,1573.41
124,130,2014-07-02,1573.93,1571.93
125,131,2014-07-03,1570.77,1571.68
126,132,2014-07-04,1573.62,1575.14
127,133,2014-07-07,1574.68,1576.3
128,134,2014-07-08,1576.99,1578.51
129,135,2014-07-09,1578.87,1576.61
130,136,2014-07-10,1578.51,1577.0
131,137,2014-07-11,1576.77,1576.12
132,138,2014-07-14,1576.49,1576.71
133,139,2014-07-15,1577.09,1573.88
134,140,2014-07-16,1575.04,1576.13
135,141,2014-07-17,1576.98,1578.23
136,142,2014-07-18,1578.29,1579.08
137,143,2014-07-21,1579.1,1578.53
138,144,2014-07-22,1578.99,1579.32
139,145,2014-07-23,1580.97,1585.59
140,146,2014-07-24,1585.31,1584.3
141,147,2014-07-25,1584.84,1585.72
142,148,2014-07-28,1586.03,1586.44
143,149,2014-07-29,1586.16,1588.07
144,150,2014-07-30,1588.16,1585.99
145,151,2014-07-31,1585.31,1578.1
146,152,2014-08-01,1580.38,1575.25
147,153,2014-08-04,1577.53,1583.91
148,154,2014-08-05,1583.78,1575.57
149,155,2014-08-06,1575.72,1576.46
150,156,2014-08-07,1579.46,1580.66
151,157,2014-08-08,1579.26,1581.13
152,158,2014-08-11,1586.05,1585.06
153,159,2014-08-12,1582.37,1584.09
154,160,2014-08-13,1585.91,1587.25
155,161,2014-08-14,1591.0,1592.65
156,163,2014-08-18,1592.85,1595.2
157,164,2014-08-19,1595.6,1596.21
158,165,2014-08-20,1596.32,1595.11
159,166,2014-08-21,1594.45,1595.95
160,167,2014-08-22,1596.21,1596.64
161,168,2014-08-25,1596.89,1598.06
162,169,2014-08-26,1600.93,1600.85
163,170,2014-08-27,1601.62,1602.71
164,171,2014-08-28,1601.94,1599.95
165,172,2014-08-29,1600.22,1599.98
166,173,2014-09-01,1600.74,1601.87
167,174,2014-09-02,1602.45,1600.56
168,175,2014-09-03,1601.01,1605.93
169,176,2014-09-04,1608.31,1607.99
170,177,2014-09-05,1607.25,1611.08
171,178,2014-09-08,1612.25,1616.32
172,179,2014-09-09,1612.1,1608.74
173,180,2014-09-10,1605.0,1608.43
174,181,2014-09-11,1610.58,1608.68
175,182,2014-09-12,1606.25,1604.94
176,183,2014-09-15,1605.19,1606.7
177,184,2014-09-16,1608.39,1605.5
178,185,2014-09-17,1605.89,1607.99
179,186,2014-09-18,1606.71,1607.43
180,187,2014-09-19,1608.26,1608.85
181,188,2014-09-22,1610.31,1611.8
182,189,2014-09-23,1614.05,1612.57
183,190,2014-09-24,1613.35,1617.62
184,191,2014-09-25,1619.05,1620.38
185,192,2014-09-26,1619.45,1615.46
186,193,2014-09-29,1614.7,1614.98
187,194,2014-09-30,1614.16,1613.72
188,195,2014-10-01,1612.99,1617.66
189,196,2014-10-02,1617.55,1615.12
190,197,2014-10-03,1616.06,1614.64
191,198,2014-10-06,1616.77,1618.41
192,199,2014-10-07,1620.14,1620.79
193,200,2014-10-08,1623.06,1624.88
194,201,2014-10-09,1629.29,1631.74
195,202,2014-10-10,1630.8,1631.23
196,203,2014-10-13,1631.98,1632.78
197,204,2014-10-14,1634.77,1638.91
198,205,2014-10-15,1640.55,1640.62
199,206,2014-10-16,1635.38,1632.63
200,207,2014-10-17,1632.91,1636.49
201,208,2014-10-20,1638.6,1636.94
202,209,2014-10-21,1636.87,1638.05
203,210,2014-10-22,1639.75,1638.74
204,211,2014-10-23,1639.32,1639.02
205,212,2014-10-24,1639.52,1638.24
206,213,2014-10-27,1638.88,1637.68
207,214,2014-10-28,1637.83,1639.51
208,215,2014-10-29,1641.19,1641.24
209,216,2014-10-30,1639.55,1640.24
210,217,2014-10-31,1644.05,1643.73
211,218,2014-11-03,1644.19,1642.67
212,219,2014-11-04,1642.52,1644.71
213,220,2014-11-05,1644.1,1639.92
214,221,2014-11-06,1637.42,1638.6
215,222,2014-11-07,1634.36,1637.06
216,223,2014-11-10,1637.86,1639.33
217,225,2014-11-12,1641.11,1642.07
218,226,2014-11-13,1641.5,1646.59
219,227,2014-11-14,1645.66,1639.98
220,228,2014-11-17,1641.37,1640.35
221,229,2014-11-18,1641.07,1639.89
222,230,2014-11-19,1639.76,1636.85
223,231,2014-11-20,1638.18,1640.44
224,232,2014-11-21,1642.02,1646.39
225,233,2014-11-24,1646.82,1645.64
226,234,2014-11-25,1647.11,1647.15
227,235,2014-11-26,1650.03,1650.79
228,236,2014-11-27,1651.25,1650.98
229,237,2014-11-28,1653.57,1651.45
230,238,2014-12-01,1649.53,1647.84
231,239,2014-12-02,1645.89,1642.86
232,240,2014-12-03,1642.85,1641.11
233,241,2014-12-04,1639.75,1639.9
234,242,2014-12-05,1640.51,1637.24
235,243,2014-12-08,1636.43,1638.33
236,244,2014-12-09,1640.51,1639.94
237,245,2014-12-10,1639.53,1638.19
238,246,2014-12-11,1640.28,1638.34
239,247,2014-12-12,1638.96,1639.32
240,248,2014-12-15,1639.85,1643.31
241,249,2014-12-16,1641.13,1636.49
242,250,2014-12-17,1638.72,1639.04
243,251,2014-12-18,1642.41,1641.73
244,252,2014-12-19,1642.02,1641.04
245,253,2014-12-22,1642.49,1645.17
246,254,2014-12-23,1645.95,1646.0
247,258,2014-12-29,1644.65,1645.96
248,259,2014-12-30,1645.89,1645.73
0,1,2016-01-04,1674.95,1670.56
1,2,2016-01-05,1668.6,1673.67
2,4,2016-01-07,1677.5,1674.58
3,5,2016-01-08,1673.34,1679.05
4,6,2016-01-11,1677.45,1679.05
5,7,2016-01-12,1677.61,1683.79
6,8,2016-01-13,1686.01,1686.78
7,9,2016-01-14,1685.8,1681.14
8,11,2016-01-18,1666.07,1666.07
9,12,2016-01-19,1667.61,1670.15
10,13,2016-01-20,1672.72,1667.93
11,14,2016-01-21,1665.9,1669.43
12,15,2016-01-22,1671.03,1670.13
13,16,2016-01-25,1671.82,1668.28
14,17,2016-01-26,1665.82,1671.35
15,18,2016-01-27,1671.53,1673.34
16,19,2016-01-28,1675.03,1675.29
17,20,2016-01-29,1678.69,1677.37
18,21,2016-02-01,1678.47,1677.19
19,22,2016-02-02,1677.97,1679.04
20,23,2016-02-03,1677.79,1679.62
21,24,2016-02-04,1678.75,1680.96
22,25,2016-02-05,1682.24,1681.26
23,26,2016-02-08,1682.08,1679.68
24,27,2016-02-09,1678.07,1679.2
25,28,2016-02-10,1680.38,1681.07
26,29,2016-02-11,1679.82,1682.07
27,30,2016-02-12,1684.17,1685.35
28,31,2016-02-15,1685.08,1686.12
29,32,2016-02-16,1685.67,1685.84
30,33,2016-02-17,1687.31,1686.92
31,34,2016-02-18,1687.74,1690.28
32,35,2016-02-19,1691.2,1689.74
33,36,2016-02-22,1688.68,1689.83
34,37,2016-02-23,1690.22,1690.0
35,38,2016-02-24,1692.28,1693.66
36,39,2016-02-25,1691.74,1693.43
37,40,2016-02-26,1692.9,1690.44
38,41,2016-02-29,1690.76,1691.2
39,42,2016-03-01,1690.94,1691.06
40,43,2016-03-02,1689.83,1689.31
41,44,2016-03-03,1688.8,1688.82
42,45,2016-03-04,1688.69,1690.51
43,46,2016-03-07,1692.67,1692.17
44,47,2016-03-08,1693.92,1694.4
45,48,2016-03-09,1693.15,1694.43
46,49,2016-03-10,1694.74,1695.49
47,50,2016-03-11,1694.91,1696.66
48,51,2016-03-14,1695.83,1696.5
49,52,2016-03-15,1696.61,1695.04
50,53,2016-03-16,1695.62,1693.9
51,54,2016-03-17,1697.83,1697.2
52,55,2016-03-18,1698.78,1699.07
53,56,2016-03-21,1699.1,1697.27
54,57,2016-03-22,1698.23,1696.04
55,58,2016-03-23,1695.7,1695.36
56,59,2016-03-24,1697.0,1695.58
57,62,2016-03-29,1696.59,1697.48
58,63,2016-03-30,1699.14,1697.49
59,64,2016-03-31,1698.12,1698.4
60,65,2016-04-01,1698.87,1700.18
61,66,2016-04-04,1701.39,1698.45
62,67,2016-04-05,1698.45,1696.73
63,68,2016-04-06,1696.24,1695.92
64,69,2016-04-07,1695.03,1692.9
65,70,2016-04-08,1692.62,1694.17
66,71,2016-04-11,1694.16,1694.94
67,72,2016-04-12,1694.1,1693.76
68,73,2016-04-13,1692.69,1693.77
69,74,2016-04-14,1694.39,1692.21
70,75,2016-04-15,1693.2,1692.61
71,76,2016-04-18,1692.52,1692.15
72,77,2016-04-19,1692.92,1693.82
73,78,2016-04-20,1695.67,1695.92
74,79,2016-04-21,1694.9,1693.43
75,80,2016-04-22,1692.76,1690.41
76,81,2016-04-25,1690.9,1688.43
77,82,2016-04-26,1688.61,1689.5
78,83,2016-04-27,1690.09,1690.82
79,84,2016-04-28,1694.02,1691.24
80,85,2016-04-29,1691.87,1690.73
81,86,2016-05-02,1691.15,1689.89
82,88,2016-05-04,1690.25,1688.8
83,89,2016-05-05,1688.18,1689.52
84,90,2016-05-06,1690.14,1691.53
85,91,2016-05-09,1691.81,1692.55
86,92,2016-05-10,1693.01,1693.45
87,93,2016-05-11,1693.56,1694.28
88,94,2016-05-12,1696.0,1694.58
89,95,2016-05-13,1695.12,1696.8
90,96,2016-05-16,1699.69,1699.69
91,97,2016-05-17,1700.34,1698.89
92,98,2016-05-18,1697.24,1693.83
93,99,2016-05-19,1692.52,1693.78
94,100,2016-05-20,1693.61,1690.72
95,101,2016-05-23,1690.17,1686.97
96,102,2016-05-24,1687.86,1687.97
97,103,2016-05-25,1687.23,1689.97
98,105,2016-05-27,1691.47,1691.84
99,106,2016-05-30,1690.94,1689.19
100,107,2016-05-31,1688.73,1688.95
101,108,2016-06-01,1688.57,1687.26
102,109,2016-06-02,1686.88,1686.1
103,110,2016-06-03,1685.71,1687.4
104,111,2016-06-06,1686.51,1684.36
105,112,2016-06-07,1683.92,1685.94
106,113,2016-06-08,1687.71,1689.97
107,114,2016-06-09,1690.61,1690.92
108,115,2016-06-10,1689.37,1688.94
109,116,2016-06-13,1688.11,1684.38
110,117,2016-06-14,1682.64,1676.62
111,118,2016-06-15,1676.82,1678.82
112,119,2016-06-16,1677.76,1680.32
113,120,2016-06-17,1681.29,1683.9
114,121,2016-06-20,1691.14,1691.14
115,122,2016-06-21,1689.73,1688.96
116,123,2016-06-22,1688.93,1692.02
117,124,2016-06-23,1691.87,1694.31
118,125,2016-06-24,1685.97,1685.97
119,126,2016-06-27,1686.73,1693.68
120,127,2016-06-28,1696.68,1696.2
121,128,2016-06-29,1699.02,1702.22
122,129,2016-06-30,1699.0,1702.65
123,130,2016-07-01,1707.93,1704.32
124,131,2016-07-04,1704.09,1703.27
125,132,2016-07-05,1702.76,1706.42
126,133,2016-07-06,1705.32,1704.25
127,134,2016-07-07,1702.26,1700.48
128,135,2016-07-08,1701.91,1703.74
129,136,2016-07-11,1704.22,1705.8
130,137,2016-07-12,1704.46,1705.47
131,138,2016-07-13,1704.98,1704.56
132,139,2016-07-14,1703.95,1702.4
133,140,2016-07-15,1701.58,1701.98
134,141,2016-07-18,1701.94,1703.89
135,142,2016-07-19,1704.55,1703.67
136,143,2016-07-20,1702.68,1702.31
137,144,2016-07-21,1701.86,1702.66
138,145,2016-07-22,1704.14,1703.55
139,146,2016-07-25,1703.43,1703.68
140,147,2016-07-26,1704.1,1701.95
141,148,2016-07-27,1702.12,1702.92
142,149,2016-07-28,1702.24,1702.29
143,150,2016-07-29,1700.62,1704.3
144,151,2016-08-01,1706.04,1707.7
145,152,2016-08-02,1707.03,1707.65
146,153,2016-08-03,1707.38,1710.37
147,154,2016-08-04,1710.77,1711.73
148,155,2016-08-05,1711.66,1708.98
149,156,2016-08-08,1708.85,1708.79
150,157,2016-08-09,1709.49,1711.77
151,158,2016-08-10,1713.99,1714.58
152,159,2016-08-11,1714.88,1714.96
153,160,2016-08-12,1714.08,1720.06
154,162,2016-08-16,1719.8,1716.38
155,163,2016-08-17,1716.82,1715.7
156,164,2016-08-18,1716.75,1717.51
157,165,2016-08-19,1717.76,1718.47
158,166,2016-08-22,1719.56,1718.68
159,167,2016-08-23,1718.99,1718.87
160,168,2016-08-24,1718.45,1718.59
161,169,2016-08-25,1718.79,1718.19
162,170,2016-08-26,1717.35,1719.49
163,171,2016-08-29,1715.65,1717.78
164,172,2016-08-30,1717.7,1715.56
165,173,2016-08-31,1714.94,1714.32
166,174,2016-09-01,1713.4,1712.02
167,175,2016-09-02,1710.93,1709.14
168,176,2016-09-05,1705.91,1708.41
169,177,2016-09-06,1708.14,1713.34
170,178,2016-09-07,1715.14,1714.02
171,179,2016-09-08,1714.81,1710.34
172,180,2016-09-09,1709.99,1706.78
173,181,2016-09-12,1706.29,1708.12
174,182,2016-09-13,1708.58,1706.99
175,183,2016-09-14,1705.08,1708.43
176,184,2016-09-15,1707.55,1706.04
177,185,2016-09-16,1708.28,1706.33
178,186,2016-09-19,1706.22,1707.51
179,187,2016-09-20,1708.17,1709.41
180,188,2016-09-21,1708.65,1709.73
181,189,2016-09-22,1712.92,1714.4
182,190,2016-09-23,1713.7,1712.87
183,191,2016-09-26,1712.87,1712.53
184,192,2016-09-27,1712.89,1711.62
185,193,2016-09-28,1711.43,1709.99
186,194,2016-09-29,1709.61,1707.68
187,195,2016-09-30,1705.4,1707.51
188,196,2016-10-03,1708.78,1709.33
189,197,2016-10-04,1709.38,1709.68
190,198,2016-10-05,1706.93,1704.96
191,199,2016-10-06,1703.51,1702.87
192,200,2016-10-07,1700.38,1701.38
193,201,2016-10-10,1700.35,1699.17
194,202,2016-10-11,1700.21,1699.16
195,203,2016-10-12,1699.75,1699.81
196,204,2016-10-13,1702.09,1702.47
197,205,2016-10-14,1701.7,1701.96
198,206,2016-10-17,1699.78,1700.17
199,207,2016-10-18,1700.34,1702.32
200,208,2016-10-19,1703.18,1704.93
201,209,2016-10-20,1705.57,1706.3
202,210,2016-10-21,1706.21,1706.17
203,211,2016-10-24,1707.87,1705.23
204,212,2016-10-25,1705.98,1704.37
205,213,2016-10-26,1704.99,1700.81
206,214,2016-10-27,1700.63,1695.8
207,215,2016-10-28,1694.61,1698.07
208,216,2016-10-31,1698.57,1699.87
209,218,2016-11-02,1700.03,1699.71
210,219,2016-11-03,1698.62,1699.73
211,220,2016-11-04,1701.48,1701.84
212,221,2016-11-07,1700.75,1701.24
213,222,2016-11-08,1700.31,1699.6
214,223,2016-11-09,1698.75,1696.09
215,224,2016-11-10,1692.48,1686.49
216,226,2016-11-14,1680.16,1678.46
217,227,2016-11-15,1683.12,1681.67
218,228,2016-11-16,1678.86,1676.68
219,229,2016-11-17,1679.99,1675.57
220,230,2016-11-18,1669.91,1673.77
221,231,2016-11-21,1670.52,1677.73
222,232,2016-11-22,1679.69,1679.69
223,233,2016-11-23,1681.2,1674.02
224,234,2016-11-24,1674.42,1674.42
225,235,2016-11-25,1675.44,1677.16
226,236,2016-11-28,1679.44,1680.61
227,237,2016-11-29,1679.21,1676.9
228,238,2016-11-30,1678.69,1674.77
229,239,2016-12-01,1674.34,1668.86
230,240,2016-12-02,1669.91,1668.75
231,241,2016-12-05,1665.3,1668.82
232,242,2016-12-06,1671.3,1675.74
233,243,2016-12-07,1678.31,1681.89
234,244,2016-12-08,1680.08,1677.76
235,245,2016-12-09,1679.15,1677.31
236,246,2016-12-12,1673.47,1676.28
237,247,2016-12-13,1678.45,1680.67
238,248,2016-12-14,1682.43,1685.73
239,249,2016-12-15,1682.19,1682.19
240,250,2016-12-16,1685.12,1685.77
241,251,2016-12-19,1685.85,1688.43
242,252,2016-12-20,1686.96,1686.74
243,253,2016-12-21,1687.58,1687.72
244,254,2016-12-22,1689.27,1688.18
245,255,2016-12-23,1688.43,1688.52
246,257,2016-12-27,1688.39,1687.84
247,258,2016-12-28,1688.18,1686.2
248,259,2016-12-29,1686.77,1684.28
249,260,2016-12-30,1683.38,1677.54
0,0,2017-01-02,1672.77,1672.77
1,1,2017-01-03,1672.45,1671.02
2,2,2017-01-04,1671.51,1672.39
3,3,2017-01-05,1673.63,1673.28
4,5,2017-01-09,1671.25,1674.26
5,6,2017-01-10,1674.49,1680.48
6,7,2017-01-11,1682.51,1681.28
7,8,2017-01-12,1686.76,1681.73
8,9,2017-01-13,1682.34,1678.45
9,10,2017-01-16,1682.47,1680.52
10,11,2017-01-17,1682.37,1680.1
11,12,2017-01-18,1679.29,1680.49
12,13,2017-01-19,1678.3,1677.06
13,14,2017-01-20,1677.35,1674.97
14,15,2017-01-23,1675.99,1677.7
15,16,2017-01-24,1677.86,1677.68
16,17,2017-01-25,1676.12,1677.01
17,18,2017-01-26,1673.85,1672.46
18,19,2017-01-27,1673.15,1674.09
19,20,2017-01-30,1673.16,1675.08
20,21,2017-01-31,1674.83,1675.33
21,22,2017-02-01,1675.28,1674.68
22,23,2017-02-02,1677.51,1679.6
23,24,2017-02-03,1678.41,1681.0
24,25,2017-02-06,1682.09,1680.81
25,26,2017-02-07,1681.06,1678.9
26,27,2017-02-08,1679.88,1680.79
27,28,2017-02-09,1681.27,1680.95
28,29,2017-02-10,1679.46,1678.9
29,30,2017-02-13,1677.71,1676.59
30,31,2017-02-14,1677.37,1677.7
31,32,2017-02-15,1676.94,1676.47
32,33,2017-02-16,1676.47,1678.61
33,34,2017-02-17,1678.7,1678.46
34,35,2017-02-20,1677.73,1678.37
35,36,2017-02-21,1678.58,1676.71
36,37,2017-02-22,1676.53,1675.17
37,38,2017-02-23,1675.65,1679.51
38,39,2017-02-24,1681.05,1680.9
39,40,2017-02-27,1681.31,1681.04
40,41,2017-02-28,1681.1,1681.85
41,42,2017-03-01,1680.2,1680.44
42,43,2017-03-02,1680.76,1685.15
43,44,2017-03-03,1688.11,1687.31
44,45,2017-03-06,1688.06,1689.4
45,46,2017-03-07,1689.1,1689.13
46,47,2017-03-08,1688.82,1687.65
47,48,2017-03-09,1687.74,1689.21
48,49,2017-03-10,1687.09,1689.28
49,50,2017-03-13,1689.64,1689.86
50,51,2017-03-14,1689.28,1688.29
51,52,2017-03-15,1688.2,1688.17
52,53,2017-03-16,1690.84,1689.88
53,54,2017-03-17,1689.09,1689.29
54,55,2017-03-20,1689.8,1689.53
55,56,2017-03-21,1689.92,1691.39
56,57,2017-03-22,1693.88,1696.94
57,58,2017-03-23,1696.78,1698.4
58,59,2017-03-24,1697.38,1698.99
59,60,2017-03-27,1701.28,1700.79
60,61,2017-03-28,1700.1,1700.3
61,62,2017-03-29,1699.88,1699.77
62,63,2017-03-30,1701.22,1701.87
63,64,2017-03-31,1701.83,1704.2
64,65,2017-04-03,1704.95,1706.56
65,66,2017-04-04,1708.23,1705.78
66,67,2017-04-05,1705.96,1705.47
67,68,2017-04-06,1707.3,1705.91
68,69,2017-04-07,1705.46,1705.3
69,70,2017-04-10,1704.46,1704.44
70,71,2017-04-11,1705.43,1705.99
71,72,2017-04-12,1706.25,1706.41
72,73,2017-04-13,1707.39,1708.93
73,76,2017-04-18,1708.63,1711.08
74,77,2017-04-19,1711.7,1710.48
75,78,2017-04-20,1710.3,1708.88
76,79,2017-04-21,1709.39,1709.33
77,80,2017-04-24,1708.14,1710.42
78,81,2017-04-25,1710.55,1707.7
79,82,2017-04-26,1707.41,1707.9
80,83,2017-04-27,1709.28,1710.8
81,84,2017-04-28,1711.23,1709.72
82,86,2017-05-02,1709.27,1708.58
83,88,2017-05-04,1707.82,1707.81
84,89,2017-05-05,1708.53,1708.61
85,90,2017-05-08,1708.9,1709.8
86,91,2017-05-09,1708.72,1708.91
87,92,2017-05-10,1709.19,1712.1
88,93,2017-05-11,1712.51,1713.92
89,94,2017-05-12,1718.13,1717.81
90,95,2017-05-15,1718.41,1715.88
91,96,2017-05-16,1714.73,1715.69
92,97,2017-05-17,1717.68,1717.76
93,98,2017-05-18,1719.56,1717.21
94,99,2017-05-19,1717.54,1717.53
95,100,2017-05-22,1717.96,1717.71
96,101,2017-05-23,1718.29,1717.98
97,102,2017-05-24,1718.08,1718.8
98,103,2017-05-25,1719.65,1720.08
99,104,2017-05-26,1720.64,1723.31
100,105,2017-05-29,1723.62,1724.38
101,106,2017-05-30,1724.63,1723.68
102,107,2017-05-31,1723.42,1726.53
103,108,2017-06-01,1726.42,1726.15
104,109,2017-06-02,1726.57,1730.32
105,110,2017-06-05,1730.74,1728.82
106,111,2017-06-06,1730.45,1729.28
107,112,2017-06-07,1729.51,1728.52
108,113,2017-06-08,1727.79,1729.24
109,114,2017-06-09,1729.5,1730.69
110,115,2017-06-12,1731.15,1731.99
111,116,2017-06-13,1731.9,1731.46
112,117,2017-06-14,1731.09,1734.38
113,119,2017-06-16,1733.48,1733.82
114,120,2017-06-19,1733.75,1732.82
115,121,2017-06-20,1732.44,1732.37
116,122,2017-06-21,1733.08,1731.14
117,123,2017-06-22,1732.12,1731.68
118,124,2017-06-23,1731.64,1729.88
119,125,2017-06-26,1730.43,1732.7
120,126,2017-06-27,1733.13,1729.7
121,127,2017-06-28,1727.14,1729.0
122,128,2017-06-29,1725.65,1727.0
123,129,2017-06-30,1724.33,1728.79
124,130,2017-07-03,1729.25,1731.51
125,131,2017-07-04,1732.48,1731.54
126,132,2017-07-05,1731.69,1729.83
127,133,2017-07-06,1729.66,1725.41
128,134,2017-07-07,1724.39,1726.6
129,135,2017-07-10,1727.37,1729.43
130,136,2017-07-11,1728.06,1730.06
131,137,2017-07-12,1729.16,1729.86
132,138,2017-07-13,1730.47,1730.05
133,139,2017-07-14,1731.22,1732.18
134,140,2017-07-17,1732.66,1732.59
135,141,2017-07-18,1732.56,1735.08
136,142,2017-07-19,1735.15,1734.3
137,143,2017-07-20,1733.52,1734.5
138,144,2017-07-21,1735.31,1733.71
139,145,2017-07-24,1733.19,1735.35
140,146,2017-07-25,1735.45,1733.31
141,147,2017-07-26,1733.99,1732.75
142,148,2017-07-27,1735.01,1734.74
143,149,2017-07-28,1734.85,1733.06
144,150,2017-07-31,1732.77,1730.99
145,151,2017-08-01,1731.14,1730.59
146,152,2017-08-02,1731.71,1731.89
147,153,2017-08-03,1732.09,1733.7
148,154,2017-08-04,1733.92,1732.26
149,155,2017-08-07,1732.71,1732.59
150,156,2017-08-08,1732.54,1732.54
151,157,2017-08-09,1732.96,1731.78
152,158,2017-08-10,1731.38,1730.59
153,159,2017-08-11,1730.18,1729.12
154,160,2017-08-14,1729.42,1730.71
155,162,2017-08-16,1729.96,1730.88
156,163,2017-08-17,1732.11,1733.38
157,164,2017-08-18,1734.51,1736.2
158,165,2017-08-21,1736.41,1737.88
159,166,2017-08-22,1738.25,1736.69
160,167,2017-08-23,1736.87,1737.73
161,168,2017-08-24,1738.57,1739.76
162,169,2017-08-25,1739.14,1739.4
163,170,2017-08-28,1739.81,1740.02
164,171,2017-08-29,1740.77,1741.6
165,172,2017-08-30,1741.04,1739.59
166,173,2017-08-31,1739.08,1740.33
167,174,2017-09-01,1740.63,1739.65
168,175,2017-09-04,1739.74,1741.01
169,176,2017-09-05,1742.93,1744.57
170,177,2017-09-06,1745.19,1747.79
171,178,2017-09-07,1747.44,1750.0
172,179,2017-09-08,1751.23,1749.23
173,180,2017-09-11,1748.93,1748.77
174,181,2017-09-12,1747.95,1746.73
175,182,2017-09-13,1746.84,1746.2
176,183,2017-09-14,1745.71,1746.0
177,184,2017-09-15,1746.65,1746.16
178,185,2017-09-18,1745.62,1743.89
179,186,2017-09-19,1743.62,1739.18
180,187,2017-09-20,1737.57,1740.42
181,188,2017-09-21,1738.73,1738.22
182,189,2017-09-22,1738.37,1740.42
183,190,2017-09-25,1741.02,1743.83
184,191,2017-09-26,1743.87,1743.27
185,192,2017-09-27,1740.89,1740.53
186,193,2017-09-28,1738.48,1740.35
187,194,2017-09-29,1740.82,1739.29
188,195,2017-10-02,1738.09,1739.27
189,196,2017-10-03,1739.21,1738.94
190,197,2017-10-04,1740.13,1739.2
191,198,2017-10-05,1738.93,1738.69
192,199,2017-10-06,1737.97,1733.37
193,200,2017-10-09,1735.54,1734.24
194,201,2017-10-10,1733.92,1736.03
195,202,2017-10-11,1737.05,1738.82
196,203,2017-10-12,1741.1,1740.25
197,204,2017-10-13,1742.54,1744.2
198,205,2017-10-16,1744.52,1745.82
199,206,2017-10-17,1745.63,1744.85
200,207,2017-10-18,1745.33,1743.81
201,208,2017-10-19,1745.18,1745.17
202,209,2017-10-20,1743.27,1741.31
203,210,2017-10-23,1741.37,1742.34
204,211,2017-10-24,1741.73,1742.43
205,212,2017-10-25,1741.9,1740.82
206,213,2017-10-26,1740.68,1741.95
207,214,2017-10-27,1740.77,1742.76
208,215,2017-10-30,1744.45,1743.54
209,216,2017-10-31,1743.46,1742.87
210,218,2017-11-02,1741.35,1740.96
211,219,2017-11-03,1742.74,1741.43
212,220,2017-11-06,1742.88,1743.14
213,221,2017-11-07,1742.51,1744.05
214,222,2017-11-08,1745.25,1745.46
215,223,2017-11-09,1746.35,1746.24
216,224,2017-11-10,1744.19,1749.22
217,225,2017-11-13,1748.64,1746.14
218,226,2017-11-14,1745.02,1745.59
219,227,2017-11-15,1746.47,1746.59
220,228,2017-11-16,1746.6,1748.25
221,229,2017-11-17,1748.39,1747.38
222,230,2017-11-20,1747.34,1746.13
223,231,2017-11-21,1746.69,1747.09
224,232,2017-11-22,1748.19,1748.5
225,233,2017-11-23,1750.49,1753.66
226,234,2017-11-24,1753.32,1753.59
227,235,2017-11-27,1753.87,1752.56
228,236,2017-11-28,1752.86,1754.54
229,237,2017-11-29,1754.64,1753.08
230,238,2017-11-30,1752.14,1751.24
231,239,2017-12-01,1751.42,1751.56
232,240,2017-12-04,1750.44,1751.31
233,241,2017-12-05,1751.7,1754.31
234,242,2017-12-06,1755.8,1756.35
235,243,2017-12-07,1756.52,1756.45
236,244,2017-12-08,1755.8,1756.59
237,245,2017-12-11,1757.02,1758.73
238,246,2017-12-12,1758.71,1757.16
239,247,2017-12-13,1756.67,1757.31
240,248,2017-12-14,1758.24,1758.58
241,249,2017-12-15,1759.95,1758.61
242,250,2017-12-18,1758.06,1758.37
243,251,2017-12-19,1757.18,1753.83
244,252,2017-12-20,1752.92,1752.65
245,253,2017-12-21,1752.85,1754.36
246,254,2017-12-22,1754.64,1756.36
247,257,2017-12-27,1757.89,1757.78
248,258,2017-12-28,1758.12,1757.36
249,259,2017-12-29,1757.55,1757.58
