,date,price,open,day_of_week
0,2023-06-29,7890.16,7837.28,Thursday
1,2023-06-28,7814.06,7899.25,Wednesday
2,2023-06-27,7821.39,7932.55,Tuesday
3,2023-06-26,7904.46,7697.47,Monday
4,2023-06-23,7671.75,7860.24,Friday
5,2023-06-22,7914.36,7863.20,Thursday
6,2023-06-21,7861.61,7785.46,Wednesday
7,2023-06-20,7769.66,7808.04,Tuesday
8,2023-06-19,7824.29,7839.55,Monday
9,2023-06-16,7866.54,7808.52,Friday
10,2023-06-15,7820.66,7731.01,Thursday
11,2023-06-14,7774.36,7537.43,Wednesday
12,2023-06-13,7522.07,7665.98,Tuesday
13,2023-06-12,7624.11,7741.76,Monday
14,2023-06-09,7749.36,7658.52,Friday
15,2023-06-07,7581.11,7676.14,Wednesday
16,2023-06-06,7695.41,7449.56,Tuesday
17,2023-06-05,7437.55,7499.76,Monday
18,2023-06-02,7487.62,7177.55,Friday
19,2023-06-01,7110.71,6975.88,Thursday
20,2023-05-31,6951.80,7106.29,Wednesday
21,2023-05-30,7181.76,7289.84,Tuesday
22,2023-05-29,7335.93,7374.96,Monday
23,2023-05-26,7349.04,7223.53,Friday
24,2023-05-25,7204.33,7131.93,Thursday
25,2023-05-24,7113.01,7297.37,Wednesday
26,2023-05-23,7344.05,7286.06,Tuesday
27,2023-05-22,7290.18,7224.03,Monday
28,2023-05-19,7242.75,7048.56,Friday
29,2023-05-18,7006.29,6978.18,Thursday
30,2023-05-17,6926.97,6881.70,Wednesday
31,2023-05-16,6919.56,6866.38,Tuesday
32,2023-05-15,6874.63,6950.28,Monday
33,2023-05-12,6912.44,6908.16,Friday
34,2023-05-11,6869.97,6961.30,Thursday
35,2023-05-10,6934.47,6923.41,Wednesday
36,2023-05-09,6892.37,6893.94,Tuesday
37,2023-05-08,6908.05,6871.13,Monday
38,2023-05-05,6850.25,6752.81,Friday
39,2023-05-04,6706.27,6948.84,Thursday
40,2023-05-02,6912.70,7020.43,Tuesday
41,2023-04-28,6976.87,7130.03,Friday
42,2023-04-27,7110.37,6975.26,Thursday
43,2023-04-26,6934.82,6992.54,Wednesday
44,2023-04-25,7034.57,7101.28,Tuesday
45,2023-04-24,7136.23,7087.01,Monday
46,2023-04-21,7099.12,7072.53,Friday
47,2023-04-20,7149.47,7109.98,Thursday
48,2023-04-19,7112.25,7043.00,Wednesday
49,2023-04-18,7062.88,6943.22,Tuesday
50,2023-04-17,6927.93,6913.81,Monday
51,2023-04-14,6891.00,6815.18,Friday
52,2023-04-13,6794.96,6640.92,Thursday
53,2023-04-12,6658.70,6491.02,Wednesday
54,2023-04-11,6505.22,6378.99,Tuesday
55,2023-04-06,6336.40,6319.85,Thursday
56,2023-04-05,6315.69,6405.85,Wednesday
57,2023-04-04,6396.72,6447.65,Tuesday
58,2023-04-03,6408.49,6313.63,Monday
59,2023-03-31,6268.86,6306.58,Friday
60,2023-03-30,6299.38,6168.82,Thursday
61,2023-03-29,6151.82,6070.57,Wednesday
62,2023-03-28,6008.60,5956.80,Tuesday
63,2023-03-27,5895.44,5877.87,Monday
64,2023-03-24,5817.08,5931.71,Friday
65,2023-03-23,5947.63,5918.49,Thursday
66,2023-03-22,5949.80,6020.24,Wednesday
67,2023-03-21,6035.86,5910.54,Tuesday
68,2023-03-20,5809.21,5641.30,Monday
69,2023-03-17,5780.27,5978.52,Friday
70,2023-03-16,5929.97,6081.46,Thursday
71,2023-03-15,6003.90,6228.67,Wednesday
72,2023-03-14,6191.70,6168.28,Tuesday
73,2023-03-13,6178.56,6436.23,Monday
74,2023-03-10,6377.09,6435.68,Friday
75,2023-03-09,6584.30,6667.88,Thursday
76,2023-03-08,6666.06,6608.76,Wednesday
77,2023-03-07,6645.54,6693.43,Tuesday
78,2023-03-06,6720.34,6589.27,Monday
79,2023-03-03,6543.26,6503.16,Friday
80,2023-03-02,6454.55,6634.73,Thursday
81,2023-03-01,6651.35,6628.16,Wednesday
82,2023-02-28,6626.80,6497.73,Tuesday
83,2023-02-27,6518.14,6500.57,Monday
84,2023-02-24,6473.16,6464.18,Friday
85,2023-02-23,6440.18,6367.57,Thursday
86,2023-02-22,6359.95,6463.42,Wednesday
87,2023-02-21,6490.29,6562.93,Tuesday
88,2023-02-20,6599.36,6703.60,Monday
89,2023-02-17,6688.76,6715.52,Friday
90,2023-02-16,6803.61,6839.76,Thursday
91,2023-02-15,6810.98,6742.96,Wednesday
92,2023-02-14,6781.09,6733.64,Tuesday
93,2023-02-13,6694.04,6740.03,Monday
94,2023-02-10,6677.21,6774.67,Friday
95,2023-02-09,6823.79,6756.24,Thursday
96,2023-02-08,6713.79,6696.58,Wednesday
97,2023-02-07,6638.78,6687.19,Tuesday
98,2023-02-06,6636.25,6772.70,Monday
99,2023-02-03,6802.78,6729.61,Friday
100,2023-02-02,6735.29,6758.63,Thursday
101,2023-02-01,6672.69,6709.53,Wednesday
102,2023-01-31,6720.30,6521.86,Tuesday
103,2023-01-30,6529.24,6619.20,Monday
104,2023-01-27,6655.73,6736.57,Friday
105,2023-01-26,6713.00,6753.22,Thursday
106,2023-01-25,6673.44,6717.62,Wednesday
107,2023-01-24,6957.86,7028.97,Tuesday
108,2023-01-23,6979.57,6966.37,Monday
109,2023-01-20,6919.01,6935.27,Friday
110,2023-01-19,6899.90,6897.39,Thursday
111,2023-01-18,6952.36,7056.76,Wednesday
112,2023-01-17,7053.30,7281.71,Tuesday
113,2023-01-16,7294.39,7215.06,Monday
114,2023-01-13,7216.64,7253.59,Friday
115,2023-01-12,7264.89,7121.03,Thursday
116,2023-01-11,7082.94,7234.72,Wednesday
117,2023-01-10,7224.77,7068.99,Tuesday
118,2023-01-09,7129.24,7008.41,Monday
119,2023-01-05,6907.77,6792.68,Thursday
120,2023-01-04,6829.26,6593.35,Wednesday
121,2023-01-03,6587.74,6277.19,Tuesday
122,2023-01-02,6257.16,6270.23,Monday
123,2022-12-30,6251.97,6253.72,Friday
124,2022-12-29,6297.36,6187.07,Thursday
125,2022-12-28,6190.67,6134.94,Wednesday
126,2022-12-27,6141.77,6246.28,Tuesday
127,2022-12-23,6213.44,6274.65,Friday
128,2022-12-22,6274.96,6272.79,Thursday
129,2022-12-21,6265.66,6146.59,Wednesday
130,2022-12-20,6128.80,5988.21,Tuesday
131,2022-12-19,6036.56,6038.16,Monday
132,2022-12-16,6026.01,6014.00,Friday
133,2022-12-15,6063.46,6151.67,Thursday
134,2022-12-14,6187.26,6164.34,Wednesday
135,2022-12-13,6169.19,6093.88,Tuesday
136,2022-12-12,6074.01,5968.13,Monday
137,2022-12-09,5993.54,6000.95,Friday
138,2022-12-08,5960.53,6041.49,Thursday
139,2022-12-07,6064.15,6035.27,Wednesday
140,2022-12-06,6073.51,6164.29,Tuesday
141,2022-12-05,6225.39,6203.47,Monday
142,2022-12-02,6179.82,6239.35,Friday
143,2022-12-01,6277.68,6251.46,Thursday
144,2022-11-30,6135.09,6135.96,Wednesday
145,2022-11-29,6105.85,6161.04,Tuesday
146,2022-11-28,6142.28,6151.18,Monday
147,2022-11-25,6193.77,6159.21,Friday
148,2022-11-24,6181.94,6104.52,Thursday
149,2022-11-23,6051.48,6085.73,Wednesday
150,2022-11-22,6055.56,5987.83,Tuesday
151,2022-11-21,6014.31,6067.14,Monday
152,2022-11-18,6077.70,6049.96,Friday
153,2022-11-17,6057.36,6214.95,Thursday
154,2022-11-16,6203.67,6217.66,Wednesday
155,2022-11-15,6353.25,6301.83,Tuesday
156,2022-11-14,6240.70,6071.06,Monday
157,2022-11-10,6020.07,5854.15,Thursday
158,2022-11-09,5905.36,5826.28,Wednesday
159,2022-11-08,5823.60,5775.53,Tuesday
160,2022-11-07,5784.46,5609.26,Monday
161,2022-11-04,5591.76,5572.56,Friday
162,2022-11-03,5551.67,5544.04,Thursday
163,2022-11-02,5671.54,5683.69,Wednesday
164,2022-10-31,5643.97,5531.98,Monday
165,2022-10-28,5508.79,5417.46,Friday
166,2022-10-27,5449.88,5337.71,Thursday
167,2022-10-26,5354.76,5231.06,Wednesday
168,2022-10-25,5236.36,5232.57,Tuesday
169,2022-10-24,5212.57,5234.79,Monday
170,2022-10-21,5138.01,5106.86,Friday
171,2022-10-20,5134.03,4941.51,Thursday
172,2022-10-19,4951.08,5019.86,Wednesday
173,2022-10-18,5043.09,4925.63,Tuesday
174,2022-10-17,4848.34,4749.22,Monday
175,2022-10-14,4761.04,4757.37,Friday
176,2022-10-13,4612.70,4622.65,Thursday
177,2022-10-12,4637.02,4616.12,Wednesday
178,2022-10-11,4598.16,4529.43,Tuesday
179,2022-10-10,4536.97,4578.24,Monday
180,2022-10-07,4631.55,4616.16,Friday
181,2022-10-06,4632.89,4655.47,Thursday
182,2022-10-05,4610.59,4783.84,Wednesday
183,2022-10-04,4793.19,4641.12,Tuesday
184,2022-10-03,4549.57,4531.45,Monday
185,2022-09-30,4570.65,4571.48,Friday
186,2022-09-29,4557.76,4766.87,Thursday
187,2022-09-28,4727.39,4690.46,Wednesday
188,2022-09-27,4790.17,4837.73,Tuesday
189,2022-09-26,4752.77,4759.54,Monday
190,2022-09-23,4826.88,4965.63,Friday
191,2022-09-22,4982.13,4854.29,Thursday
192,2022-09-21,4938.18,4945.90,Wednesday
193,2022-09-20,5026.40,5205.49,Tuesday
194,2022-09-19,5150.66,5020.82,Monday
195,2022-09-16,5025.52,5205.35,Friday
196,2022-09-15,5239.23,5227.12,Thursday
197,2022-09-14,5196.20,5134.01,Wednesday
198,2022-09-13,5195.45,5361.55,Tuesday
199,2022-09-12,5327.58,5189.89,Monday
200,2022-09-09,5134.61,4996.46,Friday
201,2022-09-08,4906.20,4849.09,Thursday
202,2022-09-07,4774.15,4730.78,Wednesday
203,2022-09-06,4775.75,4800.45,Tuesday
204,2022-09-05,4799.33,4744.98,Monday
205,2022-09-02,4853.39,4724.31,Friday
206,2022-09-01,4664.49,4827.25,Thursday
207,2022-08-31,4881.75,4841.35,Wednesday
208,2022-08-30,4804.46,4914.33,Tuesday
209,2022-08-29,4885.76,4912.26,Monday
210,2022-08-26,4997.06,5149.44,Friday
211,2022-08-25,5152.15,5073.28,Thursday
212,2022-08-24,5006.62,5095.23,Wednesday
213,2022-08-23,5123.55,5157.85,Tuesday
214,2022-08-22,5200.55,5248.99,Monday
215,2022-08-19,5293.52,5308.90,Friday
216,2022-08-18,5366.08,5263.23,Thursday
217,2022-08-17,5245.33,5471.63,Wednesday
218,2022-08-16,5473.86,5480.89,Tuesday
219,2022-08-12,5447.25,5399.40,Friday
220,2022-08-11,5416.62,5401.86,Thursday
221,2022-08-10,5358.33,5318.65,Wednesday
222,2022-08-09,5336.25,5330.01,Tuesday
223,2022-08-08,5333.55,5155.49,Monday
224,2022-08-05,5101.69,5157.88,Friday
225,2022-08-04,5148.61,5266.13,Thursday
226,2022-08-03,5273.57,5269.29,Wednesday
227,2022-08-02,5243.36,5296.96,Tuesday
228,2022-08-01,5322.09,5264.28,Monday
229,2022-07-29,5250.34,5135.92,Friday
230,2022-07-28,5081.71,5088.36,Thursday
231,2022-07-27,5028.06,5074.23,Wednesday
232,2022-07-26,5050.78,5203.94,Tuesday
233,2022-07-25,5210.45,5149.76,Monday
234,2022-07-22,5158.29,5189.53,Friday
235,2022-07-21,5179.07,5191.84,Thursday
236,2022-07-20,5183.55,5217.66,Wednesday
237,2022-07-19,5163.35,5079.31,Tuesday
238,2022-07-18,5107.80,5065.28,Monday
239,2022-07-15,4974.67,4979.18,Friday
240,2022-07-14,4950.80,5149.04,Thursday
241,2022-07-13,5129.56,5178.13,Wednesday
242,2022-07-12,5139.63,5294.28,Tuesday
243,2022-07-11,5354.05,5349.91,Monday
244,2022-07-08,5433.35,5250.04,Friday
245,2022-07-07,5275.46,5203.35,Thursday
246,2022-07-06,5171.93,5190.42,Wednesday
247,2022-07-05,5145.28,5392.47,Tuesday
248,2022-07-04,5277.88,5447.31,Monday
249,2022-07-01,5426.50,5468.38,Friday
250,2022-06-30,5455.75,5563.55,Thursday
251,2022-06-29,5631.38,5632.27,Wednesday
252,2022-06-28,5712.24,5647.39,Tuesday
253,2022-06-27,5610.33,5681.96,Monday
254,2022-06-24,5648.84,5549.15,Friday
255,2022-06-23,5505.18,5591.19,Thursday
256,2022-06-22,5577.50,5586.84,Wednesday
257,2022-06-21,5654.78,5648.03,Tuesday
258,2022-06-20,5595.38,5561.94,Monday
259,2022-06-17,5502.86,5485.96,Friday
260,2022-06-15,5619.35,5562.36,Wednesday
261,2022-06-14,5519.09,5444.38,Tuesday
262,2022-06-13,5385.43,5496.38,Monday
263,2022-06-10,5636.96,5771.24,Friday
264,2022-06-09,5839.62,5936.13,Thursday
265,2022-06-08,5983.41,6155.96,Wednesday
266,2022-06-07,6137.89,6204.22,Tuesday
267,2022-06-06,6272.16,6121.36,Monday
268,2022-06-03,6095.70,6263.22,Friday
269,2022-06-02,6211.20,6207.81,Thursday
270,2022-06-01,6180.51,6225.71,Wednesday
271,2022-05-31,6227.81,6282.73,Tuesday
272,2022-05-30,6313.10,6181.29,Monday
273,2022-05-27,6100.47,6227.15,Friday
274,2022-05-26,6222.53,6163.14,Thursday
275,2022-05-25,6143.99,6264.85,Wednesday
276,2022-05-24,6208.21,6176.46,Tuesday
277,2022-05-23,6250.91,6098.01,Monday
278,2022-05-20,5987.93,6092.27,Friday
279,2022-05-19,6004.60,5993.94,Thursday
280,2022-05-18,6167.40,6154.27,Wednesday
281,2022-05-17,6119.87,6028.77,Tuesday
282,2022-05-16,5960.31,5954.09,Monday
283,2022-05-13,5957.74,5770.04,Friday
284,2022-05-12,5668.52,5541.62,Thursday
285,2022-05-11,5732.02,5853.70,Wednesday
286,2022-05-10,5834.31,5934.75,Tuesday
287,2022-05-09,5858.69,5965.95,Monday
288,2022-05-06,6026.82,6042.18,Friday
289,2022-05-05,6088.56,6365.96,Thursday
290,2022-05-04,6222.15,6419.08,Wednesday
291,2022-05-02,6384.41,6453.45,Monday
292,2022-04-29,6466.84,6571.43,Friday
293,2022-04-28,6490.20,6682.91,Thursday
294,2022-04-27,6523.19,6742.60,Wednesday
295,2022-04-26,6783.26,6917.89,Tuesday
296,2022-04-25,6824.40,7127.14,Monday
297,2022-04-22,7242.04,7265.32,Friday
298,2022-04-21,7446.81,7332.80,Thursday
299,2022-04-20,7260.45,7289.54,Wednesday
300,2022-04-19,7235.73,7339.60,Tuesday
301,2022-04-14,7316.32,7499.42,Thursday
302,2022-04-13,7435.08,7481.54,Wednesday
303,2022-04-12,7422.31,7602.04,Tuesday
304,2022-04-11,7662.37,7532.16,Monday
305,2022-04-08,7560.48,7740.41,Friday
306,2022-04-07,7693.57,7702.63,Thursday
307,2022-04-06,7678.96,7768.30,Wednesday
308,2022-04-05,7725.47,7911.44,Tuesday
309,2022-04-04,7925.96,7962.50,Monday
310,2022-04-01,7888.39,7704.51,Friday
311,2022-03-31,7643.54,7781.10,Thursday
312,2022-03-30,7770.96,7810.18,Wednesday
313,2022-03-29,7844.57,7376.13,Tuesday
314,2022-03-28,7312.46,7392.75,Monday
315,2022-03-25,7356.48,7422.90,Friday
316,2022-03-24,7396.13,7448.84,Thursday
317,2022-03-23,7438.81,7552.83,Wednesday
318,2022-03-22,7488.57,7401.93,Tuesday
319,2022-03-21,7377.89,7623.28,Monday
320,2022-03-18,7564.76,7702.42,Friday
321,2022-03-17,7723.75,7707.83,Thursday
322,2022-03-16,7598.34,7409.73,Wednesday
323,2022-03-15,7246.81,7122.96,Tuesday
324,2022-03-14,7112.90,7231.37,Monday
325,2022-03-11,7163.19,7102.78,Friday
326,2022-03-10,6999.69,7264.18,Thursday
327,2022-03-09,7177.48,6768.83,Wednesday
328,2022-03-08,6601.26,6494.61,Tuesday
329,2022-03-07,6581.43,6279.42,Monday
330,2022-03-04,6668.13,7082.69,Friday
331,2022-03-03,7219.91,7430.64,Thursday
332,2022-03-02,7426.42,7293.87,Wednesday
333,2022-03-01,7358.36,7848.16,Tuesday
334,2022-02-28,7854.84,7597.34,Monday
335,2022-02-25,7944.91,7284.34,Friday
336,2022-02-24,7019.41,7669.91,Thursday
337,2022-02-23,8281.21,8524.55,Wednesday
338,2022-02-22,8474.95,8158.65,Tuesday
339,2022-02-21,8437.98,8881.70,Monday
340,2022-02-18,8829.73,8945.44,Friday
341,2022-02-17,8957.01,9177.75,Thursday
342,2022-02-16,9171.16,9230.87,Wednesday
343,2022-02-15,9129.22,8998.64,Tuesday
344,2022-02-14,8931.08,8880.78,Monday
345,2022-02-11,9163.48,9205.70,Friday
346,2022-02-10,9293.86,9407.25,Thursday
347,2022-02-09,9412.26,9428.87,Wednesday
348,2022-02-08,9409.01,9194.15,Tuesday
349,2022-02-07,9186.55,9333.36,Monday
350,2022-02-04,9244.19,9439.10,Friday
351,2022-02-03,9406.07,9364.71,Thursday
352,2022-02-02,9383.02,9297.87,Wednesday
353,2022-02-01,9225.83,9214.31,Tuesday
354,2022-01-31,9102.28,9168.56,Monday
355,2022-01-28,9031.25,9167.60,Friday
356,2022-01-27,9198.77,9011.35,Thursday
357,2022-01-26,9105.12,8896.57,Wednesday
358,2022-01-25,8837.81,8779.47,Tuesday
359,2022-01-24,8695.00,9020.76,Monday
360,2022-01-21,9067.86,9105.17,Friday
361,2022-01-20,9173.48,9210.43,Thursday
362,2022-01-19,9183.15,9124.94,Wednesday
363,2022-01-18,9195.21,9335.23,Tuesday
364,2022-01-17,9368.68,9376.43,Monday
365,2022-01-14,9380.68,9521.69,Friday
366,2022-01-13,9536.94,9510.09,Thursday
367,2022-01-12,9529.45,9388.54,Wednesday
368,2022-01-11,9317.27,9077.10,Tuesday
369,2022-01-10,9051.43,8962.98,Monday
370,2022-01-07,8973.43,8837.60,Friday
371,2022-01-05,8845.17,8862.70,Wednesday
372,2022-01-04,8910.95,8876.47,Tuesday
373,2022-01-03,8812.66,8691.15,Monday
374,2021-12-30,8640.27,8556.84,Thursday
375,2021-12-29,8575.50,8581.32,Wednesday
376,2021-12-28,8616.05,8435.24,Tuesday
377,2021-12-27,8461.03,8415.37,Monday
378,2021-12-23,8398.10,8208.23,Thursday
379,2021-12-22,8212.13,8185.09,Wednesday
380,2021-12-21,8166.74,8184.84,Tuesday
381,2021-12-20,8149.95,7890.48,Monday
382,2021-12-17,8080.87,8214.16,Friday
383,2021-12-16,8278.99,8137.03,Thursday
384,2021-12-15,8037.71,8203.92,Wednesday
385,2021-12-14,8238.79,8336.51,Tuesday
386,2021-12-13,8308.87,8414.43,Monday
387,2021-12-10,8390.47,8386.98,Friday
388,2021-12-09,8446.70,8569.37,Thursday
389,2021-12-08,8599.48,8734.42,Wednesday
390,2021-12-07,8699.17,8728.48,Tuesday
391,2021-12-06,8664.15,8638.58,Monday
392,2021-12-03,8547.46,8670.21,Friday
393,2021-12-02,8600.85,8505.82,Thursday
394,2021-12-01,8560.37,8729.56,Wednesday
395,2021-11-30,8569.30,8203.03,Tuesday
396,2021-11-29,8304.25,8274.84,Monday
397,2021-11-26,8217.98,8390.67,Friday
398,2021-11-25,8704.44,8690.69,Thursday
399,2021-11-24,8692.30,8670.85,Wednesday
400,2021-11-23,8651.09,8583.29,Tuesday
401,2021-11-22,8610.07,8586.08,Monday
402,2021-11-19,8555.26,8763.61,Friday
403,2021-11-18,8730.19,8971.72,Thursday
404,2021-11-17,9008.51,9112.78,Wednesday
405,2021-11-16,9066.75,9143.02,Tuesday
406,2021-11-15,9081.54,9125.48,Monday
407,2021-11-12,9102.97,9283.43,Friday
408,2021-11-10,9165.56,9273.59,Wednesday
409,2021-11-09,9259.37,9401.85,Tuesday
410,2021-11-08,9445.22,9547.31,Monday
411,2021-11-05,9524.06,9526.37,Friday
412,2021-11-04,9520.39,9342.57,Thursday
413,2021-11-03,9186.47,9534.84,Wednesday
414,2021-11-02,9516.54,9453.80,Tuesday
415,2021-10-29,9401.15,9083.63,Friday
416,2021-10-28,9118.42,9035.49,Thursday
417,2021-10-27,9064.05,9027.06,Wednesday
418,2021-10-26,9056.62,8908.79,Tuesday
419,2021-10-25,8925.77,8891.99,Monday
420,2021-10-22,8883.28,8889.57,Friday
421,2021-10-21,8893.89,8795.88,Thursday
422,2021-10-20,8831.95,8799.21,Wednesday
423,2021-10-19,8795.32,8899.65,Tuesday
424,2021-10-18,8882.44,8809.10,Monday
425,2021-10-15,8794.80,8774.50,Friday
426,2021-10-14,8831.86,8796.06,Thursday
427,2021-10-13,8739.98,8897.22,Wednesday
428,2021-10-12,8929.60,8710.66,Tuesday
429,2021-10-11,8810.17,8668.20,Monday
430,2021-10-08,8677.74,8550.09,Friday
431,2021-10-07,8556.21,8583.34,Thursday
432,2021-10-06,8513.57,8203.85,Wednesday
433,2021-10-05,8216.90,8104.23,Tuesday
434,2021-10-04,8097.02,7920.61,Monday
435,2021-10-01,7958.10,7597.56,Friday
436,2021-09-30,7657.84,7740.64,Thursday
437,2021-09-29,7708.40,7612.94,Wednesday
438,2021-09-28,7619.94,7730.81,Tuesday
439,2021-09-27,7748.27,7711.61,Monday
440,2021-09-24,7670.31,7690.28,Friday
441,2021-09-23,7666.22,7741.20,Thursday
442,2021-09-22,7693.42,7516.13,Wednesday
443,2021-09-21,7445.22,7385.36,Tuesday
444,2021-09-20,7399.26,7550.88,Monday
445,2021-09-17,7643.05,7706.70,Friday
446,2021-09-16,7760.47,7685.06,Thursday
447,2021-09-15,7702.31,7748.55,Wednesday
448,2021-09-14,7831.46,7772.82,Tuesday
449,2021-09-13,7812.71,7708.18,Monday
450,2021-09-10,7694.62,7732.91,Friday
451,2021-09-09,7709.39,7698.51,Thursday
452,2021-09-08,7742.62,7794.21,Wednesday
453,2021-09-07,7817.61,7805.43,Tuesday
454,2021-09-06,7830.22,7688.56,Monday
455,2021-09-03,7688.19,7683.51,Friday
456,2021-09-02,7690.69,7637.22,Thursday
457,2021-09-01,7655.33,7608.25,Wednesday
458,2021-08-31,7585.83,7401.90,Tuesday
459,2021-08-30,7415.48,7346.33,Monday
460,2021-08-27,7326.48,7237.40,Friday
461,2021-08-26,7244.55,7244.49,Thursday
462,2021-08-25,7284.96,7134.84,Wednesday
463,2021-08-24,7151.45,7132.31,Tuesday
464,2021-08-23,7129.37,7029.77,Monday
465,2021-08-20,6988.05,7003.33,Friday
466,2021-08-19,7002.58,7087.99,Thursday
467,2021-08-18,7149.96,7156.35,Wednesday
468,2021-08-17,7173.72,7133.10,Tuesday
469,2021-08-16,7152.95,7087.33,Monday
470,2021-08-13,7155.81,7086.91,Friday
471,2021-08-12,7110.51,7145.90,Thursday
472,2021-08-11,7171.20,7059.25,Wednesday
473,2021-08-10,7051.87,7046.01,Tuesday
474,2021-08-09,7052.60,6891.37,Monday
475,2021-08-06,6897.66,6782.72,Friday
476,2021-08-05,6777.23,6716.23,Thursday
477,2021-08-04,6749.85,6680.85,Wednesday
478,2021-08-03,6628.92,6686.91,Tuesday
479,2021-08-02,6682.13,6669.41,Monday
480,2021-07-30,6630.84,6591.58,Friday
481,2021-07-29,6625.59,6604.03,Thursday
482,2021-07-28,6590.74,6448.19,Wednesday
483,2021-07-27,6410.67,6465.90,Tuesday
484,2021-07-26,6468.79,6427.14,Monday
485,2021-07-23,6439.56,6475.26,Friday
486,2021-07-22,6443.64,6559.05,Thursday
487,2021-07-21,6544.00,6326.17,Wednesday
488,2021-07-20,6306.89,6273.12,Tuesday
489,2021-07-19,6273.38,6397.04,Monday
490,2021-07-16,6424.37,6429.09,Friday
491,2021-07-15,6412.34,6436.96,Thursday
492,2021-07-14,6428.37,6388.53,Wednesday
493,2021-07-13,6372.92,6357.65,Tuesday
494,2021-07-12,6337.87,6489.30,Monday
495,2021-07-09,6499.39,6424.16,Friday
496,2021-07-08,6400.41,6533.92,Thursday
497,2021-07-07,6578.85,6516.83,Wednesday
498,2021-07-06,6475.13,6635.31,Tuesday
499,2021-07-05,6631.87,6611.70,Monday
500,2021-07-02,6607.77,6665.62,Friday
501,2021-07-01,6642.16,6566.93,Thursday
502,2021-06-30,6547.82,6900.07,Wednesday
503,2021-06-29,6917.91,7025.55,Tuesday
504,2021-06-28,7080.41,7056.91,Monday
505,2021-06-25,7069.41,7117.58,Friday
506,2021-06-24,7111.21,6951.54,Thursday
507,2021-06-23,6933.71,6900.06,Wednesday
508,2021-06-22,6890.11,6869.32,Tuesday
509,2021-06-21,6866.34,6794.78,Monday
510,2021-06-18,6844.62,6843.70,Friday
511,2021-06-17,6840.78,6802.44,Thursday
512,2021-06-16,6846.92,6805.97,Wednesday
513,2021-06-15,6836.10,6939.39,Tuesday
514,2021-06-14,6909.81,6822.68,Monday
515,2021-06-11,6771.16,6843.31,Friday
516,2021-06-10,6845.76,6735.18,Thursday
517,2021-06-09,6732.79,6762.23,Wednesday
518,2021-06-08,6774.83,6813.62,Tuesday
519,2021-06-07,6829.22,6885.70,Monday
520,2021-06-04,6895.40,6875.63,Friday
521,2021-06-02,6849.60,6868.91,Wednesday
522,2021-06-01,6856.44,6867.61,Tuesday
523,2021-05-31,6892.13,6816.25,Monday
524,2021-05-28,6814.21,6696.88,Friday
525,2021-05-27,6696.28,6523.58,Thursday
526,2021-05-26,6528.57,6514.73,Wednesday
527,2021-05-25,6501.29,6407.63,Tuesday
528,2021-05-24,6402.77,6435.89,Monday
529,2021-05-21,6437.02,6280.47,Friday
530,2021-05-20,6261.51,6165.93,Thursday
531,2021-05-19,6161.20,6156.93,Wednesday
532,2021-05-18,6183.61,6150.64,Tuesday
533,2021-05-17,6129.37,6042.94,Monday
534,2021-05-14,5987.08,5962.13,Friday
535,2021-05-13,5922.30,5919.65,Thursday
536,2021-05-12,5939.48,5997.78,Wednesday
537,2021-05-11,5974.43,6136.11,Tuesday
538,2021-05-10,6202.07,6044.53,Monday
539,2021-05-07,6012.18,5916.94,Friday
540,2021-05-06,5874.70,5886.19,Thursday
541,2021-05-05,5837.26,5786.04,Wednesday
542,2021-05-04,5750.16,5890.38,Tuesday
543,2021-04-30,5869.76,5924.90,Friday
544,2021-04-29,5917.06,5717.79,Thursday
545,2021-04-28,5671.20,5564.59,Wednesday
546,2021-04-27,5535.67,5544.16,Tuesday
547,2021-04-26,5536.29,5508.21,Monday
548,2021-04-23,5506.22,5517.60,Friday
549,2021-04-22,5528.39,5556.36,Thursday
550,2021-04-21,5544.46,5539.72,Wednesday
551,2021-04-20,5548.59,5534.05,Tuesday
552,2021-04-19,5541.61,5560.92,Monday
553,2021-04-16,5565.21,5536.14,Friday
554,2021-04-15,5548.63,5522.00,Thursday
555,2021-04-14,5529.24,5492.86,Wednesday
556,2021-04-13,5466.11,5498.58,Tuesday
557,2021-04-12,5488.31,5445.81,Monday
558,2021-04-09,5447.93,5467.69,Friday
559,2021-04-08,5468.01,5524.29,Thursday
560,2021-04-07,5508.12,5524.25,Wednesday
561,2021-04-06,5547.03,5407.86,Tuesday
562,2021-04-01,5423.64,5455.09,Thursday
563,2021-03-31,5432.19,5459.77,Wednesday
564,2021-03-30,5446.27,5476.10,Tuesday
565,2021-03-29,5458.93,5415.67,Monday
566,2021-03-26,5414.02,5407.50,Friday
567,2021-03-25,5345.85,5382.13,Thursday
568,2021-03-24,5372.61,5380.55,Wednesday
569,2021-03-23,5466.67,5359.92,Tuesday
570,2021-03-22,5314.20,5273.26,Monday
571,2021-03-19,5283.27,5380.63,Friday
572,2021-03-18,5400.73,5320.09,Thursday
573,2021-03-17,5295.36,5403.21,Wednesday
574,2021-03-16,5422.55,5540.23,Tuesday
575,2021-03-15,5526.44,5525.17,Monday
576,2021-03-12,5517.99,5450.02,Friday
577,2021-03-11,5459.15,5589.16,Thursday
578,2021-03-10,5591.21,5544.06,Wednesday
579,2021-03-09,5551.48,5477.31,Tuesday
580,2021-03-08,5493.00,5410.28,Monday
581,2021-03-05,5394.36,5403.61,Friday
582,2021-03-04,5420.28,5392.97,Thursday
583,2021-03-03,5426.88,5403.37,Wednesday
584,2021-03-02,5407.46,5428.02,Tuesday
585,2021-03-01,5440.33,5273.71,Monday
586,2021-02-26,5225.83,5233.42,Friday
587,2021-02-25,5287.28,5212.86,Thursday
588,2021-02-24,5156.06,5097.51,Wednesday
589,2021-02-23,5085.42,5198.58,Tuesday
590,2021-02-22,5206.58,5232.24,Monday
591,2021-02-19,5281.64,5281.41,Friday
592,2021-02-18,5299.37,5321.23,Thursday
593,2021-02-17,5328.15,5331.76,Wednesday
594,2021-02-16,5365.22,5047.95,Tuesday
595,2021-02-15,5038.82,4885.19,Monday
596,2021-02-12,4848.86,4876.69,Friday
597,2021-02-11,4888.87,4802.24,Thursday
598,2021-02-10,4788.55,4871.11,Wednesday
599,2021-02-09,4855.14,4872.08,Tuesday
600,2021-02-08,4867.44,4928.92,Monday
601,2021-02-05,4915.51,4840.43,Friday
602,2021-02-04,4817.22,4887.14,Thursday
603,2021-02-03,4900.92,5001.53,Wednesday
604,2021-02-02,4965.85,4936.23,Tuesday
605,2021-02-01,4919.21,4852.29,Monday
606,2021-01-29,4860.87,4824.03,Friday
607,2021-01-28,4876.81,4792.35,Thursday
608,2021-01-27,4821.85,4941.25,Wednesday
609,2021-01-26,4959.07,4881.95,Tuesday
610,2021-01-25,4925.59,5041.58,Monday
611,2021-01-22,5015.29,4984.77,Friday
612,2021-01-21,5015.28,5147.67,Thursday
613,2021-01-20,5120.95,5098.25,Wednesday
614,2021-01-19,5107.68,5226.42,Tuesday
615,2021-01-18,5181.22,5090.59,Monday
616,2021-01-15,5097.45,5202.22,Friday
617,2021-01-14,5235.63,5264.26,Thursday
618,2021-01-13,5257.02,5305.04,Wednesday
619,2021-01-12,5284.58,5431.36,Tuesday
620,2021-01-11,5408.93,5363.26,Monday
621,2021-01-08,5363.36,5198.57,Friday
622,2021-01-07,5175.60,4951.85,Thursday
623,2021-01-05,4859.01,4813.01,Tuesday
624,2021-01-04,4823.62,4748.76,Monday
625,2020-12-30,4765.33,4936.16,Wednesday
626,2020-12-29,4916.77,4906.81,Tuesday
627,2020-12-28,4872.14,4775.40,Monday
628,2020-12-23,4721.85,4677.25,Wednesday
629,2020-12-22,4668.36,4550.23,Tuesday
630,2020-12-21,4542.01,4600.25,Monday
631,2020-12-18,4637.24,4660.37,Friday
632,2020-12-17,4683.20,4826.21,Thursday
633,2020-12-16,4848.27,4773.78,Wednesday
634,2020-12-15,4734.15,4705.54,Tuesday
635,2020-12-14,4715.70,4772.96,Monday
636,2020-12-11,4737.41,4783.66,Friday
637,2020-12-10,4759.85,4873.36,Thursday
638,2020-12-09,4866.12,4694.43,Wednesday
639,2020-12-08,4680.39,4667.82,Tuesday
640,2020-12-07,4668.46,4656.08,Monday
641,2020-12-04,4659.39,4545.56,Friday
642,2020-12-03,4538.16,4527.20,Thursday
643,2020-12-02,4515.97,4414.96,Wednesday
644,2020-12-01,4428.48,4422.30,Tuesday
645,2020-11-30,4387.40,4536.72,Monday
646,2020-11-27,4599.87,4593.68,Friday
647,2020-11-26,4623.51,4623.94,Thursday
648,2020-11-25,4617.11,4641.07,Wednesday
649,2020-11-24,4616.25,4587.89,Tuesday
650,2020-11-23,4565.39,4455.75,Monday
651,2020-11-20,4428.41,4329.87,Friday
652,2020-11-19,4390.40,4441.86,Thursday
653,2020-11-18,4487.21,4437.61,Wednesday
654,2020-11-17,4476.68,4449.03,Tuesday
655,2020-11-16,4457.34,4232.88,Monday
656,2020-11-13,4211.55,4190.31,Friday
657,2020-11-12,4207.19,4099.76,Thursday
658,2020-11-10,4115.23,3876.28,Tuesday
659,2020-11-09,3867.67,3544.54,Monday
660,2020-11-06,3524.97,3501.30,Friday
661,2020-11-05,3540.33,3492.14,Thursday
662,2020-11-04,3436.12,3440.06,Wednesday
663,2020-11-03,3486.23,3302.27,Tuesday
664,2020-11-02,3261.94,3181.87,Monday
665,2020-10-30,3155.99,3113.60,Friday
666,2020-10-29,3164.05,3234.34,Thursday
667,2020-10-28,3228.96,3436.58,Wednesday
668,2020-10-27,3458.91,3571.59,Tuesday
669,2020-10-26,3534.57,3510.93,Monday
670,2020-10-23,3543.17,3497.26,Friday
671,2020-10-22,3488.03,3450.84,Thursday
672,2020-10-21,3467.58,3539.04,Wednesday
673,2020-10-20,3527.76,3503.80,Tuesday
674,2020-10-19,3519.47,3596.19,Monday
675,2020-10-16,3584.58,3539.85,Friday
676,2020-10-15,3546.36,3669.69,Thursday
677,2020-10-14,3698.71,3719.25,Wednesday
678,2020-10-13,3707.81,3808.91,Tuesday
679,2020-10-12,3823.36,3858.95,Monday
680,2020-10-09,3851.60,3894.89,Friday
681,2020-10-08,3903.38,3973.62,Thursday
682,2020-10-07,3961.18,3958.31,Wednesday
683,2020-10-06,3953.84,3825.91,Tuesday
684,2020-10-05,3806.31,3735.73,Monday
685,2020-10-02,3708.88,3650.10,Friday
686,2020-10-01,3691.66,3734.79,Thursday
687,2020-09-30,3698.72,3621.79,Wednesday
688,2020-09-29,3653.47,3685.13,Tuesday
689,2020-09-28,3678.29,3559.97,Monday
690,2020-09-25,3530.59,3580.50,Friday
691,2020-09-24,3576.20,3542.52,Thursday
692,2020-09-23,3558.38,3659.39,Wednesday
693,2020-09-22,3614.47,3635.21,Tuesday
694,2020-09-21,3617.22,3752.45,Monday
695,2020-09-18,3787.47,3862.33,Friday
696,2020-09-17,3864.62,3798.39,Thursday
697,2020-09-16,3844.00,3882.56,Wednesday
698,2020-09-15,3884.48,3917.69,Tuesday
699,2020-09-14,3887.17,3895.71,Monday
700,2020-09-11,3863.30,3822.16,Friday
701,2020-09-10,3825.83,3799.54,Thursday
702,2020-09-09,3795.98,3701.56,Wednesday
703,2020-09-08,3689.30,3785.34,Tuesday
704,2020-09-07,3769.99,3802.48,Monday
705,2020-09-04,3765.98,3768.80,Friday
706,2020-09-03,3795.50,3811.18,Thursday
707,2020-09-02,3805.71,3794.79,Wednesday
708,2020-09-01,3772.84,3890.48,Tuesday
709,2020-08-31,3869.70,3951.82,Monday
710,2020-08-28,3936.33,3940.15,Friday
711,2020-08-27,3949.52,3969.69,Thursday
712,2020-08-26,3974.98,3952.00,Wednesday
713,2020-08-25,3948.37,4029.21,Tuesday
714,2020-08-24,3991.04,3969.95,Monday
715,2020-08-21,3942.70,3967.47,Friday
716,2020-08-20,3931.56,3987.02,Thursday
717,2020-08-19,3992.79,4048.25,Wednesday
718,2020-08-18,4051.73,4065.33,Tuesday
719,2020-08-17,4103.00,4124.23,Monday
720,2020-08-14,4131.33,4115.76,Friday
721,2020-08-13,4127.11,4138.09,Thursday
722,2020-08-12,4131.05,4132.46,Wednesday
723,2020-08-11,4125.33,3945.83,Tuesday
724,2020-08-10,3941.05,3896.55,Monday
725,2020-08-07,3878.63,3897.30,Friday
726,2020-08-06,3887.06,3965.62,Thursday
727,2020-08-05,3953.42,3971.75,Wednesday
728,2020-08-04,3923.89,3892.20,Tuesday
729,2020-08-03,3864.21,3857.28,Monday
730,2020-07-31,3843.88,3895.83,Friday
731,2020-07-30,3859.92,4023.33,Thursday
732,2020-07-29,4026.76,4067.52,Wednesday
733,2020-07-28,4064.50,4061.68,Tuesday
734,2020-07-27,4059.06,4132.87,Monday
735,2020-07-24,4132.28,4133.92,Friday
736,2020-07-23,4158.20,4234.67,Thursday
737,2020-07-22,4207.81,4304.29,Wednesday
738,2020-07-21,4311.07,4239.33,Tuesday
739,2020-07-20,4209.97,4179.82,Monday
740,2020-07-17,4194.61,4257.90,Friday
741,2020-07-16,4250.72,4264.53,Thursday
742,2020-07-15,4273.43,4229.22,Wednesday
743,2020-07-14,4203.81,4243.52,Tuesday
744,2020-07-13,4273.60,4277.64,Monday
745,2020-07-10,4239.22,4166.48,Friday
746,2020-07-09,4202.06,4216.78,Thursday
747,2020-07-08,4199.26,4200.07,Wednesday
748,2020-07-07,4227.83,4292.59,Tuesday
749,2020-07-06,4298.09,4296.29,Monday
750,2020-07-03,4242.31,4276.45,Friday
751,2020-07-02,4263.73,4207.95,Thursday
752,2020-07-01,4187.76,4162.32,Wednesday
753,2020-06-30,4157.20,4194.27,Tuesday
754,2020-06-29,4181.47,4120.69,Monday
755,2020-06-26,4123.27,4234.88,Friday
756,2020-06-25,4217.32,4203.23,Thursday
757,2020-06-24,4227.12,4362.51,Wednesday
758,2020-06-23,4358.81,4255.19,Tuesday
759,2020-06-22,4202.53,4258.79,Monday
760,2020-06-19,4270.87,4291.05,Friday
761,2020-06-18,4270.78,4258.95,Thursday
762,2020-06-17,4264.99,4345.03,Wednesday
763,2020-06-16,4306.72,4180.92,Tuesday
764,2020-06-15,4091.56,4165.23,Monday
765,2020-06-12,4213.19,4239.81,Friday
766,2020-06-10,4376.15,4481.19,Wednesday
767,2020-06-09,4479.12,4619.46,Tuesday
768,2020-06-08,4560.55,4396.50,Monday
769,2020-06-05,4386.84,4233.40,Friday
770,2020-06-04,4199.17,4122.55,Thursday
771,2020-06-03,4120.07,4033.82,Wednesday
772,2020-06-02,3997.48,4050.00,Tuesday
773,2020-06-01,4023.50,4045.35,Monday
774,2020-05-29,3974.09,3995.25,Friday
775,2020-05-28,4045.83,4227.95,Thursday
776,2020-05-27,4149.78,4028.16,Wednesday
777,2020-05-26,4001.42,3821.38,Tuesday
778,2020-05-25,3785.34,3791.60,Monday
779,2020-05-22,3749.17,3778.10,Friday
780,2020-05-21,3796.37,3811.81,Thursday
781,2020-05-20,3826.27,3796.18,Wednesday
782,2020-05-19,3816.36,3880.20,Tuesday
783,2020-05-18,3827.87,3750.64,Monday
784,2020-05-15,3694.80,3742.79,Friday
785,2020-05-14,3700.23,3755.39,Thursday
786,2020-05-13,3796.04,3749.70,Wednesday
787,2020-05-12,3788.14,3680.21,Tuesday
788,2020-05-11,3655.59,3769.19,Monday
789,2020-05-08,3730.86,3773.91,Friday
790,2020-05-07,3720.44,3725.95,Thursday
791,2020-05-06,3683.14,3768.54,Wednesday
792,2020-05-05,3745.37,3862.68,Tuesday
793,2020-05-04,3814.72,3904.94,Monday
794,2020-04-30,3951.94,3991.25,Thursday
795,2020-04-29,3950.71,3738.85,Wednesday
796,2020-04-28,3700.05,3619.02,Tuesday
797,2020-04-27,3647.91,3798.96,Monday
798,2020-04-24,3747.53,3795.62,Friday
799,2020-04-23,3821.17,3863.73,Thursday
800,2020-04-22,3836.23,3864.53,Wednesday
801,2020-04-21,3837.62,3971.79,Tuesday
802,2020-04-20,4002.22,4039.60,Monday
803,2020-04-17,4013.00,4089.09,Friday
804,2020-04-16,4028.18,4116.59,Thursday
805,2020-04-15,4060.20,4278.12,Wednesday
806,2020-04-14,4243.11,4195.95,Tuesday
807,2020-04-09,4121.47,4129.03,Thursday
808,2020-04-08,4042.66,4364.08,Wednesday
809,2020-04-07,4339.25,4205.27,Tuesday
810,2020-04-06,4156.48,4009.49,Monday
811,2020-04-03,3931.74,3959.66,Friday
812,2020-04-02,3983.99,4064.35,Thursday
813,2020-04-01,4047.38,4114.86,Wednesday
814,2020-03-31,4154.68,4181.85,Tuesday
815,2020-03-30,4154.66,4200.46,Monday
816,2020-03-27,4179.67,4283.63,Friday
817,2020-03-26,4275.53,4082.46,Thursday
818,2020-03-25,4121.06,4282.71,Wednesday
819,2020-03-24,4155.18,4212.21,Tuesday
820,2020-03-23,4069.29,4255.97,Monday
821,2020-03-20,4388.69,4449.94,Friday
822,2020-03-19,4314.63,4117.63,Thursday
823,2020-03-18,4109.97,4188.10,Wednesday
824,2020-03-17,4239.15,4093.28,Tuesday
825,2020-03-16,4005.48,4306.96,Monday
826,2020-03-13,4406.52,4330.34,Friday
827,2020-03-12,4228.92,4793.62,Thursday
828,2020-03-11,4984.02,5309.81,Wednesday
829,2020-03-10,5278.29,5382.34,Tuesday
830,2020-03-09,5345.25,5670.54,Monday
831,2020-03-06,5875.61,6026.54,Friday
832,2020-03-05,6079.40,6225.80,Thursday
833,2020-03-04,6206.06,6244.78,Wednesday
834,2020-03-03,6269.96,6047.23,Tuesday
835,2020-03-02,6011.90,6020.49,Monday
836,2020-02-28,5891.59,6086.96,Friday
837,2020-02-27,6168.04,6246.91,Thursday
838,2020-02-26,6283.01,6295.07,Wednesday
839,2020-02-25,6277.04,6504.29,Tuesday
840,2020-02-24,6479.80,6660.02,Monday
841,2020-02-21,6732.88,6780.59,Friday
842,2020-02-20,6797.08,6793.54,Thursday
843,2020-02-19,6799.75,6815.86,Wednesday
844,2020-02-18,6789.70,6811.43,Tuesday
845,2020-02-17,6852.02,6880.11,Monday
846,2020-02-14,6844.11,6934.36,Friday
847,2020-02-13,6889.72,6954.32,Thursday
848,2020-02-12,6947.29,6947.28,Wednesday
849,2020-02-11,6886.52,6880.64,Tuesday
850,2020-02-10,6879.79,6928.93,Monday
851,2020-02-07,6944.92,6835.98,Friday
852,2020-02-06,6895.30,6870.64,Thursday
853,2020-02-05,6837.35,6793.97,Wednesday
854,2020-02-04,6781.95,6740.77,Tuesday
855,2020-02-03,6704.03,6612.81,Monday
856,2020-01-31,6643.07,6700.81,Friday
857,2020-01-30,6664.05,6667.59,Thursday
858,2020-01-29,6710.22,6682.20,Wednesday
859,2020-01-28,6651.34,6629.49,Tuesday
860,2020-01-27,6608.51,6744.85,Monday
861,2020-01-24,6821.38,6786.47,Friday
862,2020-01-23,6779.88,6716.56,Thursday
863,2020-01-22,6711.57,6817.51,Wednesday
864,2020-01-21,6767.71,6806.33,Tuesday
865,2020-01-20,6808.92,6871.44,Monday
866,2020-01-17,6879.43,6820.58,Friday
867,2020-01-16,6846.00,6818.94,Thursday
868,2020-01-15,6803.44,6909.53,Wednesday
869,2020-01-14,6908.90,6937.48,Tuesday
870,2020-01-13,6934.63,6843.43,Monday
871,2020-01-10,6853.76,6844.51,Friday
872,2020-01-09,6827.32,6753.22,Thursday
873,2020-01-08,6703.81,6785.23,Wednesday
874,2020-01-07,6802.82,6833.81,Tuesday
875,2020-01-03,6846.29,6884.31,Friday
876,2020-01-02,6918.05,6805.71,Thursday
877,2019-12-30,6768.39,6772.29,Monday
878,2019-12-27,6783.78,6770.65,Friday
879,2019-12-23,6770.49,6714.29,Monday
880,2019-12-20,6721.94,6728.49,Friday
881,2019-12-19,6755.34,6768.75,Thursday
882,2019-12-18,6757.81,6742.69,Wednesday
883,2019-12-17,6737.02,6671.59,Tuesday
884,2019-12-16,6672.30,6627.44,Monday
885,2019-12-13,6644.96,6686.69,Friday
886,2019-12-12,6629.96,6428.98,Thursday
887,2019-12-11,6417.28,6436.12,Wednesday
888,2019-12-10,6420.97,6475.06,Tuesday
889,2019-12-09,6452.62,6488.14,Monday
890,2019-12-06,6497.64,6567.60,Friday
891,2019-12-05,6563.31,6587.98,Thursday
892,2019-12-04,6560.79,6623.70,Wednesday
893,2019-12-03,6620.15,6684.12,Tuesday
894,2019-12-02,6692.32,6786.24,Monday
895,2019-11-29,6769.46,6812.03,Friday
896,2019-11-28,6838.74,6923.69,Thursday
897,2019-11-27,6941.00,6987.85,Wednesday
898,2019-11-26,6969.88,7037.26,Tuesday
899,2019-11-25,7048.83,7030.65,Monday
900,2019-11-22,7023.21,6946.95,Friday
901,2019-11-21,6963.60,6947.93,Thursday
902,2019-11-20,6984.75,6960.94,Wednesday
903,2019-11-19,6988.60,7027.95,Tuesday
904,2019-11-18,7014.29,7058.73,Monday
905,2019-11-15,7021.27,7041.64,Friday
906,2019-11-14,7027.40,7060.54,Thursday
907,2019-11-13,7061.27,7123.51,Wednesday
908,2019-11-12,7105.27,7104.08,Tuesday
909,2019-11-08,7090.29,7153.07,Friday
910,2019-11-07,7163.15,7212.17,Thursday
911,2019-11-06,7199.51,7287.07,Wednesday
912,2019-11-05,7293.88,7262.55,Tuesday
913,2019-11-04,7267.16,7131.60,Monday
914,2019-10-31,7083.87,7234.25,Thursday
915,2019-10-30,7196.10,7243.78,Wednesday
916,2019-10-29,7235.44,7223.66,Tuesday
917,2019-10-28,7212.20,7088.36,Monday
918,2019-10-25,7127.99,7314.31,Friday
919,2019-10-24,7327.60,7291.22,Thursday
920,2019-10-23,7265.89,7230.60,Wednesday
921,2019-10-22,7263.82,7156.13,Tuesday
922,2019-10-21,7152.44,7073.39,Monday
923,2019-10-18,7080.71,7111.94,Friday
924,2019-10-17,7141.47,7038.33,Thursday
925,2019-10-16,7039.39,6965.86,Wednesday
926,2019-10-15,6965.77,6966.99,Tuesday
927,2019-10-14,6932.05,7022.84,Monday
928,2019-10-11,7028.21,6901.37,Friday
929,2019-10-10,6878.64,6900.63,Thursday
930,2019-10-09,6897.42,6884.35,Wednesday
931,2019-10-08,6869.40,6862.91,Tuesday
932,2019-10-07,6852.10,6893.50,Monday
933,2019-10-04,6876.57,6815.72,Friday
934,2019-10-03,6799.37,6841.09,Thursday
935,2019-10-02,6877.15,7049.73,Wednesday
936,2019-10-01,7073.65,7130.68,Tuesday
937,2019-09-30,7142.19,7244.18,Monday
938,2019-09-27,7260.35,7157.78,Friday
939,2019-09-26,7163.64,7140.49,Thursday
940,2019-09-25,7150.46,7111.42,Wednesday
941,2019-09-24,7175.99,7074.59,Tuesday
942,2019-09-23,7058.52,7142.33,Monday
943,2019-09-20,7157.97,7305.76,Friday
944,2019-09-19,7307.46,7342.85,Thursday
945,2019-09-18,7371.42,7353.90,Wednesday
946,2019-09-17,7365.86,7426.43,Tuesday
947,2019-09-16,7447.06,7346.70,Monday
948,2019-09-13,7377.21,7320.69,Friday
949,2019-09-12,7338.55,7309.24,Thursday
950,2019-09-11,7313.00,7328.65,Wednesday
951,2019-09-10,7311.86,7287.03,Tuesday
952,2019-09-09,7286.16,7073.07,Monday
953,2019-09-06,7068.79,7017.40,Friday
954,2019-09-05,7015.93,7013.35,Thursday
955,2019-09-04,6968.01,7038.30,Wednesday
956,2019-09-03,6969.16,7034.21,Tuesday
957,2019-09-02,7063.54,7044.93,Monday
958,2019-08-30,7028.06,6765.57,Friday
959,2019-08-29,6781.44,6751.12,Thursday
960,2019-08-28,6742.51,7090.40,Wednesday
961,2019-08-27,7060.41,7092.03,Tuesday
962,2019-08-26,7091.85,7063.24,Monday
963,2019-08-23,7108.21,7189.80,Friday
964,2019-08-22,7157.53,7136.89,Thursday
965,2019-08-21,7122.78,7096.42,Wednesday
966,2019-08-20,7100.09,7072.29,Tuesday
967,2019-08-19,7062.77,7037.49,Monday
968,2019-08-16,6977.31,6982.74,Friday
969,2019-08-14,6959.33,7135.01,Wednesday
970,2019-08-13,7156.89,7064.07,Tuesday
971,2019-08-12,7053.05,7117.17,Monday
972,2019-08-09,7078.48,7197.80,Friday
973,2019-08-08,7185.88,7177.90,Thursday
974,2019-08-07,7101.01,7160.05,Wednesday
975,2019-08-06,7122.51,7100.01,Tuesday
976,2019-08-05,7094.45,7205.56,Monday
977,2019-08-02,7230.76,7242.84,Friday
978,2019-08-01,7259.85,7442.61,Thursday
979,2019-07-31,7458.56,7436.26,Wednesday
980,2019-07-30,7445.88,7530.74,Tuesday
981,2019-07-29,7523.80,7589.49,Monday
982,2019-07-26,7574.82,7629.00,Friday
983,2019-07-25,7617.36,7716.47,Thursday
984,2019-07-24,7697.39,7745.20,Wednesday
985,2019-07-23,7737.72,7744.23,Tuesday
986,2019-07-22,7776.88,7746.66,Monday
987,2019-07-19,7766.67,7733.21,Friday
988,2019-07-18,7739.16,7645.84,Thursday
989,2019-07-17,7687.57,7697.54,Wednesday
990,2019-07-16,7704.35,7743.82,Tuesday
991,2019-07-15,7730.73,7716.98,Monday
992,2019-07-12,7689.93,7771.46,Friday
993,2019-07-11,7757.24,7783.57,Thursday
994,2019-07-10,7754.56,7749.70,Wednesday
995,2019-07-09,7770.58,7792.17,Tuesday
996,2019-07-08,7782.40,7781.58,Monday
997,2019-07-05,7783.23,7872.80,Friday
998,2019-07-04,7856.15,7880.85,Thursday
999,2019-07-03,7857.25,7924.74,Wednesday
1000,2019-07-02,7958.13,7942.47,Tuesday
1001,2019-07-01,7924.51,7994.92,Monday
1002,2019-06-28,7908.32,7938.69,Friday
1003,2019-06-27,7960.94,7924.43,Thursday
1004,2019-06-26,7895.03,7878.94,Wednesday
1005,2019-06-25,7855.70,7943.88,Tuesday
1006,2019-06-24,7979.33,7939.52,Monday
1007,2019-06-21,7917.36,7982.91,Friday
1008,2019-06-19,7972.13,7952.24,Wednesday
1009,2019-06-18,7952.40,7811.37,Tuesday
1010,2019-06-17,7797.51,7872.53,Monday
1011,2019-06-14,7864.64,7934.40,Friday
1012,2019-06-13,7933.47,7790.23,Thursday
1013,2019-06-12,7809.92,7832.47,Wednesday
1014,2019-06-11,7868.06,7788.11,Tuesday
1015,2019-06-10,7801.43,7833.54,Monday
1016,2019-06-07,7828.63,7729.43,Friday
1017,2019-06-06,7735.14,7519.00,Thursday
1018,2019-06-05,7515.95,7512.85,Wednesday
1019,2019-06-04,7518.29,7505.65,Tuesday
1020,2019-06-03,7513.37,7477.16,Monday
1021,2019-05-31,7500.44,7391.51,Friday
1022,2019-05-30,7443.07,7329.97,Thursday
1023,2019-05-29,7327.11,7243.46,Wednesday
1024,2019-05-28,7254.54,7296.97,Tuesday
1025,2019-05-27,7285.02,7293.88,Monday
1026,2019-05-24,7291.07,7261.72,Friday
1027,2019-05-23,7270.96,7321.09,Thursday
1028,2019-05-22,7352.00,7259.24,Wednesday
1029,2019-05-21,7276.07,7240.95,Tuesday
1030,2019-05-20,7234.14,7246.32,Monday
1031,2019-05-17,7236.08,7255.07,Friday
1032,2019-05-16,7263.02,7217.78,Thursday
1033,2019-05-15,7187.50,7300.65,Wednesday
1034,2019-05-14,7246.99,7341.93,Tuesday
1035,2019-05-13,7311.90,7353.87,Monday
1036,2019-05-10,7352.43,7359.31,Friday
1037,2019-05-09,7298.16,7381.64,Thursday
1038,2019-05-08,7401.01,7492.01,Wednesday
1039,2019-05-07,7471.67,7673.40,Tuesday
1040,2019-05-06,7658.17,7626.76,Monday
1041,2019-05-02,7763.08,7767.57,Thursday
1042,2019-04-30,7776.50,7857.83,Tuesday
1043,2019-04-29,7927.72,7914.63,Monday
1044,2019-04-26,7892.96,7792.21,Friday
1045,2019-04-25,7803.09,7869.11,Thursday
1046,2019-04-24,7873.64,7865.16,Wednesday
1047,2019-04-23,7880.90,7838.09,Tuesday
1048,2019-04-18,7847.31,7847.97,Thursday
1049,2019-04-17,7859.60,7829.03,Wednesday
1050,2019-04-16,7834.98,7775.84,Tuesday
1051,2019-04-15,7756.01,7752.38,Monday
1052,2019-04-12,7768.26,7817.57,Friday
1053,2019-04-11,7793.80,7834.35,Thursday
1054,2019-04-10,7827.00,7788.40,Wednesday
1055,2019-04-09,7786.70,7775.93,Tuesday
1056,2019-04-08,7758.89,7752.58,Monday
1057,2019-04-05,7757.35,7911.72,Friday
1058,2019-04-04,7860.72,7758.41,Thursday
1059,2019-04-03,7795.79,7732.01,Wednesday
1060,2019-04-02,7681.80,7636.66,Tuesday
1061,2019-04-01,7621.43,7631.85,Monday
1062,2019-03-29,7586.29,7640.27,Friday
1063,2019-03-28,7600.57,7633.09,Thursday
1064,2019-03-27,7636.62,7722.79,Wednesday
1065,2019-03-26,7710.28,7662.72,Tuesday
1066,2019-03-25,7666.37,7642.49,Monday
1067,2019-03-22,7670.09,7814.85,Friday
1068,2019-03-21,7822.69,7827.41,Thursday
1069,2019-03-20,7834.90,7729.29,Wednesday
1070,2019-03-19,7747.69,7717.37,Tuesday
1071,2019-03-18,7705.72,7732.88,Monday
1072,2019-03-15,7751.03,7653.64,Friday
1073,2019-03-14,7654.82,7612.37,Thursday
1074,2019-03-13,7606.61,7556.11,Wednesday
1075,2019-03-12,7572.03,7580.05,Tuesday
1076,2019-03-11,7519.64,7529.80,Monday
1077,2019-03-08,7520.61,7526.93,Friday
1078,2019-03-07,7563.43,7611.79,Thursday
1079,2019-03-06,7608.30,7625.58,Wednesday
1080,2019-03-05,7589.27,7647.24,Tuesday
1081,2019-03-04,7646.14,7677.77,Monday
1082,2019-03-01,7610.44,7618.47,Friday
1083,2019-02-28,7558.37,7610.98,Thursday
1084,2019-02-27,7607.87,7711.45,Wednesday
1085,2019-02-26,7689.60,7724.65,Tuesday
1086,2019-02-25,7737.33,7721.81,Monday
1087,2019-02-22,7689.54,7678.56,Friday
1088,2019-02-21,7655.38,7729.16,Thursday
1089,2019-02-20,7739.03,7677.95,Wednesday
1090,2019-02-19,7626.34,7634.74,Tuesday
1091,2019-02-18,7638.01,7671.25,Monday
1092,2019-02-15,7658.94,7535.14,Friday
1093,2019-02-14,7554.17,7694.14,Thursday
1094,2019-02-13,7671.60,7754.72,Wednesday
1095,2019-02-12,7737.17,7682.89,Tuesday
1096,2019-02-11,7651.30,7649.77,Monday
1097,2019-02-08,7649.42,7660.40,Friday
1098,2019-02-07,7676.29,7786.11,Thursday
1099,2019-02-06,7813.45,7751.71,Wednesday
1100,2019-02-05,7756.45,7676.81,Tuesday
1101,2019-02-04,7656.29,7680.83,Monday
1102,2019-02-01,7691.45,7644.79,Friday
1103,2019-01-31,7622.93,7601.15,Thursday
1104,2019-01-30,7528.30,7679.61,Wednesday
1105,2019-01-29,7683.73,7688.97,Tuesday
1106,2019-01-28,7688.85,7739.33,Monday
1107,2019-01-25,7735.78,7898.93,Friday
1108,2019-01-24,7873.21,7856.23,Thursday
1109,2019-01-23,7819.91,7696.23,Wednesday
1110,2019-01-22,7703.18,7678.76,Tuesday
1111,2019-01-21,7762.90,7783.19,Monday
1112,2019-01-18,7784.46,7766.35,Friday
1113,2019-01-17,7719.15,7722.81,Thursday
1114,2019-01-16,7728.73,7711.88,Wednesday
1115,2019-01-15,7695.69,7678.19,Tuesday
1116,2019-01-14,7634.15,7588.77,Monday
1117,2019-01-11,7631.68,7656.23,Friday
1118,2019-01-10,7622.32,7641.39,Thursday
1119,2019-01-09,7690.79,7696.59,Wednesday
1120,2019-01-08,7694.06,7683.73,Tuesday
1121,2019-01-07,7694.87,7632.83,Monday
1122,2019-01-04,7573.98,7498.61,Friday
1123,2019-01-03,7452.59,7563.35,Thursday
1124,2019-01-02,7621.56,7415.39,Wednesday
1125,2018-12-28,7453.65,7464.05,Friday
1126,2018-12-27,7424.16,7544.61,Thursday
1127,2018-12-21,7480.56,7623.30,Friday
1128,2018-12-20,7637.17,7709.76,Thursday
1129,2018-12-19,7776.13,7757.76,Wednesday
1130,2018-12-18,7770.93,7531.81,Tuesday
1131,2018-12-17,7598.18,7559.90,Monday
1132,2018-12-14,7588.53,7508.19,Friday
1133,2018-12-13,7583.37,7515.87,Thursday
1134,2018-12-12,7494.00,7298.89,Wednesday
1135,2018-12-11,7244.17,7443.07,Tuesday
1136,2018-12-10,7379.83,7443.36,Monday
1137,2018-12-07,7475.45,7612.81,Friday
1138,2018-12-06,7549.95,7729.55,Thursday
1139,2018-12-05,7801.93,7674.55,Wednesday
1140,2018-12-04,7792.87,7706.69,Tuesday
1141,2018-12-03,7728.23,7680.82,Monday
1142,2018-11-30,7579.43,7648.22,Friday
1143,2018-11-29,7679.93,7577.23,Thursday
1144,2018-11-28,7541.71,7442.41,Wednesday
1145,2018-11-27,7419.83,7375.78,Tuesday
1146,2018-11-26,7370.23,7432.99,Monday
1147,2018-11-23,7397.30,7355.39,Friday
1148,2018-11-22,7374.66,7383.95,Thursday
1149,2018-11-21,7362.25,7287.38,Wednesday
1150,2018-11-20,7250.52,7248.29,Tuesday
1151,2018-11-19,7303.76,7188.52,Monday
1152,2018-11-16,7161.54,7487.85,Friday
1153,2018-11-15,7455.84,7627.06,Thursday
1154,2018-11-14,7630.45,7624.55,Wednesday
1155,2018-11-13,7640.56,7664.37,Tuesday
1156,2018-11-09,7692.19,7770.63,Friday
1157,2018-11-08,7825.65,7784.23,Thursday
1158,2018-11-07,7766.68,7611.53,Wednesday
1159,2018-11-06,7592.57,7582.19,Tuesday
1160,2018-11-05,7556.81,7452.12,Monday
1161,2018-11-02,7440.51,7407.63,Friday
1162,2018-10-31,7314.54,7282.84,Wednesday
1163,2018-10-30,7236.84,7222.96,Tuesday
1164,2018-10-29,7214.97,7195.83,Monday
1165,2018-10-26,7165.40,7326.34,Friday
1166,2018-10-25,7357.82,7255.00,Thursday
1167,2018-10-24,7293.43,7299.92,Wednesday
1168,2018-10-23,7304.14,7321.73,Tuesday
1169,2018-10-22,7384.28,7503.45,Monday
1170,2018-10-19,7476.41,7443.81,Friday
1171,2018-10-18,7437.17,7427.61,Thursday
1172,2018-10-17,7434.75,7497.24,Wednesday
1173,2018-10-16,7455.13,7332.64,Tuesday
1174,2018-10-15,7300.19,7363.79,Monday
1175,2018-10-12,7371.95,7418.01,Friday
1176,2018-10-11,7366.46,7347.42,Thursday
1177,2018-10-10,7477.23,7672.88,Wednesday
1178,2018-10-09,7642.81,7583.61,Tuesday
1179,2018-10-08,7579.75,7649.18,Monday
1180,2018-10-05,7664.12,7751.93,Friday
1181,2018-10-04,7764.48,7771.10,Thursday
1182,2018-10-03,7828.86,7834.06,Wednesday
1183,2018-10-02,7796.58,7765.67,Tuesday
1184,2018-10-01,7814.39,7889.86,Monday
1185,2018-09-28,7876.32,7877.11,Friday
1186,2018-09-27,7925.10,7897.96,Thursday
1187,2018-09-26,7929.79,7860.28,Wednesday
1188,2018-09-25,7859.60,7744.61,Tuesday
1189,2018-09-24,7728.49,7724.87,Monday
1190,2018-09-21,7711.42,7847.33,Friday
1191,2018-09-20,7793.28,7703.79,Thursday
1192,2018-09-19,7721.73,7600.93,Wednesday
1193,2018-09-18,7541.00,7488.73,Tuesday
1194,2018-09-17,7477.13,7596.58,Monday
1195,2018-09-14,7618.66,7581.95,Friday
1196,2018-09-13,7531.06,7457.66,Thursday
1197,2018-09-12,7400.05,7647.68,Wednesday
1198,2018-09-11,7636.29,7793.43,Tuesday
1199,2018-09-10,7767.47,7632.08,Monday
1200,2018-09-07,7626.39,7801.95,Friday
1201,2018-09-06,7796.51,7777.45,Thursday
1202,2018-09-05,7787.06,7879.92,Wednesday
1203,2018-09-04,7889.02,8016.22,Tuesday
1204,2018-09-03,8007.77,7928.07,Monday
1205,2018-08-31,7934.25,7990.17,Friday
1206,2018-08-30,7998.20,8055.51,Thursday
1207,2018-08-29,8051.05,8120.94,Wednesday
1208,2018-08-28,8136.40,8112.09,Tuesday
1209,2018-08-27,8118.29,7964.72,Monday
1210,2018-08-24,7937.60,7976.69,Friday
1211,2018-08-23,8001.62,7814.54,Thursday
1212,2018-08-22,7856.60,7770.99,Wednesday
1213,2018-08-21,7792.58,7608.93,Tuesday
1214,2018-08-20,7590.53,7561.71,Monday
1215,2018-08-17,7526.33,7659.01,Friday
1216,2018-08-16,7676.51,7612.30,Thursday
1217,2018-08-14,7644.66,7728.61,Tuesday
1218,2018-08-13,7696.58,7673.42,Monday
1219,2018-08-10,7694.96,7859.33,Friday
1220,2018-08-09,7964.02,7900.15,Thursday
1221,2018-08-08,7912.32,8035.93,Wednesday
1222,2018-08-07,7898.54,7864.82,Tuesday
1223,2018-08-06,7889.54,7855.56,Monday
1224,2018-08-03,7844.54,7874.02,Friday
1225,2018-08-02,7866.75,7924.03,Thursday
1226,2018-08-01,7957.38,7939.50,Wednesday
1227,2018-07-31,7921.94,7796.97,Tuesday
1228,2018-07-30,7878.78,7700.44,Monday
1229,2018-07-27,7730.00,7819.21,Friday
1230,2018-07-26,7800.55,7673.04,Thursday
1231,2018-07-25,7674.96,7664.60,Wednesday
1232,2018-07-24,7661.98,7430.22,Tuesday
1233,2018-07-23,7420.05,7341.47,Monday
1234,2018-07-20,7320.66,7191.80,Friday
1235,2018-07-19,7207.44,7118.02,Thursday
1236,2018-07-18,7141.72,7223.95,Wednesday
1237,2018-07-17,7191.58,7251.85,Tuesday
1238,2018-07-16,7222.26,7308.79,Monday
1239,2018-07-13,7324.61,7447.89,Friday
1240,2018-07-12,7411.89,7371.33,Thursday
1241,2018-07-11,7349.79,7347.05,Wednesday
1242,2018-07-10,7399.36,7294.12,Tuesday
1243,2018-07-09,7288.01,7391.22,Monday
1244,2018-07-06,7332.15,7356.29,Friday
1245,2018-07-05,7359.28,7374.41,Thursday
1246,2018-07-04,7404.73,7316.78,Wednesday
1247,2018-07-03,7316.23,7193.14,Tuesday
1248,2018-07-02,7185.58,7148.52,Monday
1249,2018-06-29,7219.40,7151.19,Friday
1250,2018-06-28,7115.25,7231.40,Thursday
1251,2018-06-27,7283.10,7292.56,Wednesday
1252,2018-06-26,7311.80,7352.47,Tuesday
1253,2018-06-25,7328.44,7299.00,Monday
1254,2018-06-22,7358.92,7335.21,Friday
1255,2018-06-21,7306.18,7402.57,Thursday
1256,2018-06-20,7432.46,7276.48,Wednesday
1257,2018-06-19,7241.86,7188.75,Tuesday
1258,2018-06-18,7301.46,7483.60,Monday
1259,2018-06-15,7490.95,7690.20,Friday
1260,2018-06-14,7690.25,7721.82,Thursday
1261,2018-06-13,7740.77,7745.95,Wednesday
1262,2018-06-12,7756.77,7751.83,Tuesday
1263,2018-06-11,7734.96,7689.24,Monday
1264,2018-06-08,7700.02,7721.27,Friday
1265,2018-06-07,7776.74,7686.39,Thursday
1266,2018-06-06,7663.64,7715.43,Wednesday
1267,2018-06-05,7714.96,7547.22,Tuesday
1268,2018-06-04,7566.45,7568.27,Monday
1269,2018-06-01,7534.92,7389.17,Friday
1270,2018-05-30,7378.34,7494.32,Wednesday
1271,2018-05-29,7554.73,7562.87,Tuesday
1272,2018-05-28,7595.11,7607.09,Monday
1273,2018-05-25,7618.49,7589.01,Friday
1274,2018-05-24,7580.95,7684.97,Thursday
1275,2018-05-23,7664.41,7751.58,Wednesday
1276,2018-05-22,7781.73,7820.56,Tuesday
1277,2018-05-21,7806.15,7738.95,Monday
1278,2018-05-18,7728.76,7753.78,Friday
1279,2018-05-17,7769.06,7869.61,Thursday
1280,2018-05-16,7909.46,7891.56,Wednesday
1281,2018-05-15,7928.50,8041.95,Tuesday
1282,2018-05-14,8060.89,8066.48,Monday
1283,2018-05-11,8067.23,7931.85,Friday
1284,2018-05-10,7934.75,7920.58,Thursday
1285,2018-05-09,7870.86,7753.58,Wednesday
1286,2018-05-08,7752.05,7678.22,Tuesday
1287,2018-05-07,7657.19,7755.27,Monday
1288,2018-05-04,7726.94,7865.27,Friday
1289,2018-05-02,7912.43,7900.28,Wednesday
1290,2018-04-30,7899.20,7879.69,Monday
1291,2018-04-27,7882.13,7913.62,Friday
1292,2018-04-26,7911.94,7808.65,Thursday
1293,2018-04-25,7817.59,7853.63,Wednesday
1294,2018-04-24,7844.81,7956.62,Tuesday
1295,2018-04-23,7903.13,7882.61,Monday
1296,2018-04-20,7911.49,7959.24,Friday
1297,2018-04-19,7980.05,7971.49,Thursday
1298,2018-04-18,7974.20,7979.94,Wednesday
1299,2018-04-17,7983.28,7951.71,Tuesday
1300,2018-04-16,7912.70,7949.25,Monday
1301,2018-04-13,7961.94,8018.10,Friday
1302,2018-04-12,7998.28,7885.22,Thursday
1303,2018-04-11,7901.40,7857.77,Wednesday
1304,2018-04-10,7880.26,7858.27,Tuesday
1305,2018-04-09,7815.27,7759.48,Monday
1306,2018-04-06,7723.12,7768.24,Friday
1307,2018-04-05,7783.78,7800.25,Thursday
1308,2018-04-04,7723.64,7854.38,Wednesday
1309,2018-04-03,7873.99,7830.65,Tuesday
1310,2018-03-29,7841.44,7834.79,Thursday
1311,2018-03-28,7768.81,7847.55,Wednesday
1312,2018-03-27,7875.39,7997.38,Tuesday
1313,2018-03-26,7876.87,7957.85,Monday
1314,2018-03-23,7937.29,7893.71,Friday
1315,2018-03-22,7985.99,8113.85,Thursday
1316,2018-03-21,8154.47,7998.52,Wednesday
1317,2018-03-20,7991.60,7841.32,Tuesday
1318,2018-03-19,7833.94,7878.18,Monday
1319,2018-03-16,7904.72,7983.70,Friday
1320,2018-03-15,7970.26,8135.56,Thursday
1321,2018-03-14,8128.16,8104.79,Wednesday
1322,2018-03-13,8113.31,8194.65,Tuesday
1323,2018-03-12,8198.59,8147.64,Monday
1324,2018-03-09,8094.78,7996.74,Friday
1325,2018-03-08,8003.08,8320.03,Thursday
1326,2018-03-07,8317.74,8185.50,Wednesday
1327,2018-03-06,8265.70,8350.66,Tuesday
1328,2018-03-05,8280.25,8098.20,Monday
1329,2018-03-02,8135.83,8138.61,Friday
1330,2018-03-01,8205.08,8310.84,Thursday
1331,2018-02-28,8341.56,8438.84,Wednesday
1332,2018-02-27,8500.18,8460.57,Tuesday
1333,2018-02-26,8421.94,8527.71,Monday
1334,2018-02-23,8480.11,8535.27,Friday
1335,2018-02-22,8523.15,8344.96,Thursday
1336,2018-02-21,8389.66,8397.21,Wednesday
1337,2018-02-20,8407.74,8378.88,Tuesday
1338,2018-02-19,8412.73,8360.09,Monday
1339,2018-02-16,8329.73,8504.29,Friday
1340,2018-02-15,8477.98,8574.34,Thursday
1341,2018-02-14,8521.29,8531.50,Wednesday
1342,2018-02-13,8503.93,8537.29,Tuesday
1343,2018-02-12,8493.89,8457.57,Monday
1344,2018-02-09,8379.63,8353.11,Friday
1345,2018-02-08,8434.18,8584.04,Thursday
1346,2018-02-07,8589.04,8522.78,Wednesday
1347,2018-02-06,8482.47,8533.90,Tuesday
1348,2018-02-05,8792.39,8725.98,Monday
1349,2018-02-02,8824.13,8866.24,Friday
1350,2018-02-01,8873.04,8958.61,Thursday
1351,2018-01-31,8920.77,8917.59,Wednesday
1352,2018-01-30,8904.75,8957.42,Tuesday
1353,2018-01-29,8987.07,9065.08,Monday
1354,2018-01-26,9038.54,9120.80,Friday
1355,2018-01-25,9086.08,9189.38,Thursday
1356,2018-01-24,9205.47,9125.26,Wednesday
1357,2018-01-23,9123.18,9060.26,Tuesday
1358,2018-01-22,9019.43,9028.66,Monday
1359,2018-01-19,8996.57,8999.55,Friday
1360,2018-01-18,8976.62,9007.27,Thursday
1361,2018-01-17,8973.82,8890.14,Wednesday
1362,2018-01-16,8902.00,8730.81,Tuesday
1363,2018-01-15,8724.31,8700.11,Monday
1364,2018-01-12,8719.60,8743.26,Friday
1365,2018-01-11,8719.84,8605.18,Thursday
1366,2018-01-10,8615.69,8659.15,Wednesday
1367,2018-01-09,8664.98,8755.29,Tuesday
1368,2018-01-08,8750.24,8685.08,Monday
1369,2018-01-05,8665.08,8683.19,Friday
1370,2018-01-04,8692.27,8520.54,Thursday
1371,2018-01-03,8477.53,8478.58,Wednesday
1372,2017-12-29,8481.97,8523.93,Friday
1373,2017-12-28,8542.20,8487.70,Thursday
1374,2017-12-27,8500.30,8343.07,Wednesday
1375,2017-12-22,8355.31,8422.47,Friday
1376,2017-12-21,8426.06,8421.71,Thursday
1377,2017-12-20,8448.06,8381.98,Wednesday
1378,2017-12-19,8382.41,8394.43,Tuesday
1379,2017-12-18,8386.31,8303.18,Monday
1380,2017-12-15,8304.26,8305.02,Friday
1381,2017-12-14,8345.99,8205.67,Thursday
1382,2017-12-13,8204.57,8184.76,Wednesday
1383,2017-12-12,8196.53,8096.66,Tuesday
1384,2017-12-11,8100.04,8123.19,Monday
1385,2017-12-08,8117.45,8041.45,Friday
1386,2017-12-07,7988.13,7980.28,Thursday
1387,2017-12-06,7971.67,8040.22,Wednesday
1388,2017-12-05,8113.33,8126.12,Tuesday
1389,2017-12-04,8126.94,8108.43,Monday
1390,2017-12-01,8095.58,8174.30,Friday
1391,2017-11-30,8142.06,8152.87,Thursday
1392,2017-11-29,8157.26,8325.29,Wednesday
1393,2017-11-28,8287.39,8250.03,Tuesday
1394,2017-11-27,8281.60,8202.43,Monday
1395,2017-11-24,8206.55,8261.72,Friday
1396,2017-11-23,8268.20,8153.12,Thursday
1397,2017-11-22,8202.14,8149.27,Wednesday
1398,2017-11-21,8156.83,8082.44,Tuesday
1399,2017-11-20,8088.41,7986.29,Monday
1400,2017-11-17,8006.72,7921.13,Friday
1401,2017-11-16,7914.93,7860.96,Thursday
1402,2017-11-15,7821.53,7893.85,Wednesday
1403,2017-11-14,7916.39,7941.34,Tuesday
1404,2017-11-13,7904.21,7806.15,Monday
1405,2017-11-10,7778.04,7831.84,Friday
1406,2017-11-09,7862.09,7933.88,Thursday
1407,2017-11-08,7939.84,8029.09,Wednesday
1408,2017-11-07,7984.59,7839.69,Tuesday
1409,2017-11-06,7796.03,7661.20,Monday
1410,2017-11-03,7641.66,7616.98,Friday
1411,2017-11-02,7612.95,7747.62,Thursday
1412,2017-10-31,7727.27,7664.99,Tuesday
1413,2017-10-30,7672.35,7498.01,Monday
1414,2017-10-27,7472.77,7422.54,Friday
1415,2017-10-26,7409.02,7408.15,Thursday
1416,2017-10-25,7412.98,7360.42,Wednesday
1417,2017-10-24,7369.83,7528.52,Tuesday
1418,2017-10-23,7554.30,7598.57,Monday
1419,2017-10-20,7597.28,7639.22,Friday
1420,2017-10-19,7635.08,7590.14,Thursday
1421,2017-10-18,7560.62,7610.01,Wednesday
1422,2017-10-17,7601.60,7632.53,Tuesday
1423,2017-10-16,7639.39,7689.14,Monday
1424,2017-10-13,7660.64,7666.32,Friday
1425,2017-10-12,7682.45,7653.77,Thursday
1426,2017-10-11,7633.78,7555.42,Wednesday
1427,2017-10-10,7560.83,7500.79,Tuesday
1428,2017-10-09,7441.12,7381.76,Monday
1429,2017-10-06,7373.23,7402.33,Friday
1430,2017-10-05,7402.66,7384.19,Thursday
1431,2017-10-04,7383.79,7421.75,Wednesday
1432,2017-10-03,7398.47,7432.73,Tuesday
1433,2017-10-02,7425.48,7486.48,Monday
1434,2017-09-29,7450.51,7390.84,Friday
1435,2017-09-28,7376.98,7373.20,Thursday
1436,2017-09-27,7349.29,7395.06,Wednesday
1437,2017-09-26,7381.26,7442.42,Tuesday
1438,2017-09-25,7438.40,7500.39,Monday
1439,2017-09-22,7508.57,7473.57,Friday
1440,2017-09-21,7487.27,7469.10,Thursday
1441,2017-09-20,7460.08,7532.85,Wednesday
1442,2017-09-19,7512.40,7473.84,Tuesday
1443,2017-09-18,7455.60,7467.44,Monday
1444,2017-09-15,7405.57,7443.51,Friday
1445,2017-09-14,7434.63,7415.83,Thursday
1446,2017-09-13,7409.82,7428.68,Wednesday
1447,2017-09-12,7417.90,7488.06,Tuesday
1448,2017-09-11,7464.78,7469.18,Monday
1449,2017-09-08,7459.72,7449.77,Friday
1450,2017-09-07,7468.17,7551.39,Thursday
1451,2017-09-06,7545.54,7559.41,Wednesday
1452,2017-09-05,7579.67,7609.96,Tuesday
1453,2017-09-04,7585.80,7537.65,Monday
1454,2017-09-01,7604.54,7593.02,Friday
1455,2017-08-31,7609.01,7644.46,Thursday
1456,2017-08-30,7636.61,7587.82,Wednesday
1457,2017-08-29,7517.31,7605.70,Tuesday
1458,2017-08-28,7633.73,7523.26,Monday
1459,2017-08-25,7490.77,7514.31,Friday
1460,2017-08-24,7485.99,7323.33,Thursday
1461,2017-08-23,7322.33,7345.26,Wednesday
1462,2017-08-22,7328.37,7351.70,Tuesday
1463,2017-08-21,7332.05,7268.15,Monday
1464,2017-08-18,7268.00,7293.92,Friday
1465,2017-08-17,7307.91,7388.45,Thursday
1466,2017-08-16,7388.90,7446.33,Wednesday
1467,2017-08-14,7446.82,7480.58,Monday
1468,2017-08-11,7450.85,7472.34,Friday
1469,2017-08-10,7491.19,7546.92,Thursday
1470,2017-08-09,7553.29,7597.08,Wednesday
1471,2017-08-08,7621.94,7523.81,Tuesday
1472,2017-08-07,7526.21,7522.41,Monday
1473,2017-08-04,7504.19,7427.27,Friday
1474,2017-08-03,7407.04,7466.49,Thursday
1475,2017-08-02,7502.85,7668.82,Wednesday
1476,2017-08-01,7651.06,7652.50,Tuesday
1477,2017-07-31,7645.88,7552.37,Monday
1478,2017-07-28,7563.53,7510.79,Friday
1479,2017-07-27,7526.84,7518.34,Thursday
1480,2017-07-26,7533.83,7512.59,Wednesday
1481,2017-07-25,7496.23,7481.18,Tuesday
1482,2017-07-24,7465.32,7458.95,Monday
1483,2017-07-21,7463.85,7490.25,Friday
1484,2017-07-20,7481.17,7558.37,Thursday
1485,2017-07-19,7520.83,7517.45,Wednesday
1486,2017-07-18,7493.79,7527.15,Tuesday
1487,2017-07-17,7534.98,7473.69,Monday
1488,2017-07-14,7441.46,7449.21,Friday
1489,2017-07-13,7455.39,7430.92,Thursday
1490,2017-07-12,7421.23,7316.23,Wednesday
1491,2017-07-11,7310.33,7327.18,Tuesday
1492,2017-07-10,7320.64,7342.14,Monday
1493,2017-07-07,7311.35,7310.01,Friday
1494,2017-07-06,7309.52,7292.38,Thursday
1495,2017-07-05,7293.90,7285.53,Wednesday
1496,2017-07-04,7263.59,7317.81,Tuesday
1497,2017-07-03,7400.93,7260.40,Monday
1498,2017-06-30,7261.87,7266.91,Friday
1499,2017-06-29,7289.91,7349.60,Thursday
1500,2017-06-28,7308.54,7318.11,Wednesday
1501,2017-06-27,7366.24,7319.17,Tuesday
1502,2017-06-26,7324.30,7203.12,Monday
1503,2017-06-23,7139.87,7165.98,Friday
1504,2017-06-22,7167.68,7177.15,Thursday
1505,2017-06-21,7173.38,7162.59,Wednesday
1506,2017-06-20,7176.32,7296.18,Tuesday
1507,2017-06-19,7278.02,7261.93,Monday
1508,2017-06-16,7207.78,7190.73,Friday
1509,2017-06-14,7201.42,7251.56,Wednesday
1510,2017-06-13,7239.05,7235.01,Tuesday
1511,2017-06-12,7201.70,7319.63,Monday
1512,2017-06-09,7357.65,7435.49,Friday
1513,2017-06-08,7434.86,7366.88,Thursday
1514,2017-06-07,7366.28,7361.83,Wednesday
1515,2017-06-06,7338.97,7239.41,Tuesday
1516,2017-06-05,7307.23,7371.13,Monday
1517,2017-06-02,7357.17,7349.08,Friday
1518,2017-06-01,7300.62,7415.82,Thursday
1519,2017-05-31,7421.43,7377.90,Wednesday
1520,2017-05-30,7365.96,7435.91,Tuesday
1521,2017-05-29,7463.14,7483.84,Monday
1522,2017-05-26,7491.01,7540.14,Friday
1523,2017-05-25,7528.58,7530.99,Thursday
1524,2017-05-24,7454.92,7329.51,Wednesday
1525,2017-05-23,7347.48,7424.85,Tuesday
1526,2017-05-22,7438.19,7409.47,Monday
1527,2017-05-19,7374.53,7345.66,Friday
1528,2017-05-18,7344.06,7457.93,Thursday
1529,2017-05-17,7448.12,7469.99,Wednesday
1530,2017-05-16,7509.17,7600.05,Tuesday
1531,2017-05-15,7614.91,7645.64,Monday
1532,2017-05-12,7588.92,7556.08,Friday
1533,2017-05-11,7552.01,7640.96,Thursday
1534,2017-05-10,7600.66,7741.97,Wednesday
1535,2017-05-09,7743.32,7544.61,Tuesday
1536,2017-05-08,7506.77,7599.54,Monday
1537,2017-05-05,7561.72,7525.30,Friday
1538,2017-05-04,7575.10,7554.63,Thursday
1539,2017-05-02,7566.27,7540.02,Tuesday
1540,2017-04-28,7484.97,7541.83,Friday
1541,2017-04-27,7568.09,7455.43,Thursday
1542,2017-04-26,7475.71,7399.82,Wednesday
1543,2017-04-25,7420.84,7211.74,Tuesday
1544,2017-04-24,7158.37,7153.44,Monday
1545,2017-04-21,7048.42,7174.48,Friday
1546,2017-04-20,7151.03,7151.37,Thursday
1547,2017-04-19,7141.35,7047.64,Wednesday
1548,2017-04-18,7003.80,7030.72,Tuesday
1549,2017-04-13,6976.76,6971.72,Thursday
1550,2017-04-12,6973.53,7031.42,Wednesday
1551,2017-04-11,7016.73,7127.09,Tuesday
1552,2017-04-10,7142.33,7207.28,Monday
1553,2017-04-07,7195.40,7210.40,Friday
1554,2017-04-06,7258.01,7163.26,Thursday
1555,2017-04-05,7223.49,7207.54,Wednesday
1556,2017-04-04,7175.74,7103.93,Tuesday
1557,2017-04-03,7095.33,7029.45,Monday
1558,2017-03-31,6991.74,7083.21,Friday
1559,2017-03-30,7084.51,7169.25,Thursday
1560,2017-03-29,7170.02,7257.81,Wednesday
1561,2017-03-28,7203.34,7161.30,Tuesday
1562,2017-03-27,7126.46,7105.32,Monday
1563,2017-03-24,7198.78,7166.29,Friday
1564,2017-03-23,7155.47,7118.17,Thursday
1565,2017-03-22,7114.16,7196.74,Wednesday
1566,2017-03-21,7274.01,7361.98,Tuesday
1567,2017-03-20,7319.29,7343.98,Monday
1568,2017-03-17,7330.46,7356.79,Friday
1569,2017-03-16,7338.58,7236.75,Thursday
1570,2017-03-15,7140.57,7221.35,Wednesday
1571,2017-03-14,7219.70,7283.26,Tuesday
1572,2017-03-13,7277.23,7129.47,Monday
1573,2017-03-10,7106.10,7134.44,Friday
1574,2017-03-09,7095.62,7191.13,Thursday
1575,2017-03-08,7175.88,7182.34,Wednesday
1576,2017-03-07,7187.62,7323.29,Tuesday
1577,2017-03-06,7328.80,7384.03,Monday
1578,2017-03-03,7391.22,7470.03,Friday
1579,2017-03-02,7535.91,7548.84,Thursday
1580,2017-03-01,7538.01,7298.88,Wednesday
1581,2017-02-28,7241.32,7336.47,Tuesday
1582,2017-02-27,7317.03,7374.80,Monday
1583,2017-02-24,7359.09,7525.68,Friday
1584,2017-02-23,7545.80,7558.39,Thursday
1585,2017-02-22,7562.77,7543.19,Wednesday
1586,2017-02-21,7519.82,7331.94,Tuesday
1587,2017-02-20,7321.76,7364.34,Monday
1588,2017-02-17,7342.95,7433.86,Friday
1589,2017-02-16,7438.50,7385.10,Thursday
1590,2017-02-15,7379.74,7361.46,Wednesday
1591,2017-02-14,7318.96,7329.05,Tuesday
1592,2017-02-13,7325.56,7321.00,Monday
1593,2017-02-10,7305.42,7189.78,Friday
1594,2017-02-09,7118.14,6972.49,Thursday
1595,2017-02-08,6902.64,6896.47,Wednesday
1596,2017-02-07,6897.21,6919.52,Tuesday
1597,2017-02-06,6922.13,6896.76,Monday
1598,2017-02-03,6889.05,6855.42,Friday
1599,2017-02-02,6840.19,6924.08,Thursday
1600,2017-02-01,6947.96,6903.24,Wednesday
1601,2017-01-31,6839.04,6801.03,Tuesday
1602,2017-01-30,6788.61,6897.56,Monday
1603,2017-01-27,6902.52,6959.48,Friday
1604,2017-01-26,6943.92,6999.18,Thursday
1605,2017-01-25,6953.41,6631.15,Wednesday
1606,2017-01-24,6586.23,6506.09,Tuesday
1607,2017-01-23,6493.15,6539.03,Monday
1608,2017-01-20,6576.53,6554.30,Friday
1609,2017-01-19,6570.92,6514.42,Thursday
1610,2017-01-18,6514.59,6584.56,Wednesday
1611,2017-01-17,6553.62,6596.13,Tuesday
1612,2017-01-16,6592.60,6545.37,Monday
1613,2017-01-13,6584.87,6637.46,Friday
1614,2017-01-12,6619.74,6640.68,Thursday
1615,2017-01-11,6663.72,6618.12,Wednesday
1616,2017-01-10,6605.34,6581.05,Tuesday
1617,2017-01-09,6579.44,6575.95,Monday
1618,2017-01-05,6562.19,6554.69,Thursday
1619,2017-01-04,6573.98,6530.86,Wednesday
1620,2017-01-03,6526.74,6326.77,Tuesday
1621,2017-01-02,6310.28,6253.74,Monday
1622,2016-12-30,6263.33,6276.53,Friday
1623,2016-12-29,6269.37,6200.05,Thursday
1624,2016-12-28,6214.13,6217.95,Wednesday
1625,2016-12-27,6213.14,6208.97,Tuesday
1626,2016-12-23,6201.27,6248.18,Friday
1627,2016-12-22,6232.73,6198.68,Thursday
1628,2016-12-21,6224.83,6245.81,Wednesday
1629,2016-12-20,6241.52,6232.97,Tuesday
1630,2016-12-19,6197.02,6195.49,Monday
1631,2016-12-16,6224.79,6224.54,Friday
1632,2016-12-15,6212.77,6222.97,Thursday
1633,2016-12-14,6232.40,6227.41,Wednesday
1634,2016-12-13,6240.64,6101.10,Tuesday
1635,2016-12-12,6095.49,6128.18,Monday
1636,2016-12-09,6140.47,6157.38,Friday
1637,2016-12-08,6198.36,6214.08,Thursday
1638,2016-12-07,6119.51,6120.03,Wednesday
1639,2016-12-06,6101.05,5953.34,Tuesday
1640,2016-12-05,5942.84,5759.35,Monday
1641,2016-12-02,5726.65,5704.16,Friday
1642,2016-12-01,5697.49,5752.19,Thursday
1643,2016-11-30,5762.25,5728.79,Wednesday
1644,2016-11-29,5709.39,5707.48,Tuesday
1645,2016-11-28,5693.60,5740.03,Monday
1646,2016-11-25,5739.73,5863.03,Friday
1647,2016-11-24,5847.03,5800.24,Thursday
1648,2016-11-23,5792.51,5749.90,Wednesday
1649,2016-11-22,5750.03,5755.43,Tuesday
1650,2016-11-21,5720.50,5770.88,Monday
1651,2016-11-18,5735.54,5771.83,Friday
1652,2016-11-17,5805.01,5891.45,Thursday
1653,2016-11-16,5890.75,5922.68,Wednesday
1654,2016-11-15,5922.41,5918.11,Tuesday
1655,2016-11-14,5895.95,6051.94,Monday
1656,2016-11-10,5994.27,6029.96,Thursday
1657,2016-11-09,5996.78,5865.24,Wednesday
1658,2016-11-08,5994.45,5938.81,Tuesday
1659,2016-11-07,5902.25,5975.90,Monday
1660,2016-11-04,5899.67,5903.59,Friday
1661,2016-11-03,5921.22,5917.60,Thursday
1662,2016-11-02,5904.62,6048.94,Wednesday
1663,2016-10-31,6100.45,6132.79,Monday
1664,2016-10-28,6145.63,6039.85,Friday
1665,2016-10-27,6046.26,6000.67,Thursday
1666,2016-10-26,6000.38,6073.06,Wednesday
1667,2016-10-25,6085.89,6030.23,Tuesday
1668,2016-10-24,6031.83,5923.73,Monday
1669,2016-10-21,5914.75,5898.07,Friday
1670,2016-10-20,5895.61,5919.92,Thursday
1671,2016-10-19,5904.18,5920.58,Wednesday
1672,2016-10-18,5922.51,5953.67,Tuesday
1673,2016-10-17,5919.79,5920.14,Monday
1674,2016-10-14,5911.09,5931.51,Friday
1675,2016-10-13,5910.52,6054.75,Thursday
1676,2016-10-12,6094.11,6084.26,Wednesday
1677,2016-10-11,6092.01,6107.37,Tuesday
1678,2016-10-10,6101.45,6118.36,Monday
1679,2016-10-07,6099.20,6146.77,Friday
1680,2016-10-06,6148.22,6115.57,Thursday
1681,2016-10-05,6134.43,6101.53,Wednesday
1682,2016-10-04,6115.49,6068.11,Tuesday
1683,2016-10-03,6053.03,6014.32,Monday
1684,2016-09-30,5992.85,6060.12,Friday
1685,2016-09-29,6097.27,6085.94,Thursday
1686,2016-09-28,6093.21,6114.37,Wednesday
1687,2016-09-27,6108.70,6084.07,Tuesday
1688,2016-09-26,6118.78,6092.74,Monday
1689,2016-09-23,6185.09,6171.60,Friday
1690,2016-09-22,6249.49,6155.26,Thursday
1691,2016-09-21,6134.60,6111.50,Wednesday
1692,2016-09-20,6124.96,6076.30,Tuesday
1693,2016-09-19,6100.64,6099.39,Monday
1694,2016-09-16,6083.84,6110.19,Friday
1695,2016-09-15,6078.24,6053.06,Thursday
1696,2016-09-14,6032.19,6013.09,Wednesday
1697,2016-09-13,5993.05,5997.33,Tuesday
1698,2016-09-12,6014.34,6003.71,Monday
1699,2016-09-09,6075.21,6175.09,Friday
1700,2016-09-08,6218.42,6251.66,Thursday
1701,2016-09-07,6270.74,6212.10,Wednesday
1702,2016-09-06,6177.23,6150.85,Tuesday
1703,2016-09-05,6177.67,6174.47,Monday
1704,2016-09-02,6152.07,6163.68,Friday
1705,2016-09-01,6159.75,6230.85,Thursday
1706,2016-08-31,6270.72,6251.46,Wednesday
1707,2016-08-30,6268.08,6185.32,Tuesday
1708,2016-08-29,6101.93,6089.53,Monday
1709,2016-08-26,6074.35,6081.95,Friday
1710,2016-08-25,6077.37,6074.06,Thursday
1711,2016-08-24,6065.93,6089.61,Wednesday
1712,2016-08-23,6051.53,6058.45,Tuesday
1713,2016-08-22,6089.35,6092.74,Monday
1714,2016-08-19,6057.64,6081.04,Friday
1715,2016-08-18,6157.57,6166.29,Thursday
1716,2016-08-17,6227.97,6262.64,Wednesday
1717,2016-08-16,6293.93,6284.98,Tuesday
1718,2016-08-12,6303.44,6306.27,Friday
1719,2016-08-11,6302.62,6249.65,Thursday
1720,2016-08-10,6261.12,6249.32,Wednesday
1721,2016-08-09,6274.23,6176.02,Tuesday
1722,2016-08-08,6189.89,6173.33,Monday
1723,2016-08-05,6155.15,6108.85,Friday
1724,2016-08-04,6111.73,5973.61,Thursday
1725,2016-08-03,5984.25,5968.98,Wednesday
1726,2016-08-02,5999.61,5802.92,Tuesday
1727,2016-08-01,5641.38,5646.02,Monday
1728,2016-07-29,5629.51,5679.25,Friday
1729,2016-07-28,5730.18,5703.74,Thursday
1730,2016-07-27,5693.58,5656.96,Wednesday
1731,2016-07-26,5737.81,5722.72,Tuesday
1732,2016-07-25,5786.81,5788.82,Monday
1733,2016-07-22,5723.67,5729.72,Friday
1734,2016-07-21,5767.91,5763.67,Thursday
1735,2016-07-20,5760.48,5732.99,Wednesday
1736,2016-07-19,5724.77,5699.23,Tuesday
1737,2016-07-18,5712.09,5721.78,Monday
1738,2016-07-15,5641.85,5639.47,Friday
1739,2016-07-14,5608.23,5562.46,Thursday
1740,2016-07-13,5574.14,5609.69,Wednesday
1741,2016-07-12,5689.09,5670.57,Tuesday
1742,2016-07-11,5664.17,5611.36,Monday
1743,2016-07-08,5518.95,5506.61,Friday
1744,2016-07-07,5490.76,5527.74,Thursday
1745,2016-07-06,5400.83,5443.06,Wednesday
1746,2016-07-05,5520.09,5553.24,Tuesday
1747,2016-07-04,5544.09,5578.25,Monday
1748,2016-07-01,5651.99,5658.61,Friday
1749,2016-06-30,5687.18,5685.62,Thursday
1750,2016-06-29,5710.77,5705.78,Wednesday
1751,2016-06-28,5746.88,5676.12,Tuesday
1752,2016-06-27,5578.14,5632.73,Monday
1753,2016-06-24,5794.40,5624.15,Friday
1754,2016-06-23,6091.37,5990.62,Thursday
1755,2016-06-22,5987.94,5941.40,Wednesday
1756,2016-06-21,5908.87,5895.77,Tuesday
1757,2016-06-20,5833.65,5790.76,Monday
1758,2016-06-17,5736.67,5700.19,Friday
1759,2016-06-16,5656.79,5681.88,Thursday
1760,2016-06-15,5740.60,5734.45,Wednesday
1761,2016-06-14,5708.54,5668.63,Tuesday
1762,2016-06-13,5726.04,5664.86,Monday
1763,2016-06-10,5711.29,5783.89,Friday
1764,2016-06-09,5857.65,5883.43,Thursday
1765,2016-06-08,5937.72,5881.94,Wednesday
1766,2016-06-07,5916.54,5906.32,Tuesday
1767,2016-06-06,5783.58,5800.77,Monday
1768,2016-06-03,5803.78,5742.48,Friday
1769,2016-06-02,5695.39,5671.18,Thursday
1770,2016-06-01,5667.64,5718.49,Wednesday
1771,2016-05-31,5840.81,5980.81,Tuesday
1772,2016-05-30,5963.57,5964.72,Monday
1773,2016-05-27,5966.37,5983.07,Friday
1774,2016-05-25,5969.50,5973.16,Wednesday
1775,2016-05-24,5912.27,5917.24,Tuesday
1776,2016-05-23,5862.99,5795.15,Monday
1777,2016-05-20,5746.25,5733.08,Friday
1778,2016-05-19,5768.29,5852.41,Thursday
1779,2016-05-18,5915.23,5898.99,Wednesday
1780,2016-05-17,5918.16,5946.87,Tuesday
1781,2016-05-16,5950.04,5938.11,Monday
1782,2016-05-13,5798.45,5764.79,Friday
1783,2016-05-12,5730.03,5823.44,Thursday
1784,2016-05-11,5751.60,5797.98,Wednesday
1785,2016-05-10,5819.04,5881.48,Tuesday
1786,2016-05-09,5919.04,5956.14,Monday
1787,2016-05-06,5953.68,5919.13,Friday
1788,2016-05-05,5804.84,5866.03,Thursday
1789,2016-05-04,5913.50,5943.60,Wednesday
1790,2016-05-02,6012.89,6007.43,Monday
1791,2016-04-29,5984.19,5947.36,Friday
1792,2016-04-28,5981.73,5953.66,Thursday
1793,2016-04-27,5967.72,6050.63,Wednesday
1794,2016-04-26,6063.24,6109.44,Tuesday
1795,2016-04-25,6116.80,6111.28,Monday
1796,2016-04-22,6160.83,6144.58,Friday
1797,2016-04-21,6167.53,6204.22,Thursday
1798,2016-04-20,6208.75,6194.31,Wednesday
1799,2016-04-19,6270.12,6237.15,Tuesday
1800,2016-04-18,6219.66,6216.18,Monday
1801,2016-04-15,6206.56,6255.24,Friday
1802,2016-04-14,6227.54,6216.90,Thursday
1803,2016-04-13,6217.31,6217.93,Wednesday
1804,2016-04-12,6123.89,6155.94,Tuesday
1805,2016-04-11,6172.78,6232.06,Monday
1806,2016-04-08,6244.79,6165.29,Friday
1807,2016-04-07,6163.64,6232.13,Thursday
1808,2016-04-06,6213.19,6321.24,Wednesday
1809,2016-04-05,6306.23,6393.15,Tuesday
1810,2016-04-04,6491.04,6428.79,Monday
1811,2016-04-01,6426.33,6441.90,Friday
1812,2016-03-31,6498.60,6410.62,Thursday
1813,2016-03-30,6501.43,6407.77,Wednesday
1814,2016-03-29,6326.88,6323.13,Tuesday
1815,2016-03-24,6274.97,6190.67,Thursday
1816,2016-03-23,6287.02,6347.10,Wednesday
1817,2016-03-22,6341.94,6294.39,Tuesday
1818,2016-03-21,6349.42,6370.72,Monday
1819,2016-03-18,6415.55,6371.94,Friday
1820,2016-03-17,6395.63,6326.83,Thursday
1821,2016-03-16,6328.49,6364.57,Wednesday
1822,2016-03-15,6388.04,6399.55,Tuesday
1823,2016-03-14,6428.01,6367.51,Monday
1824,2016-03-11,6385.21,6329.37,Friday
1825,2016-03-10,6258.31,6222.34,Thursday
1826,2016-03-09,6176.18,6152.31,Wednesday
1827,2016-03-08,6198.25,6237.75,Tuesday
1828,2016-03-07,6233.86,6186.74,Monday
1829,2016-03-04,6174.13,6145.40,Friday
1830,2016-03-03,6184.31,6083.16,Thursday
1831,2016-03-02,6060.96,5974.10,Wednesday
1832,2016-03-01,5950.50,5855.42,Tuesday
1833,2016-02-29,5899.75,5961.13,Monday
1834,2016-02-26,6003.07,6071.64,Friday
1835,2016-02-25,6007.03,6017.21,Thursday
1836,2016-02-24,5941.23,5976.50,Wednesday
1837,2016-02-23,6037.47,6071.10,Tuesday
1838,2016-02-22,6070.93,6145.26,Monday
1839,2016-02-19,6022.80,6049.87,Friday
1840,2016-02-18,6108.82,6152.43,Thursday
1841,2016-02-17,6107.44,6026.03,Wednesday
1842,2016-02-16,5876.43,5790.86,Tuesday
1843,2016-02-15,5853.74,5822.77,Monday
1844,2016-02-12,5739.11,5779.33,Friday
1845,2016-02-11,5659.63,5602.86,Thursday
1846,2016-02-10,5664.20,5756.12,Wednesday
1847,2016-02-09,5694.23,5647.35,Tuesday
1848,2016-02-08,5649.58,5671.71,Monday
1849,2016-02-05,5747.30,5742.01,Friday
1850,2016-02-04,5752.19,5666.18,Thursday
1851,2016-02-03,5564.16,5509.45,Wednesday
1852,2016-02-02,5515.22,5609.30,Tuesday
1853,2016-02-01,5702.97,5637.35,Monday
1854,2016-01-29,5668.39,5607.43,Friday
1855,2016-01-28,5596.92,5581.68,Thursday
1856,2016-01-27,5378.74,5334.92,Wednesday
1857,2016-01-26,5293.81,5309.64,Tuesday
1858,2016-01-25,5326.83,5391.11,Monday
1859,2016-01-22,5389.37,5331.52,Friday
1860,2016-01-21,5240.88,5262.98,Thursday
1861,2016-01-20,5234.13,5174.17,Wednesday
1862,2016-01-19,5277.26,5393.16,Tuesday
1863,2016-01-18,5283.16,5424.65,Monday
1864,2016-01-15,5552.63,5703.51,Friday
1865,2016-01-14,5791.23,5652.36,Thursday
1866,2016-01-13,5769.52,5720.37,Wednesday
1867,2016-01-12,5686.05,5666.17,Tuesday
1868,2016-01-11,5512.62,5553.16,Monday
1869,2016-01-08,5638.67,5679.15,Friday
1870,2016-01-07,5726.46,5722.83,Thursday
1871,2016-01-05,5847.82,5875.48,Tuesday
1872,2016-01-04,5929.20,5969.52,Monday
1873,2015-12-30,6086.60,6178.30,Wednesday
1874,2015-12-29,6188.42,6158.92,Tuesday
1875,2015-12-28,6141.56,6116.45,Monday
1876,2015-12-23,6115.68,6105.26,Wednesday
1877,2015-12-22,6111.61,6093.09,Tuesday
1878,2015-12-21,6157.93,6142.49,Monday
1879,2015-12-18,6139.22,6083.83,Friday
1880,2015-12-17,6086.62,6053.85,Thursday
1881,2015-12-16,5965.95,5864.65,Wednesday
1882,2015-12-15,5815.26,5774.79,Tuesday
1883,2015-12-14,5724.83,5743.09,Monday
1884,2015-12-11,5721.39,5845.05,Friday
1885,2015-12-10,5834.40,5809.40,Thursday
1886,2015-12-09,5650.14,5637.20,Wednesday
1887,2015-12-08,5776.06,5842.01,Tuesday
1888,2015-12-07,5895.07,5909.57,Monday
1889,2015-12-04,5835.19,5685.78,Friday
1890,2015-12-03,5711.48,5782.56,Thursday
1891,2015-12-02,5780.76,5866.12,Wednesday
1892,2015-12-01,5919.91,5933.89,Tuesday
1893,2015-11-30,5927.75,5899.30,Monday
1894,2015-11-27,5911.44,5982.20,Friday
1895,2015-11-26,6000.40,5947.77,Thursday
1896,2015-11-25,5955.01,5980.53,Wednesday
1897,2015-11-24,5900.57,5960.04,Tuesday
1898,2015-11-23,6050.89,6094.30,Monday
1899,2015-11-20,6206.61,6201.77,Friday
1900,2015-11-19,6184.55,6228.62,Thursday
1901,2015-11-18,6220.37,6171.79,Wednesday
1902,2015-11-17,6198.67,6183.43,Tuesday
1903,2015-11-16,6097.06,6096.25,Monday
1904,2015-11-13,6132.84,6217.16,Friday
1905,2015-11-12,6227.62,6214.46,Thursday
1906,2015-11-10,6251.23,6199.21,Tuesday
1907,2015-11-09,6246.62,6311.92,Monday
1908,2015-11-06,6386.07,6459.55,Friday
1909,2015-11-05,6478.95,6516.84,Thursday
1910,2015-11-04,6515.10,6536.69,Wednesday
1911,2015-11-03,6541.15,6590.08,Tuesday
1912,2015-11-02,6634.34,6601.63,Monday
1913,2015-10-30,6562.21,6569.00,Friday
1914,2015-10-29,6578.84,6638.47,Thursday
1915,2015-10-28,6735.56,6726.84,Wednesday
1916,2015-10-27,6757.15,6730.70,Tuesday
1917,2015-10-26,6748.92,6788.86,Monday
1918,2015-10-23,6818.80,6893.31,Friday
1919,2015-10-22,6854.86,6896.19,Thursday
1920,2015-10-21,6914.82,6874.40,Wednesday
1921,2015-10-20,6881.82,6840.86,Tuesday
1922,2015-10-19,6836.03,6868.02,Monday
1923,2015-10-16,6844.56,6882.76,Friday
1924,2015-10-15,6886.55,6915.45,Thursday
1925,2015-10-14,6876.40,6871.47,Wednesday
1926,2015-10-13,6896.20,6835.45,Tuesday
1927,2015-10-12,6925.04,6897.04,Monday
1928,2015-10-09,6907.64,6902.01,Friday
1929,2015-10-08,6862.48,6813.28,Thursday
1930,2015-10-07,6803.32,6775.46,Wednesday
1931,2015-10-06,6743.84,6726.68,Tuesday
1932,2015-10-05,6668.46,6640.94,Monday
1933,2015-10-02,6494.70,6543.44,Friday
1934,2015-10-01,6542.95,6558.24,Thursday
1935,2015-09-30,6581.02,6552.44,Wednesday
1936,2015-09-29,6459.15,6477.72,Tuesday
1937,2015-09-28,6492.72,6561.32,Monday
1938,2015-09-25,6601.65,6654.68,Friday
1939,2015-09-24,6547.77,6677.31,Thursday
1940,2015-09-23,6588.25,6717.33,Wednesday
1941,2015-09-22,6672.55,6731.09,Tuesday
1942,2015-09-21,6798.96,6789.61,Monday
1943,2015-09-18,6770.98,6857.01,Friday
1944,2015-09-17,6862.51,6838.59,Thursday
1945,2015-09-16,6832.51,6824.04,Wednesday
1946,2015-09-15,6812.88,6759.44,Tuesday
1947,2015-09-14,6786.88,6721.37,Monday
1948,2015-09-11,6902.03,6907.41,Friday
1949,2015-09-10,6808.90,6669.84,Thursday
1950,2015-09-09,6600.12,6722.04,Wednesday
1951,2015-09-08,6670.63,6709.24,Tuesday
1952,2015-09-07,6699.08,6747.98,Monday
1953,2015-09-04,6773.95,6801.14,Friday
1954,2015-09-03,6821.10,6765.11,Thursday
1955,2015-09-02,6665.19,6662.50,Wednesday
1956,2015-09-01,6628.23,6670.49,Tuesday
1957,2015-08-31,6815.71,6761.76,Monday
1958,2015-08-28,6770.18,6621.74,Friday
1959,2015-08-27,6625.97,6596.71,Thursday
1960,2015-08-26,6475.99,6409.10,Wednesday
1961,2015-08-25,6408.11,6410.96,Tuesday
1962,2015-08-24,6365.14,6460.50,Monday
1963,2015-08-21,6631.17,6650.47,Friday
1964,2015-08-20,6673.50,6613.51,Thursday
1965,2015-08-19,6707.67,6615.52,Wednesday
1966,2015-08-18,6546.20,6556.93,Tuesday
1967,2015-08-17,6568.45,6633.34,Monday
1968,2015-08-14,6640.32,6685.06,Friday
1969,2015-08-13,6764.83,6644.70,Thursday
1970,2015-08-12,6559.72,6519.48,Wednesday
1971,2015-08-11,6594.25,6645.07,Tuesday
1972,2015-08-10,6653.73,6544.18,Monday
1973,2015-08-07,6509.45,6523.78,Friday
1974,2015-08-06,6516.83,6473.79,Thursday
1975,2015-08-05,6927.22,6890.69,Wednesday
1976,2015-08-04,6831.76,6885.09,Tuesday
1977,2015-08-03,6867.72,6815.04,Monday
1978,2015-07-31,6820.25,6778.97,Friday
1979,2015-07-30,6742.66,6757.09,Thursday
1980,2015-07-29,6783.09,6872.99,Wednesday
1981,2015-07-28,6628.00,6542.25,Tuesday
1982,2015-07-27,6516.00,6468.95,Monday
1983,2015-07-24,6577.55,6677.31,Friday
1984,2015-07-23,6724.06,6647.47,Thursday
1985,2015-07-22,6629.59,6687.79,Wednesday
1986,2015-07-21,6841.28,6930.88,Tuesday
1987,2015-07-20,6897.70,7056.88,Monday
1988,2015-07-17,7101.25,7134.65,Friday
1989,2015-07-16,7138.65,7106.85,Thursday
1990,2015-07-15,7009.44,6995.02,Wednesday
1991,2015-07-14,6992.49,6967.81,Tuesday
1992,2015-07-13,7027.12,7039.29,Monday
1993,2015-07-10,7020.09,6957.89,Friday
1994,2015-07-09,6872.43,6794.29,Thursday
1995,2015-07-08,6833.44,6834.46,Wednesday
1996,2015-07-07,6891.41,7138.70,Tuesday
1997,2015-07-06,7124.49,7076.52,Monday
1998,2015-07-03,7133.95,7188.33,Friday
1999,2015-07-02,7212.31,7238.91,Thursday
2000,2015-07-01,7322.00,7401.98,Wednesday
2001,2015-06-30,7397.98,7319.67,Tuesday
2002,2015-06-29,7309.74,7355.03,Monday
2003,2015-06-26,7423.91,7443.39,Friday
2004,2015-06-25,7475.21,7515.92,Thursday
2005,2015-06-24,7444.77,7430.49,Wednesday
2006,2015-06-23,7421.90,7465.86,Tuesday
2007,2015-06-22,7462.36,7404.46,Monday
2008,2015-06-19,7253.22,7344.10,Friday
2009,2015-06-18,7315.92,7252.02,Thursday
2010,2015-06-17,7275.89,7434.08,Wednesday
2011,2015-06-16,7423.27,7440.15,Tuesday
2012,2015-06-15,7448.74,7490.84,Monday
2013,2015-06-12,7487.98,7538.35,Friday
2014,2015-06-11,7552.77,7568.57,Thursday
2015,2015-06-10,7562.59,7522.62,Wednesday
2016,2015-06-09,7388.34,7473.11,Tuesday
2017,2015-06-08,7434.74,7477.63,Monday
2018,2015-06-05,7442.91,7477.71,Friday
2019,2015-06-03,7534.20,7603.69,Wednesday
2020,2015-06-02,7638.48,7666.24,Tuesday
2021,2015-06-01,7734.53,7718.98,Monday
2022,2015-05-29,7688.56,7712.28,Friday
2023,2015-05-28,7663.08,7725.83,Thursday
2024,2015-05-27,7708.48,7698.78,Wednesday
2025,2015-05-26,7667.57,7720.15,Tuesday
2026,2015-05-25,7812.45,7861.39,Monday
2027,2015-05-22,8050.95,8093.43,Friday
2028,2015-05-21,8101.18,8059.67,Thursday
2029,2015-05-20,8074.83,8043.63,Wednesday
2030,2015-05-19,8101.52,8173.17,Tuesday
2031,2015-05-18,8179.24,8160.86,Monday
2032,2015-05-15,8128.59,8150.19,Friday
2033,2015-05-14,8158.47,8163.71,Thursday
2034,2015-05-13,8171.54,8220.09,Wednesday
2035,2015-05-12,8283.97,8191.74,Tuesday
2036,2015-05-11,8269.23,8295.97,Monday
2037,2015-05-08,8349.90,8304.08,Friday
2038,2015-05-07,8291.47,8208.17,Thursday
2039,2015-05-06,8272.90,8118.06,Wednesday
2040,2015-05-05,8084.66,8114.36,Tuesday
2041,2015-05-04,8086.68,8052.53,Monday
2042,2015-04-30,8051.77,8086.33,Thursday
2043,2015-04-29,8104.66,8118.06,Wednesday
2044,2015-04-28,8139.84,8152.22,Tuesday
2045,2015-04-27,8164.29,8169.11,Monday
2046,2015-04-24,8130.31,8154.93,Friday
2047,2015-04-23,8167.02,8123.66,Thursday
2048,2015-04-22,8148.17,8092.11,Wednesday
2049,2015-04-21,8135.05,8193.74,Tuesday
2050,2015-04-20,8162.98,8053.45,Monday
2051,2015-04-17,8023.53,8170.47,Friday
2052,2015-04-16,8134.80,8054.68,Thursday
2053,2015-04-15,7984.61,7872.33,Wednesday
2054,2015-04-14,7766.12,7779.71,Tuesday
2055,2015-04-13,7796.20,7774.51,Monday
2056,2015-04-10,7809.66,7820.52,Friday
2057,2015-04-09,7827.29,7730.74,Thursday
2058,2015-04-08,7720.23,7692.41,Wednesday
2059,2015-04-07,7673.05,7700.87,Tuesday
2060,2015-04-02,7630.58,7622.16,Thursday
2061,2015-04-01,7639.41,7660.93,Wednesday
2062,2015-03-31,7660.16,7651.12,Tuesday
2063,2015-03-30,7622.71,7648.37,Monday
2064,2015-03-27,7591.90,7655.39,Friday
2065,2015-03-26,7621.07,7664.04,Thursday
2066,2015-03-25,7741.50,7786.61,Wednesday
2067,2015-03-24,7831.93,7891.35,Tuesday
2068,2015-03-23,7930.39,7898.04,Monday
2069,2015-03-20,7931.83,7898.67,Friday
2070,2015-03-19,7892.86,7806.00,Thursday
2071,2015-03-18,7716.76,7770.74,Wednesday
2072,2015-03-17,7754.97,7735.44,Tuesday
2073,2015-03-16,7715.40,7697.09,Monday
2074,2015-03-13,7696.56,7710.46,Friday
2075,2015-03-12,7731.07,7677.74,Thursday
2076,2015-03-11,7718.08,7671.21,Wednesday
2077,2015-03-10,7628.77,7613.80,Tuesday
2078,2015-03-09,7674.10,7668.48,Monday
2079,2015-03-06,7675.14,7734.73,Friday
2080,2015-03-05,7710.71,7724.00,Thursday
2081,2015-03-04,7659.58,7501.29,Wednesday
2082,2015-03-03,7497.62,7579.34,Tuesday
2083,2015-03-02,7583.57,7581.92,Monday
2084,2015-02-27,7582.98,7548.09,Friday
2085,2015-02-26,7569.00,7545.91,Thursday
2086,2015-02-25,7581.07,7587.60,Wednesday
2087,2015-02-24,7618.39,7570.22,Tuesday
2088,2015-02-23,7608.65,7589.97,Monday
2089,2015-02-20,7564.10,7556.77,Friday
2090,2015-02-19,7574.35,7616.42,Thursday
2091,2015-02-18,7589.36,7652.40,Wednesday
2092,2015-02-17,7660.08,7663.26,Tuesday
2093,2015-02-16,7680.96,7653.34,Monday
2094,2015-02-13,7610.51,7570.41,Friday
2095,2015-02-12,7569.88,7631.26,Thursday
2096,2015-02-11,7530.56,7639.27,Wednesday
2097,2015-02-10,7639.10,7647.73,Tuesday
2098,2015-02-09,7662.92,7673.90,Monday
2099,2015-02-06,7707.80,7711.35,Friday
2100,2015-02-05,7688.15,7642.30,Thursday
2101,2015-02-04,7659.05,7595.99,Wednesday
2102,2015-02-03,7623.39,7694.98,Tuesday
2103,2015-02-02,7745.29,7748.82,Monday
2104,2015-01-30,7715.41,7756.57,Friday
2105,2015-01-29,7744.90,7749.41,Thursday
2106,2015-01-28,7751.63,7584.09,Wednesday
2107,2015-01-27,7592.68,7650.97,Tuesday
2108,2015-01-26,7557.30,7517.27,Monday
2109,2015-01-23,7600.58,7636.14,Friday
2110,2015-01-22,7592.31,7551.97,Thursday
2111,2015-01-21,7522.39,7423.01,Wednesday
2112,2015-01-20,7409.00,7534.72,Tuesday
2113,2015-01-19,7504.85,7499.17,Monday
2114,2015-01-16,7458.63,7461.97,Friday
2115,2015-01-15,7582.69,7699.70,Thursday
2116,2015-01-14,8020.86,8050.35,Wednesday
2117,2015-01-13,8084.04,8048.50,Tuesday
2118,2015-01-12,7982.71,7984.87,Monday
2119,2015-01-09,7998.94,8046.17,Friday
2120,2015-01-08,8053.33,7981.88,Thursday
2121,2015-01-07,7807.71,7763.00,Wednesday
2122,2015-01-05,7739.27,7913.69,Monday
2123,2015-01-02,7931.09,7925.34,Friday
2124,2014-12-30,7960.97,7882.10,Tuesday
2125,2014-12-29,7872.55,7926.57,Monday
2126,2014-12-23,7960.50,7976.50,Tuesday
2127,2014-12-22,7945.85,7951.85,Monday
2128,2014-12-19,7918.07,7984.63,Friday
2129,2014-12-18,8034.40,8025.85,Thursday
2130,2014-12-17,7899.74,7901.77,Wednesday
2131,2014-12-16,7830.58,7892.34,Tuesday
2132,2014-12-15,7953.90,8093.23,Monday
2133,2014-12-12,8052.32,8116.21,Friday
2134,2014-12-11,8121.35,8176.33,Thursday
2135,2014-12-10,8173.95,8244.74,Wednesday
2136,2014-12-09,8280.72,8279.17,Tuesday
2137,2014-12-08,8342.27,8320.83,Monday
2138,2014-12-05,8332.21,8306.83,Friday
2139,2014-12-04,8270.24,8378.09,Thursday
2140,2014-12-03,8366.66,8387.20,Wednesday
2141,2014-12-02,8343.75,8266.88,Tuesday
2142,2014-12-01,8216.21,8178.40,Monday
2143,2014-11-28,8229.12,8209.03,Friday
2144,2014-11-27,8222.94,8186.97,Thursday
2145,2014-11-26,8148.81,8095.84,Wednesday
2146,2014-11-25,8087.91,8067.82,Tuesday
2147,2014-11-24,8106.27,8145.91,Monday
2148,2014-11-21,8060.83,8011.76,Friday
2149,2014-11-20,8026.30,8018.29,Thursday
2150,2014-11-19,8188.46,8222.42,Wednesday
2151,2014-11-18,8243.39,8214.86,Tuesday
2152,2014-11-17,8175.67,8134.15,Monday
2153,2014-11-14,8153.36,8018.13,Friday
2154,2014-11-13,7942.41,8017.70,Thursday
2155,2014-11-12,7974.00,8042.26,Wednesday
2156,2014-11-10,8029.31,8061.38,Monday
2157,2014-11-07,8082.24,8144.61,Friday
2158,2014-11-06,8116.88,8178.60,Thursday
2159,2014-11-05,8181.95,8138.78,Wednesday
2160,2014-11-04,8131.38,8181.80,Tuesday
2161,2014-11-03,8150.61,8136.80,Monday
2162,2014-10-31,8145.78,8157.77,Friday
2163,2014-10-30,8095.89,8052.41,Thursday
2164,2014-10-29,8090.83,8129.53,Wednesday
2165,2014-10-28,8146.09,8102.13,Tuesday
2166,2014-10-27,8100.60,8068.38,Monday
2167,2014-10-24,8045.86,8083.17,Friday
2168,2014-10-23,8101.09,8145.53,Thursday
2169,2014-10-22,8149.63,8149.63,Wednesday
2170,2014-10-21,8140.95,8001.16,Tuesday
2171,2014-10-20,7962.24,8058.60,Monday
2172,2014-10-17,8057.80,8093.22,Friday
2173,2014-10-16,8015.50,7953.28,Thursday
2174,2014-10-15,7973.97,8068.14,Wednesday
2175,2014-10-14,8083.51,8024.31,Tuesday
2176,2014-10-13,8063.52,8125.37,Monday
2177,2014-10-10,8085.98,8149.95,Friday
2178,2014-10-09,8241.17,8394.23,Thursday
2179,2014-10-08,8379.18,8381.93,Wednesday
2180,2014-10-07,8490.57,8470.20,Tuesday
2181,2014-10-06,8497.03,8546.61,Monday
2182,2014-10-03,8487.52,8520.19,Friday
2183,2014-10-02,8429.42,8487.28,Thursday
2184,2014-10-01,8607.44,8651.72,Wednesday
2185,2014-09-30,8694.03,8736.75,Tuesday
2186,2014-09-29,8696.06,8677.33,Monday
2187,2014-09-26,8567.21,8490.15,Friday
2188,2014-09-25,8478.04,8634.59,Thursday
2189,2014-09-24,8505.81,8596.16,Wednesday
2190,2014-09-23,8567.28,8628.59,Tuesday
2191,2014-09-22,8722.39,8781.59,Monday
2192,2014-09-19,8819.46,8741.09,Friday
2193,2014-09-18,8711.85,8756.73,Thursday
2194,2014-09-17,8761.00,8746.87,Wednesday
2195,2014-09-16,8680.99,8619.47,Tuesday
2196,2014-09-15,8574.13,8483.69,Monday
2197,2014-09-12,8446.82,8485.94,Friday
2198,2014-09-11,8506.40,8575.99,Thursday
2199,2014-09-10,8589.21,8584.05,Wednesday
2200,2014-09-09,8631.94,8587.02,Tuesday
2201,2014-09-08,8654.82,8583.64,Monday
2202,2014-09-05,8609.90,8580.72,Friday
2203,2014-09-04,8588.05,8469.31,Thursday
2204,2014-09-03,8423.56,8414.47,Wednesday
2205,2014-09-02,8234.62,8208.29,Tuesday
2206,2014-09-01,8193.06,8144.04,Monday
2207,2014-08-29,8111.57,8141.99,Friday
2208,2014-08-28,8147.31,8254.10,Thursday
2209,2014-08-27,8291.35,8306.72,Wednesday
2210,2014-08-26,8283.08,8263.17,Tuesday
2211,2014-08-25,8208.95,8209.01,Monday
2212,2014-08-22,8166.66,8201.77,Friday
2213,2014-08-21,8218.17,8277.59,Thursday
2214,2014-08-20,8275.02,8270.19,Wednesday
2215,2014-08-19,8281.21,8272.63,Tuesday
2216,2014-08-18,8271.77,8192.29,Monday
2217,2014-08-14,8186.28,7953.23,Thursday
2218,2014-08-13,8039.66,7903.69,Wednesday
2219,2014-08-12,7877.68,7843.30,Tuesday
2220,2014-08-11,7893.70,7834.29,Monday
2221,2014-08-08,7772.25,7747.02,Friday
2222,2014-08-07,7794.16,7784.96,Thursday
2223,2014-08-06,7914.58,7920.54,Wednesday
2224,2014-08-05,7953.87,8017.22,Tuesday
2225,2014-08-04,7929.11,7894.24,Monday
2226,2014-08-01,7861.46,7658.65,Friday
2227,2014-07-31,7699.35,7789.72,Thursday
2228,2014-07-30,7835.61,7909.04,Wednesday
2229,2014-07-29,8020.13,8061.91,Tuesday
2230,2014-07-28,8101.66,8124.26,Monday
2231,2014-07-25,8129.82,8106.53,Friday
2232,2014-07-24,8145.76,8161.84,Thursday
2233,2014-07-23,8139.19,8124.24,Wednesday
2234,2014-07-22,8162.79,8111.86,Tuesday
2235,2014-07-21,8105.69,8096.03,Monday
2236,2014-07-18,8133.64,8115.66,Friday
2237,2014-07-17,8158.18,8079.26,Thursday
2238,2014-07-16,8119.05,8139.95,Wednesday
2239,2014-07-15,8141.15,8104.21,Tuesday
2240,2014-07-14,8114.60,8107.24,Monday
2241,2014-07-11,8034.33,8039.51,Friday
2242,2014-07-10,7913.24,7886.26,Thursday
2243,2014-07-09,7896.09,7965.20,Wednesday
2244,2014-07-08,7999.71,8118.25,Tuesday
2245,2014-07-07,8183.03,8153.41,Monday
2246,2014-07-04,8074.34,8044.09,Friday
2247,2014-07-03,8065.85,8033.96,Thursday
2248,2014-07-02,8080.66,8193.67,Wednesday
2249,2014-07-01,8169.57,8151.91,Tuesday
2250,2014-06-30,8125.78,8087.27,Monday
2251,2014-06-27,8046.30,8111.93,Friday
2252,2014-06-26,8108.54,8166.40,Thursday
2253,2014-06-25,8192.86,8280.31,Wednesday
2254,2014-06-24,8323.69,8363.27,Tuesday
2255,2014-06-23,8373.42,8376.40,Monday
2256,2014-06-20,8342.22,8351.97,Friday
2257,2014-06-18,8368.60,8400.38,Wednesday
2258,2014-06-17,8445.07,8460.98,Tuesday
2259,2014-06-16,8430.16,8406.53,Monday
2260,2014-06-13,8415.98,8452.98,Friday
2261,2014-06-12,8494.32,8459.52,Thursday
2262,2014-06-11,8549.55,8562.07,Wednesday
2263,2014-06-10,8622.56,8568.25,Tuesday
2264,2014-06-09,8562.23,8607.82,Monday
2265,2014-06-06,8597.18,8509.64,Friday
2266,2014-06-05,8501.58,8502.45,Thursday
2267,2014-06-04,8443.35,8357.16,Wednesday
2268,2014-06-03,8321.58,8374.63,Tuesday
2269,2014-06-02,8335.90,8347.38,Monday
2270,2014-05-30,8362.53,8458.65,Friday
2271,2014-05-29,8504.92,8452.97,Thursday
2272,2014-05-28,8459.85,8459.85,Wednesday
2273,2014-05-27,8505.73,8484.64,Tuesday
2274,2014-05-26,8514.15,8499.89,Monday
2275,2014-05-23,8455.08,8458.38,Friday
2276,2014-05-22,8422.26,8326.54,Thursday
2277,2014-05-21,8214.28,8172.33,Wednesday
2278,2014-05-20,8113.57,8098.74,Tuesday
2279,2014-05-19,8051.06,8044.62,Monday
2280,2014-05-16,8055.04,8167.15,Friday
2281,2014-05-15,8215.97,8318.06,Thursday
2282,2014-05-14,8285.37,8288.20,Wednesday
2283,2014-05-13,8280.73,8332.88,Tuesday
2284,2014-05-12,8306.16,8269.53,Monday
2285,2014-05-09,8339.85,8371.75,Friday
2286,2014-05-08,8351.64,8362.70,Thursday
2287,2014-05-07,8261.63,8230.52,Wednesday
2288,2014-05-06,8288.88,8413.56,Tuesday
2289,2014-05-05,8415.23,8437.36,Monday
2290,2014-05-02,8537.86,8553.08,Friday
2291,2014-04-30,8562.83,8590.80,Wednesday
2292,2014-04-29,8568.51,8531.16,Tuesday
2293,2014-04-28,8467.38,8518.41,Monday
2294,2014-04-25,8491.18,8508.66,Friday
2295,2014-04-24,8553.24,8658.06,Thursday
2296,2014-04-23,8655.15,8674.79,Wednesday
2297,2014-04-22,8669.92,8596.16,Tuesday
2298,2014-04-17,8549.99,8504.65,Thursday
2299,2014-04-16,8425.05,8467.69,Wednesday
2300,2014-04-15,8469.95,8551.75,Tuesday
2301,2014-04-14,8598.69,8665.81,Monday
2302,2014-04-11,8698.53,8693.96,Friday
2303,2014-04-10,8756.89,8795.55,Thursday
2304,2014-04-09,8760.68,8785.95,Wednesday
2305,2014-04-08,8796.16,8757.76,Tuesday
2306,2014-04-07,8765.55,8768.64,Monday
2307,2014-04-04,8798.72,8746.29,Friday
2308,2014-04-03,8739.50,8788.32,Thursday
2309,2014-04-02,8820.50,8792.15,Wednesday
2310,2014-04-01,8748.86,8724.77,Tuesday
2311,2014-03-31,8749.83,8688.10,Monday
2312,2014-03-28,8667.12,8637.16,Friday
2313,2014-03-27,8586.10,8614.63,Thursday
2314,2014-03-26,8611.46,8623.43,Wednesday
2315,2014-03-25,8522.84,8481.99,Tuesday
2316,2014-03-24,8392.56,8411.84,Monday
2317,2014-03-21,8411.13,8511.72,Friday
2318,2014-03-20,8430.55,8419.63,Thursday
2319,2014-03-19,8388.67,8379.20,Wednesday
2320,2014-03-18,8369.27,8346.55,Tuesday
2321,2014-03-17,8421.82,8347.24,Monday
2322,2014-03-14,8222.02,8193.64,Friday
2323,2014-03-13,8225.08,8407.77,Thursday
2324,2014-03-12,8414.03,8522.37,Wednesday
2325,2014-03-11,8511.73,8493.25,Tuesday
2326,2014-03-10,8480.64,8572.60,Monday
2327,2014-03-07,8580.18,8673.03,Friday
2328,2014-03-06,8660.86,8670.40,Thursday
2329,2014-03-05,8643.27,8689.49,Wednesday
2330,2014-03-04,8635.52,8570.84,Tuesday
2331,2014-03-03,8446.23,8657.33,Monday
2332,2014-02-28,8918.66,8835.73,Friday
2333,2014-02-27,8786.79,8750.51,Thursday
2334,2014-02-26,8817.52,8855.54,Wednesday
2335,2014-02-25,8857.26,8893.67,Tuesday
2336,2014-02-24,8878.78,8840.96,Monday
2337,2014-02-21,8756.69,8742.05,Friday
2338,2014-02-20,8657.13,8661.14,Thursday
2339,2014-02-19,8771.03,8692.86,Wednesday
2340,2014-02-18,8677.63,8727.53,Tuesday
2341,2014-02-17,8741.63,8817.59,Monday
2342,2014-02-14,8850.12,8859.07,Friday
2343,2014-02-13,8858.47,8786.75,Thursday
2344,2014-02-12,8826.98,8763.47,Wednesday
2345,2014-02-11,8675.24,8631.29,Tuesday
2346,2014-02-10,8546.33,8570.30,Monday
2347,2014-02-07,8559.66,8581.14,Friday
2348,2014-02-06,8588.84,8551.15,Thursday
2349,2014-02-05,8357.11,8342.30,Wednesday
2350,2014-02-04,8275.79,8256.72,Tuesday
2351,2014-02-03,8307.06,8324.04,Monday
2352,2014-01-31,8327.41,8252.59,Friday
2353,2014-01-30,8231.24,8056.77,Thursday
2354,2014-01-29,8126.19,8258.06,Wednesday
2355,2014-01-28,8178.64,8129.89,Tuesday
2356,2014-01-27,8075.39,8108.16,Monday
2357,2014-01-26,8230.17,8230.17,Sunday
2358,2014-01-24,8230.17,8390.70,Friday
2359,2014-01-23,8431.09,8500.71,Thursday
2360,2014-01-22,8446.76,8403.29,Wednesday
2361,2014-01-21,8316.93,8286.85,Tuesday
2362,2014-01-20,8171.82,8124.36,Monday
2363,2014-01-17,8115.97,8196.60,Friday
2364,2014-01-16,8202.34,8206.76,Thursday
2365,2014-01-15,8220.25,8147.80,Wednesday
2366,2014-01-14,8030.53,7968.05,Tuesday
2367,2014-01-13,7937.71,7941.73,Monday
2368,2014-01-10,7833.79,7761.97,Friday
2369,2014-01-09,7752.44,7852.78,Thursday
2370,2014-01-08,7874.28,7803.62,Wednesday
2371,2014-01-07,7779.88,7788.72,Tuesday
2372,2014-01-03,7949.61,8026.35,Friday
2373,2014-01-02,8052.27,8059.56,Thursday
