date,price,open
06/29/2023,"7,890.16","7,837.28"
06/28/2023,"7,814.06","7,899.25"
06/27/2023,"7,821.39","7,932.55"
06/26/2023,"7,904.46","7,697.47"
06/23/2023,"7,671.75","7,860.24"
06/22/2023,"7,914.36","7,863.20"
06/21/2023,"7,861.61","7,785.46"
06/20/2023,"7,769.66","7,808.04"
06/19/2023,"7,824.29","7,839.55"
06/16/2023,"7,866.54","7,808.52"
06/15/2023,"7,820.66","7,731.01"
06/14/2023,"7,774.36","7,537.43"
06/13/2023,"7,522.07","7,665.98"
06/12/2023,"7,624.11","7,741.76"
06/09/2023,"7,749.36","7,658.52"
06/07/2023,"7,581.11","7,676.14"
06/06/2023,"7,695.41","7,449.56"
06/05/2023,"7,437.55","7,499.76"
06/02/2023,"7,487.62","7,177.55"
06/01/2023,"7,110.71","6,975.88"
05/31/2023,"6,951.80","7,106.29"
05/30/2023,"7,181.76","7,289.84"
05/29/2023,"7,335.93","7,374.96"
05/26/2023,"7,349.04","7,223.53"
05/25/2023,"7,204.33","7,131.93"
05/24/2023,"7,113.01","7,297.37"
05/23/2023,"7,344.05","7,286.06"
05/22/2023,"7,290.18","7,224.03"
05/19/2023,"7,242.75","7,048.56"
05/18/2023,"7,006.29","6,978.18"
05/17/2023,"6,926.97","6,881.70"
05/16/2023,"6,919.56","6,866.38"
05/15/2023,"6,874.63","6,950.28"
05/12/2023,"6,912.44","6,908.16"
05/11/2023,"6,869.97","6,961.30"
05/10/2023,"6,934.47","6,923.41"
05/09/2023,"6,892.37","6,893.94"
05/08/2023,"6,908.05","6,871.13"
05/05/2023,"6,850.25","6,752.81"
05/04/2023,"6,706.27","6,948.84"
05/02/2023,"6,912.70","7,020.43"
04/28/2023,"6,976.87","7,130.03"
04/27/2023,"7,110.37","6,975.26"
04/26/2023,"6,934.82","6,992.54"
04/25/2023,"7,034.57","7,101.28"
04/24/2023,"7,136.23","7,087.01"
04/21/2023,"7,099.12","7,072.53"
04/20/2023,"7,149.47","7,109.98"
04/19/2023,"7,112.25","7,043.00"
04/18/2023,"7,062.88","6,943.22"
04/17/2023,"6,927.93","6,913.81"
04/14/2023,"6,891.00","6,815.18"
04/13/2023,"6,794.96","6,640.92"
04/12/2023,"6,658.70","6,491.02"
04/11/2023,"6,505.22","6,378.99"
04/06/2023,"6,336.40","6,319.85"
04/05/2023,"6,315.69","6,405.85"
04/04/2023,"6,396.72","6,447.65"
04/03/2023,"6,408.49","6,313.63"
03/31/2023,"6,268.86","6,306.58"
03/30/2023,"6,299.38","6,168.82"
03/29/2023,"6,151.82","6,070.57"
03/28/2023,"6,008.60","5,956.80"
03/27/2023,"5,895.44","5,877.87"
03/24/2023,"5,817.08","5,931.71"
03/23/2023,"5,947.63","5,918.49"
03/22/2023,"5,949.80","6,020.24"
03/21/2023,"6,035.86","5,910.54"
03/20/2023,"5,809.21","5,641.30"
03/17/2023,"5,780.27","5,978.52"
03/16/2023,"5,929.97","6,081.46"
03/15/2023,"6,003.90","6,228.67"
03/14/2023,"6,191.70","6,168.28"
03/13/2023,"6,178.56","6,436.23"
03/10/2023,"6,377.09","6,435.68"
03/09/2023,"6,584.30","6,667.88"
03/08/2023,"6,666.06","6,608.76"
03/07/2023,"6,645.54","6,693.43"
03/06/2023,"6,720.34","6,589.27"
03/03/2023,"6,543.26","6,503.16"
03/02/2023,"6,454.55","6,634.73"
03/01/2023,"6,651.35","6,628.16"
02/28/2023,"6,626.80","6,497.73"
02/27/2023,"6,518.14","6,500.57"
02/24/2023,"6,473.16","6,464.18"
02/23/2023,"6,440.18","6,367.57"
02/22/2023,"6,359.95","6,463.42"
02/21/2023,"6,490.29","6,562.93"
02/20/2023,"6,599.36","6,703.60"
02/17/2023,"6,688.76","6,715.52"
02/16/2023,"6,803.61","6,839.76"
02/15/2023,"6,810.98","6,742.96"
02/14/2023,"6,781.09","6,733.64"
02/13/2023,"6,694.04","6,740.03"
02/10/2023,"6,677.21","6,774.67"
02/09/2023,"6,823.79","6,756.24"
02/08/2023,"6,713.79","6,696.58"
02/07/2023,"6,638.78","6,687.19"
02/06/2023,"6,636.25","6,772.70"
02/03/2023,"6,802.78","6,729.61"
02/02/2023,"6,735.29","6,758.63"
02/01/2023,"6,672.69","6,709.53"
01/31/2023,"6,720.30","6,521.86"
01/30/2023,"6,529.24","6,619.20"
01/27/2023,"6,655.73","6,736.57"
01/26/2023,"6,713.00","6,753.22"
01/25/2023,"6,673.44","6,717.62"
01/24/2023,"6,957.86","7,028.97"
01/23/2023,"6,979.57","6,966.37"
01/20/2023,"6,919.01","6,935.27"
01/19/2023,"6,899.90","6,897.39"
01/18/2023,"6,952.36","7,056.76"
01/17/2023,"7,053.30","7,281.71"
01/16/2023,"7,294.39","7,215.06"
01/13/2023,"7,216.64","7,253.59"
01/12/2023,"7,264.89","7,121.03"
01/11/2023,"7,082.94","7,234.72"
01/10/2023,"7,224.77","7,068.99"
01/09/2023,"7,129.24","7,008.41"
01/05/2023,"6,907.77","6,792.68"
01/04/2023,"6,829.26","6,593.35"
01/03/2023,"6,587.74","6,277.19"
01/02/2023,"6,257.16","6,270.23"
12/30/2022,"6,251.97","6,253.72"
12/29/2022,"6,297.36","6,187.07"
12/28/2022,"6,190.67","6,134.94"
12/27/2022,"6,141.77","6,246.28"
12/23/2022,"6,213.44","6,274.65"
12/22/2022,"6,274.96","6,272.79"
12/21/2022,"6,265.66","6,146.59"
12/20/2022,"6,128.80","5,988.21"
12/19/2022,"6,036.56","6,038.16"
12/16/2022,"6,026.01","6,014.00"
12/15/2022,"6,063.46","6,151.67"
12/14/2022,"6,187.26","6,164.34"
12/13/2022,"6,169.19","6,093.88"
12/12/2022,"6,074.01","5,968.13"
12/09/2022,"5,993.54","6,000.95"
12/08/2022,"5,960.53","6,041.49"
12/07/2022,"6,064.15","6,035.27"
12/06/2022,"6,073.51","6,164.29"
12/05/2022,"6,225.39","6,203.47"
12/02/2022,"6,179.82","6,239.35"
12/01/2022,"6,277.68","6,251.46"
11/30/2022,"6,135.09","6,135.96"
11/29/2022,"6,105.85","6,161.04"
11/28/2022,"6,142.28","6,151.18"
11/25/2022,"6,193.77","6,159.21"
11/24/2022,"6,181.94","6,104.52"
11/23/2022,"6,051.48","6,085.73"
11/22/2022,"6,055.56","5,987.83"
11/21/2022,"6,014.31","6,067.14"
11/18/2022,"6,077.70","6,049.96"
11/17/2022,"6,057.36","6,214.95"
11/16/2022,"6,203.67","6,217.66"
11/15/2022,"6,353.25","6,301.83"
11/14/2022,"6,240.70","6,071.06"
11/10/2022,"6,020.07","5,854.15"
11/09/2022,"5,905.36","5,826.28"
11/08/2022,"5,823.60","5,775.53"
11/07/2022,"5,784.46","5,609.26"
11/04/2022,"5,591.76","5,572.56"
11/03/2022,"5,551.67","5,544.04"
11/02/2022,"5,671.54","5,683.69"
10/31/2022,"5,643.97","5,531.98"
10/28/2022,"5,508.79","5,417.46"
10/27/2022,"5,449.88","5,337.71"
10/26/2022,"5,354.76","5,231.06"
10/25/2022,"5,236.36","5,232.57"
10/24/2022,"5,212.57","5,234.79"
10/21/2022,"5,138.01","5,106.86"
10/20/2022,"5,134.03","4,941.51"
10/19/2022,"4,951.08","5,019.86"
10/18/2022,"5,043.09","4,925.63"
10/17/2022,"4,848.34","4,749.22"
10/14/2022,"4,761.04","4,757.37"
10/13/2022,"4,612.70","4,622.65"
10/12/2022,"4,637.02","4,616.12"
10/11/2022,"4,598.16","4,529.43"
10/10/2022,"4,536.97","4,578.24"
10/07/2022,"4,631.55","4,616.16"
10/06/2022,"4,632.89","4,655.47"
10/05/2022,"4,610.59","4,783.84"
10/04/2022,"4,793.19","4,641.12"
10/03/2022,"4,549.57","4,531.45"
09/30/2022,"4,570.65","4,571.48"
09/29/2022,"4,557.76","4,766.87"
09/28/2022,"4,727.39","4,690.46"
09/27/2022,"4,790.17","4,837.73"
09/26/2022,"4,752.77","4,759.54"
09/23/2022,"4,826.88","4,965.63"
09/22/2022,"4,982.13","4,854.29"
09/21/2022,"4,938.18","4,945.90"
09/20/2022,"5,026.40","5,205.49"
09/19/2022,"5,150.66","5,020.82"
09/16/2022,"5,025.52","5,205.35"
09/15/2022,"5,239.23","5,227.12"
09/14/2022,"5,196.20","5,134.01"
09/13/2022,"5,195.45","5,361.55"
09/12/2022,"5,327.58","5,189.89"
09/09/2022,"5,134.61","4,996.46"
09/08/2022,"4,906.20","4,849.09"
09/07/2022,"4,774.15","4,730.78"
09/06/2022,"4,775.75","4,800.45"
09/05/2022,"4,799.33","4,744.98"
09/02/2022,"4,853.39","4,724.31"
09/01/2022,"4,664.49","4,827.25"
08/31/2022,"4,881.75","4,841.35"
08/30/2022,"4,804.46","4,914.33"
08/29/2022,"4,885.76","4,912.26"
08/26/2022,"4,997.06","5,149.44"
08/25/2022,"5,152.15","5,073.28"
08/24/2022,"5,006.62","5,095.23"
08/23/2022,"5,123.55","5,157.85"
08/22/2022,"5,200.55","5,248.99"
08/19/2022,"5,293.52","5,308.90"
08/18/2022,"5,366.08","5,263.23"
08/17/2022,"5,245.33","5,471.63"
08/16/2022,"5,473.86","5,480.89"
08/12/2022,"5,447.25","5,399.40"
08/11/2022,"5,416.62","5,401.86"
08/10/2022,"5,358.33","5,318.65"
08/09/2022,"5,336.25","5,330.01"
08/08/2022,"5,333.55","5,155.49"
08/05/2022,"5,101.69","5,157.88"
08/04/2022,"5,148.61","5,266.13"
08/03/2022,"5,273.57","5,269.29"
08/02/2022,"5,243.36","5,296.96"
08/01/2022,"5,322.09","5,264.28"
07/29/2022,"5,250.34","5,135.92"
07/28/2022,"5,081.71","5,088.36"
07/27/2022,"5,028.06","5,074.23"
07/26/2022,"5,050.78","5,203.94"
07/25/2022,"5,210.45","5,149.76"
07/22/2022,"5,158.29","5,189.53"
07/21/2022,"5,179.07","5,191.84"
07/20/2022,"5,183.55","5,217.66"
07/19/2022,"5,163.35","5,079.31"
07/18/2022,"5,107.80","5,065.28"
07/15/2022,"4,974.67","4,979.18"
07/14/2022,"4,950.80","5,149.04"
07/13/2022,"5,129.56","5,178.13"
07/12/2022,"5,139.63","5,294.28"
07/11/2022,"5,354.05","5,349.91"
07/08/2022,"5,433.35","5,250.04"
07/07/2022,"5,275.46","5,203.35"
07/06/2022,"5,171.93","5,190.42"
07/05/2022,"5,145.28","5,392.47"
07/04/2022,"5,277.88","5,447.31"
07/01/2022,"5,426.50","5,468.38"
06/30/2022,"5,455.75","5,563.55"
06/29/2022,"5,631.38","5,632.27"
06/28/2022,"5,712.24","5,647.39"
06/27/2022,"5,610.33","5,681.96"
06/24/2022,"5,648.84","5,549.15"
06/23/2022,"5,505.18","5,591.19"
06/22/2022,"5,577.50","5,586.84"
06/21/2022,"5,654.78","5,648.03"
06/20/2022,"5,595.38","5,561.94"
06/17/2022,"5,502.86","5,485.96"
06/15/2022,"5,619.35","5,562.36"
06/14/2022,"5,519.09","5,444.38"
06/13/2022,"5,385.43","5,496.38"
06/10/2022,"5,636.96","5,771.24"
06/09/2022,"5,839.62","5,936.13"
06/08/2022,"5,983.41","6,155.96"
06/07/2022,"6,137.89","6,204.22"
06/06/2022,"6,272.16","6,121.36"
06/03/2022,"6,095.70","6,263.22"
06/02/2022,"6,211.20","6,207.81"
06/01/2022,"6,180.51","6,225.71"
05/31/2022,"6,227.81","6,282.73"
05/30/2022,"6,313.10","6,181.29"
05/27/2022,"6,100.47","6,227.15"
05/26/2022,"6,222.53","6,163.14"
05/25/2022,"6,143.99","6,264.85"
05/24/2022,"6,208.21","6,176.46"
05/23/2022,"6,250.91","6,098.01"
05/20/2022,"5,987.93","6,092.27"
05/19/2022,"6,004.60","5,993.94"
05/18/2022,"6,167.40","6,154.27"
05/17/2022,"6,119.87","6,028.77"
05/16/2022,"5,960.31","5,954.09"
05/13/2022,"5,957.74","5,770.04"
05/12/2022,"5,668.52","5,541.62"
05/11/2022,"5,732.02","5,853.70"
05/10/2022,"5,834.31","5,934.75"
05/09/2022,"5,858.69","5,965.95"
05/06/2022,"6,026.82","6,042.18"
05/05/2022,"6,088.56","6,365.96"
05/04/2022,"6,222.15","6,419.08"
05/02/2022,"6,384.41","6,453.45"
04/29/2022,"6,466.84","6,571.43"
04/28/2022,"6,490.20","6,682.91"
04/27/2022,"6,523.19","6,742.60"
04/26/2022,"6,783.26","6,917.89"
04/25/2022,"6,824.40","7,127.14"
04/22/2022,"7,242.04","7,265.32"
04/21/2022,"7,446.81","7,332.80"
04/20/2022,"7,260.45","7,289.54"
04/19/2022,"7,235.73","7,339.60"
04/14/2022,"7,316.32","7,499.42"
04/13/2022,"7,435.08","7,481.54"
04/12/2022,"7,422.31","7,602.04"
04/11/2022,"7,662.37","7,532.16"
04/08/2022,"7,560.48","7,740.41"
04/07/2022,"7,693.57","7,702.63"
04/06/2022,"7,678.96","7,768.30"
04/05/2022,"7,725.47","7,911.44"
04/04/2022,"7,925.96","7,962.50"
04/01/2022,"7,888.39","7,704.51"
03/31/2022,"7,643.54","7,781.10"
03/30/2022,"7,770.96","7,810.18"
03/29/2022,"7,844.57","7,376.13"
03/28/2022,"7,312.46","7,392.75"
03/25/2022,"7,356.48","7,422.90"
03/24/2022,"7,396.13","7,448.84"
03/23/2022,"7,438.81","7,552.83"
03/22/2022,"7,488.57","7,401.93"
03/21/2022,"7,377.89","7,623.28"
03/18/2022,"7,564.76","7,702.42"
03/17/2022,"7,723.75","7,707.83"
03/16/2022,"7,598.34","7,409.73"
03/15/2022,"7,246.81","7,122.96"
03/14/2022,"7,112.90","7,231.37"
03/11/2022,"7,163.19","7,102.78"
03/10/2022,"6,999.69","7,264.18"
03/09/2022,"7,177.48","6,768.83"
03/08/2022,"6,601.26","6,494.61"
03/07/2022,"6,581.43","6,279.42"
03/04/2022,"6,668.13","7,082.69"
03/03/2022,"7,219.91","7,430.64"
03/02/2022,"7,426.42","7,293.87"
03/01/2022,"7,358.36","7,848.16"
02/28/2022,"7,854.84","7,597.34"
02/25/2022,"7,944.91","7,284.34"
02/24/2022,"7,019.41","7,669.91"
02/23/2022,"8,281.21","8,524.55"
02/22/2022,"8,474.95","8,158.65"
02/21/2022,"8,437.98","8,881.70"
02/18/2022,"8,829.73","8,945.44"
02/17/2022,"8,957.01","9,177.75"
02/16/2022,"9,171.16","9,230.87"
02/15/2022,"9,129.22","8,998.64"
02/14/2022,"8,931.08","8,880.78"
02/11/2022,"9,163.48","9,205.70"
02/10/2022,"9,293.86","9,407.25"
02/09/2022,"9,412.26","9,428.87"
02/08/2022,"9,409.01","9,194.15"
02/07/2022,"9,186.55","9,333.36"
02/04/2022,"9,244.19","9,439.10"
02/03/2022,"9,406.07","9,364.71"
02/02/2022,"9,383.02","9,297.87"
02/01/2022,"9,225.83","9,214.31"
01/31/2022,"9,102.28","9,168.56"
01/28/2022,"9,031.25","9,167.60"
01/27/2022,"9,198.77","9,011.35"
01/26/2022,"9,105.12","8,896.57"
01/25/2022,"8,837.81","8,779.47"
01/24/2022,"8,695.00","9,020.76"
01/21/2022,"9,067.86","9,105.17"
01/20/2022,"9,173.48","9,210.43"
01/19/2022,"9,183.15","9,124.94"
01/18/2022,"9,195.21","9,335.23"
01/17/2022,"9,368.68","9,376.43"
01/14/2022,"9,380.68","9,521.69"
01/13/2022,"9,536.94","9,510.09"
01/12/2022,"9,529.45","9,388.54"
01/11/2022,"9,317.27","9,077.10"
01/10/2022,"9,051.43","8,962.98"
01/07/2022,"8,973.43","8,837.60"
01/05/2022,"8,845.17","8,862.70"
01/04/2022,"8,910.95","8,876.47"
01/03/2022,"8,812.66","8,691.15"
12/30/2021,"8,640.27","8,556.84"
12/29/2021,"8,575.50","8,581.32"
12/28/2021,"8,616.05","8,435.24"
12/27/2021,"8,461.03","8,415.37"
12/23/2021,"8,398.10","8,208.23"
12/22/2021,"8,212.13","8,185.09"
12/21/2021,"8,166.74","8,184.84"
12/20/2021,"8,149.95","7,890.48"
12/17/2021,"8,080.87","8,214.16"
12/16/2021,"8,278.99","8,137.03"
12/15/2021,"8,037.71","8,203.92"
12/14/2021,"8,238.79","8,336.51"
12/13/2021,"8,308.87","8,414.43"
12/10/2021,"8,390.47","8,386.98"
12/09/2021,"8,446.70","8,569.37"
12/08/2021,"8,599.48","8,734.42"
12/07/2021,"8,699.17","8,728.48"
12/06/2021,"8,664.15","8,638.58"
12/03/2021,"8,547.46","8,670.21"
12/02/2021,"8,600.85","8,505.82"
12/01/2021,"8,560.37","8,729.56"
11/30/2021,"8,569.30","8,203.03"
11/29/2021,"8,304.25","8,274.84"
11/26/2021,"8,217.98","8,390.67"
11/25/2021,"8,704.44","8,690.69"
11/24/2021,"8,692.30","8,670.85"
11/23/2021,"8,651.09","8,583.29"
11/22/2021,"8,610.07","8,586.08"
11/19/2021,"8,555.26","8,763.61"
11/18/2021,"8,730.19","8,971.72"
11/17/2021,"9,008.51","9,112.78"
11/16/2021,"9,066.75","9,143.02"
11/15/2021,"9,081.54","9,125.48"
11/12/2021,"9,102.97","9,283.43"
11/10/2021,"9,165.56","9,273.59"
11/09/2021,"9,259.37","9,401.85"
11/08/2021,"9,445.22","9,547.31"
11/05/2021,"9,524.06","9,526.37"
11/04/2021,"9,520.39","9,342.57"
11/03/2021,"9,186.47","9,534.84"
11/02/2021,"9,516.54","9,453.80"
10/29/2021,"9,401.15","9,083.63"
10/28/2021,"9,118.42","9,035.49"
10/27/2021,"9,064.05","9,027.06"
10/26/2021,"9,056.62","8,908.79"
10/25/2021,"8,925.77","8,891.99"
10/22/2021,"8,883.28","8,889.57"
10/21/2021,"8,893.89","8,795.88"
10/20/2021,"8,831.95","8,799.21"
10/19/2021,"8,795.32","8,899.65"
10/18/2021,"8,882.44","8,809.10"
10/15/2021,"8,794.80","8,774.50"
10/14/2021,"8,831.86","8,796.06"
10/13/2021,"8,739.98","8,897.22"
10/12/2021,"8,929.60","8,710.66"
10/11/2021,"8,810.17","8,668.20"
10/08/2021,"8,677.74","8,550.09"
10/07/2021,"8,556.21","8,583.34"
10/06/2021,"8,513.57","8,203.85"
10/05/2021,"8,216.90","8,104.23"
10/04/2021,"8,097.02","7,920.61"
10/01/2021,"7,958.10","7,597.56"
09/30/2021,"7,657.84","7,740.64"
09/29/2021,"7,708.40","7,612.94"
09/28/2021,"7,619.94","7,730.81"
09/27/2021,"7,748.27","7,711.61"
09/24/2021,"7,670.31","7,690.28"
09/23/2021,"7,666.22","7,741.20"
09/22/2021,"7,693.42","7,516.13"
09/21/2021,"7,445.22","7,385.36"
09/20/2021,"7,399.26","7,550.88"
09/17/2021,"7,643.05","7,706.70"
09/16/2021,"7,760.47","7,685.06"
09/15/2021,"7,702.31","7,748.55"
09/14/2021,"7,831.46","7,772.82"
09/13/2021,"7,812.71","7,708.18"
09/10/2021,"7,694.62","7,732.91"
09/09/2021,"7,709.39","7,698.51"
09/08/2021,"7,742.62","7,794.21"
09/07/2021,"7,817.61","7,805.43"
09/06/2021,"7,830.22","7,688.56"
09/03/2021,"7,688.19","7,683.51"
09/02/2021,"7,690.69","7,637.22"
09/01/2021,"7,655.33","7,608.25"
08/31/2021,"7,585.83","7,401.90"
08/30/2021,"7,415.48","7,346.33"
08/27/2021,"7,326.48","7,237.40"
08/26/2021,"7,244.55","7,244.49"
08/25/2021,"7,284.96","7,134.84"
08/24/2021,"7,151.45","7,132.31"
08/23/2021,"7,129.37","7,029.77"
08/20/2021,"6,988.05","7,003.33"
08/19/2021,"7,002.58","7,087.99"
08/18/2021,"7,149.96","7,156.35"
08/17/2021,"7,173.72","7,133.10"
08/16/2021,"7,152.95","7,087.33"
08/13/2021,"7,155.81","7,086.91"
08/12/2021,"7,110.51","7,145.90"
08/11/2021,"7,171.20","7,059.25"
08/10/2021,"7,051.87","7,046.01"
08/09/2021,"7,052.60","6,891.37"
08/06/2021,"6,897.66","6,782.72"
08/05/2021,"6,777.23","6,716.23"
08/04/2021,"6,749.85","6,680.85"
08/03/2021,"6,628.92","6,686.91"
08/02/2021,"6,682.13","6,669.41"
07/30/2021,"6,630.84","6,591.58"
07/29/2021,"6,625.59","6,604.03"
07/28/2021,"6,590.74","6,448.19"
07/27/2021,"6,410.67","6,465.90"
07/26/2021,"6,468.79","6,427.14"
07/23/2021,"6,439.56","6,475.26"
07/22/2021,"6,443.64","6,559.05"
07/21/2021,"6,544.00","6,326.17"
07/20/2021,"6,306.89","6,273.12"
07/19/2021,"6,273.38","6,397.04"
07/16/2021,"6,424.37","6,429.09"
07/15/2021,"6,412.34","6,436.96"
07/14/2021,"6,428.37","6,388.53"
07/13/2021,"6,372.92","6,357.65"
07/12/2021,"6,337.87","6,489.30"
07/09/2021,"6,499.39","6,424.16"
07/08/2021,"6,400.41","6,533.92"
07/07/2021,"6,578.85","6,516.83"
07/06/2021,"6,475.13","6,635.31"
07/05/2021,"6,631.87","6,611.70"
07/02/2021,"6,607.77","6,665.62"
07/01/2021,"6,642.16","6,566.93"
06/30/2021,"6,547.82","6,900.07"
06/29/2021,"6,917.91","7,025.55"
06/28/2021,"7,080.41","7,056.91"
06/25/2021,"7,069.41","7,117.58"
06/24/2021,"7,111.21","6,951.54"
06/23/2021,"6,933.71","6,900.06"
06/22/2021,"6,890.11","6,869.32"
06/21/2021,"6,866.34","6,794.78"
06/18/2021,"6,844.62","6,843.70"
06/17/2021,"6,840.78","6,802.44"
06/16/2021,"6,846.92","6,805.97"
06/15/2021,"6,836.10","6,939.39"
06/14/2021,"6,909.81","6,822.68"
06/11/2021,"6,771.16","6,843.31"
06/10/2021,"6,845.76","6,735.18"
06/09/2021,"6,732.79","6,762.23"
06/08/2021,"6,774.83","6,813.62"
06/07/2021,"6,829.22","6,885.70"
06/04/2021,"6,895.40","6,875.63"
06/02/2021,"6,849.60","6,868.91"
06/01/2021,"6,856.44","6,867.61"
05/31/2021,"6,892.13","6,816.25"
05/28/2021,"6,814.21","6,696.88"
05/27/2021,"6,696.28","6,523.58"
05/26/2021,"6,528.57","6,514.73"
05/25/2021,"6,501.29","6,407.63"
05/24/2021,"6,402.77","6,435.89"
05/21/2021,"6,437.02","6,280.47"
05/20/2021,"6,261.51","6,165.93"
05/19/2021,"6,161.20","6,156.93"
05/18/2021,"6,183.61","6,150.64"
05/17/2021,"6,129.37","6,042.94"
05/14/2021,"5,987.08","5,962.13"
05/13/2021,"5,922.30","5,919.65"
05/12/2021,"5,939.48","5,997.78"
05/11/2021,"5,974.43","6,136.11"
05/10/2021,"6,202.07","6,044.53"
05/07/2021,"6,012.18","5,916.94"
05/06/2021,"5,874.70","5,886.19"
05/05/2021,"5,837.26","5,786.04"
05/04/2021,"5,750.16","5,890.38"
04/30/2021,"5,869.76","5,924.90"
04/29/2021,"5,917.06","5,717.79"
04/28/2021,"5,671.20","5,564.59"
04/27/2021,"5,535.67","5,544.16"
04/26/2021,"5,536.29","5,508.21"
04/23/2021,"5,506.22","5,517.60"
04/22/2021,"5,528.39","5,556.36"
04/21/2021,"5,544.46","5,539.72"
04/20/2021,"5,548.59","5,534.05"
04/19/2021,"5,541.61","5,560.92"
04/16/2021,"5,565.21","5,536.14"
04/15/2021,"5,548.63","5,522.00"
04/14/2021,"5,529.24","5,492.86"
04/13/2021,"5,466.11","5,498.58"
04/12/2021,"5,488.31","5,445.81"
04/09/2021,"5,447.93","5,467.69"
04/08/2021,"5,468.01","5,524.29"
04/07/2021,"5,508.12","5,524.25"
04/06/2021,"5,547.03","5,407.86"
04/01/2021,"5,423.64","5,455.09"
03/31/2021,"5,432.19","5,459.77"
03/30/2021,"5,446.27","5,476.10"
03/29/2021,"5,458.93","5,415.67"
03/26/2021,"5,414.02","5,407.50"
03/25/2021,"5,345.85","5,382.13"
03/24/2021,"5,372.61","5,380.55"
03/23/2021,"5,466.67","5,359.92"
03/22/2021,"5,314.20","5,273.26"
03/19/2021,"5,283.27","5,380.63"
03/18/2021,"5,400.73","5,320.09"
03/17/2021,"5,295.36","5,403.21"
03/16/2021,"5,422.55","5,540.23"
03/15/2021,"5,526.44","5,525.17"
03/12/2021,"5,517.99","5,450.02"
03/11/2021,"5,459.15","5,589.16"
03/10/2021,"5,591.21","5,544.06"
03/09/2021,"5,551.48","5,477.31"
03/08/2021,"5,493.00","5,410.28"
03/05/2021,"5,394.36","5,403.61"
03/04/2021,"5,420.28","5,392.97"
03/03/2021,"5,426.88","5,403.37"
03/02/2021,"5,407.46","5,428.02"
03/01/2021,"5,440.33","5,273.71"
02/26/2021,"5,225.83","5,233.42"
02/25/2021,"5,287.28","5,212.86"
02/24/2021,"5,156.06","5,097.51"
02/23/2021,"5,085.42","5,198.58"
02/22/2021,"5,206.58","5,232.24"
02/19/2021,"5,281.64","5,281.41"
02/18/2021,"5,299.37","5,321.23"
02/17/2021,"5,328.15","5,331.76"
02/16/2021,"5,365.22","5,047.95"
02/15/2021,"5,038.82","4,885.19"
02/12/2021,"4,848.86","4,876.69"
02/11/2021,"4,888.87","4,802.24"
02/10/2021,"4,788.55","4,871.11"
02/09/2021,"4,855.14","4,872.08"
02/08/2021,"4,867.44","4,928.92"
02/05/2021,"4,915.51","4,840.43"
02/04/2021,"4,817.22","4,887.14"
02/03/2021,"4,900.92","5,001.53"
02/02/2021,"4,965.85","4,936.23"
02/01/2021,"4,919.21","4,852.29"
01/29/2021,"4,860.87","4,824.03"
01/28/2021,"4,876.81","4,792.35"
01/27/2021,"4,821.85","4,941.25"
01/26/2021,"4,959.07","4,881.95"
01/25/2021,"4,925.59","5,041.58"
01/22/2021,"5,015.29","4,984.77"
01/21/2021,"5,015.28","5,147.67"
01/20/2021,"5,120.95","5,098.25"
01/19/2021,"5,107.68","5,226.42"
01/18/2021,"5,181.22","5,090.59"
01/15/2021,"5,097.45","5,202.22"
01/14/2021,"5,235.63","5,264.26"
01/13/2021,"5,257.02","5,305.04"
01/12/2021,"5,284.58","5,431.36"
01/11/2021,"5,408.93","5,363.26"
01/08/2021,"5,363.36","5,198.57"
01/07/2021,"5,175.60","4,951.85"
01/05/2021,"4,859.01","4,813.01"
01/04/2021,"4,823.62","4,748.76"
12/30/2020,"4,765.33","4,936.16"
12/29/2020,"4,916.77","4,906.81"
12/28/2020,"4,872.14","4,775.40"
12/23/2020,"4,721.85","4,677.25"
12/22/2020,"4,668.36","4,550.23"
12/21/2020,"4,542.01","4,600.25"
12/18/2020,"4,637.24","4,660.37"
12/17/2020,"4,683.20","4,826.21"
12/16/2020,"4,848.27","4,773.78"
12/15/2020,"4,734.15","4,705.54"
12/14/2020,"4,715.70","4,772.96"
12/11/2020,"4,737.41","4,783.66"
12/10/2020,"4,759.85","4,873.36"
12/09/2020,"4,866.12","4,694.43"
12/08/2020,"4,680.39","4,667.82"
12/07/2020,"4,668.46","4,656.08"
12/04/2020,"4,659.39","4,545.56"
12/03/2020,"4,538.16","4,527.20"
12/02/2020,"4,515.97","4,414.96"
12/01/2020,"4,428.48","4,422.30"
11/30/2020,"4,387.40","4,536.72"
11/27/2020,"4,599.87","4,593.68"
11/26/2020,"4,623.51","4,623.94"
11/25/2020,"4,617.11","4,641.07"
11/24/2020,"4,616.25","4,587.89"
11/23/2020,"4,565.39","4,455.75"
11/20/2020,"4,428.41","4,329.87"
11/19/2020,"4,390.40","4,441.86"
11/18/2020,"4,487.21","4,437.61"
11/17/2020,"4,476.68","4,449.03"
11/16/2020,"4,457.34","4,232.88"
11/13/2020,"4,211.55","4,190.31"
11/12/2020,"4,207.19","4,099.76"
11/10/2020,"4,115.23","3,876.28"
11/09/2020,"3,867.67","3,544.54"
11/06/2020,"3,524.97","3,501.30"
11/05/2020,"3,540.33","3,492.14"
11/04/2020,"3,436.12","3,440.06"
11/03/2020,"3,486.23","3,302.27"
11/02/2020,"3,261.94","3,181.87"
10/30/2020,"3,155.99","3,113.60"
10/29/2020,"3,164.05","3,234.34"
10/28/2020,"3,228.96","3,436.58"
10/27/2020,"3,458.91","3,571.59"
10/26/2020,"3,534.57","3,510.93"
10/23/2020,"3,543.17","3,497.26"
10/22/2020,"3,488.03","3,450.84"
10/21/2020,"3,467.58","3,539.04"
10/20/2020,"3,527.76","3,503.80"
10/19/2020,"3,519.47","3,596.19"
10/16/2020,"3,584.58","3,539.85"
10/15/2020,"3,546.36","3,669.69"
10/14/2020,"3,698.71","3,719.25"
10/13/2020,"3,707.81","3,808.91"
10/12/2020,"3,823.36","3,858.95"
10/09/2020,"3,851.60","3,894.89"
10/08/2020,"3,903.38","3,973.62"
10/07/2020,"3,961.18","3,958.31"
10/06/2020,"3,953.84","3,825.91"
10/05/2020,"3,806.31","3,735.73"
10/02/2020,"3,708.88","3,650.10"
10/01/2020,"3,691.66","3,734.79"
09/30/2020,"3,698.72","3,621.79"
09/29/2020,"3,653.47","3,685.13"
09/28/2020,"3,678.29","3,559.97"
09/25/2020,"3,530.59","3,580.50"
09/24/2020,"3,576.20","3,542.52"
09/23/2020,"3,558.38","3,659.39"
09/22/2020,"3,614.47","3,635.21"
09/21/2020,"3,617.22","3,752.45"
09/18/2020,"3,787.47","3,862.33"
09/17/2020,"3,864.62","3,798.39"
09/16/2020,"3,844.00","3,882.56"
09/15/2020,"3,884.48","3,917.69"
09/14/2020,"3,887.17","3,895.71"
09/11/2020,"3,863.30","3,822.16"
09/10/2020,"3,825.83","3,799.54"
09/09/2020,"3,795.98","3,701.56"
09/08/2020,"3,689.30","3,785.34"
09/07/2020,"3,769.99","3,802.48"
09/04/2020,"3,765.98","3,768.80"
09/03/2020,"3,795.50","3,811.18"
09/02/2020,"3,805.71","3,794.79"
09/01/2020,"3,772.84","3,890.48"
08/31/2020,"3,869.70","3,951.82"
08/28/2020,"3,936.33","3,940.15"
08/27/2020,"3,949.52","3,969.69"
08/26/2020,"3,974.98","3,952.00"
08/25/2020,"3,948.37","4,029.21"
08/24/2020,"3,991.04","3,969.95"
08/21/2020,"3,942.70","3,967.47"
08/20/2020,"3,931.56","3,987.02"
08/19/2020,"3,992.79","4,048.25"
08/18/2020,"4,051.73","4,065.33"
08/17/2020,"4,103.00","4,124.23"
08/14/2020,"4,131.33","4,115.76"
08/13/2020,"4,127.11","4,138.09"
08/12/2020,"4,131.05","4,132.46"
08/11/2020,"4,125.33","3,945.83"
08/10/2020,"3,941.05","3,896.55"
08/07/2020,"3,878.63","3,897.30"
08/06/2020,"3,887.06","3,965.62"
08/05/2020,"3,953.42","3,971.75"
08/04/2020,"3,923.89","3,892.20"
08/03/2020,"3,864.21","3,857.28"
07/31/2020,"3,843.88","3,895.83"
07/30/2020,"3,859.92","4,023.33"
07/29/2020,"4,026.76","4,067.52"
07/28/2020,"4,064.50","4,061.68"
07/27/2020,"4,059.06","4,132.87"
07/24/2020,"4,132.28","4,133.92"
07/23/2020,"4,158.20","4,234.67"
07/22/2020,"4,207.81","4,304.29"
07/21/2020,"4,311.07","4,239.33"
07/20/2020,"4,209.97","4,179.82"
07/17/2020,"4,194.61","4,257.90"
07/16/2020,"4,250.72","4,264.53"
07/15/2020,"4,273.43","4,229.22"
07/14/2020,"4,203.81","4,243.52"
07/13/2020,"4,273.60","4,277.64"
07/10/2020,"4,239.22","4,166.48"
07/09/2020,"4,202.06","4,216.78"
07/08/2020,"4,199.26","4,200.07"
07/07/2020,"4,227.83","4,292.59"
07/06/2020,"4,298.09","4,296.29"
07/03/2020,"4,242.31","4,276.45"
07/02/2020,"4,263.73","4,207.95"
07/01/2020,"4,187.76","4,162.32"
06/30/2020,"4,157.20","4,194.27"
06/29/2020,"4,181.47","4,120.69"
06/26/2020,"4,123.27","4,234.88"
06/25/2020,"4,217.32","4,203.23"
06/24/2020,"4,227.12","4,362.51"
06/23/2020,"4,358.81","4,255.19"
06/22/2020,"4,202.53","4,258.79"
06/19/2020,"4,270.87","4,291.05"
06/18/2020,"4,270.78","4,258.95"
06/17/2020,"4,264.99","4,345.03"
06/16/2020,"4,306.72","4,180.92"
06/15/2020,"4,091.56","4,165.23"
06/12/2020,"4,213.19","4,239.81"
06/10/2020,"4,376.15","4,481.19"
06/09/2020,"4,479.12","4,619.46"
06/08/2020,"4,560.55","4,396.50"
06/05/2020,"4,386.84","4,233.40"
06/04/2020,"4,199.17","4,122.55"
06/03/2020,"4,120.07","4,033.82"
06/02/2020,"3,997.48","4,050.00"
06/01/2020,"4,023.50","4,045.35"
05/29/2020,"3,974.09","3,995.25"
05/28/2020,"4,045.83","4,227.95"
05/27/2020,"4,149.78","4,028.16"
05/26/2020,"4,001.42","3,821.38"
05/25/2020,"3,785.34","3,791.60"
05/22/2020,"3,749.17","3,778.10"
05/21/2020,"3,796.37","3,811.81"
05/20/2020,"3,826.27","3,796.18"
05/19/2020,"3,816.36","3,880.20"
05/18/2020,"3,827.87","3,750.64"
05/15/2020,"3,694.80","3,742.79"
05/14/2020,"3,700.23","3,755.39"
05/13/2020,"3,796.04","3,749.70"
05/12/2020,"3,788.14","3,680.21"
05/11/2020,"3,655.59","3,769.19"
05/08/2020,"3,730.86","3,773.91"
05/07/2020,"3,720.44","3,725.95"
05/06/2020,"3,683.14","3,768.54"
05/05/2020,"3,745.37","3,862.68"
05/04/2020,"3,814.72","3,904.94"
04/30/2020,"3,951.94","3,991.25"
04/29/2020,"3,950.71","3,738.85"
04/28/2020,"3,700.05","3,619.02"
04/27/2020,"3,647.91","3,798.96"
04/24/2020,"3,747.53","3,795.62"
04/23/2020,"3,821.17","3,863.73"
04/22/2020,"3,836.23","3,864.53"
04/21/2020,"3,837.62","3,971.79"
04/20/2020,"4,002.22","4,039.60"
04/17/2020,"4,013.00","4,089.09"
04/16/2020,"4,028.18","4,116.59"
04/15/2020,"4,060.20","4,278.12"
04/14/2020,"4,243.11","4,195.95"
04/09/2020,"4,121.47","4,129.03"
04/08/2020,"4,042.66","4,364.08"
04/07/2020,"4,339.25","4,205.27"
04/06/2020,"4,156.48","4,009.49"
04/03/2020,"3,931.74","3,959.66"
04/02/2020,"3,983.99","4,064.35"
04/01/2020,"4,047.38","4,114.86"
03/31/2020,"4,154.68","4,181.85"
03/30/2020,"4,154.66","4,200.46"
03/27/2020,"4,179.67","4,283.63"
03/26/2020,"4,275.53","4,082.46"
03/25/2020,"4,121.06","4,282.71"
03/24/2020,"4,155.18","4,212.21"
03/23/2020,"4,069.29","4,255.97"
03/20/2020,"4,388.69","4,449.94"
03/19/2020,"4,314.63","4,117.63"
03/18/2020,"4,109.97","4,188.10"
03/17/2020,"4,239.15","4,093.28"
03/16/2020,"4,005.48","4,306.96"
03/13/2020,"4,406.52","4,330.34"
03/12/2020,"4,228.92","4,793.62"
03/11/2020,"4,984.02","5,309.81"
03/10/2020,"5,278.29","5,382.34"
03/09/2020,"5,345.25","5,670.54"
03/06/2020,"5,875.61","6,026.54"
03/05/2020,"6,079.40","6,225.80"
03/04/2020,"6,206.06","6,244.78"
03/03/2020,"6,269.96","6,047.23"
03/02/2020,"6,011.90","6,020.49"
02/28/2020,"5,891.59","6,086.96"
02/27/2020,"6,168.04","6,246.91"
02/26/2020,"6,283.01","6,295.07"
02/25/2020,"6,277.04","6,504.29"
02/24/2020,"6,479.80","6,660.02"
02/21/2020,"6,732.88","6,780.59"
02/20/2020,"6,797.08","6,793.54"
02/19/2020,"6,799.75","6,815.86"
02/18/2020,"6,789.70","6,811.43"
02/17/2020,"6,852.02","6,880.11"
02/14/2020,"6,844.11","6,934.36"
02/13/2020,"6,889.72","6,954.32"
02/12/2020,"6,947.29","6,947.28"
02/11/2020,"6,886.52","6,880.64"
02/10/2020,"6,879.79","6,928.93"
02/07/2020,"6,944.92","6,835.98"
02/06/2020,"6,895.30","6,870.64"
02/05/2020,"6,837.35","6,793.97"
02/04/2020,"6,781.95","6,740.77"
02/03/2020,"6,704.03","6,612.81"
01/31/2020,"6,643.07","6,700.81"
01/30/2020,"6,664.05","6,667.59"
01/29/2020,"6,710.22","6,682.20"
01/28/2020,"6,651.34","6,629.49"
01/27/2020,"6,608.51","6,744.85"
01/24/2020,"6,821.38","6,786.47"
01/23/2020,"6,779.88","6,716.56"
01/22/2020,"6,711.57","6,817.51"
01/21/2020,"6,767.71","6,806.33"
01/20/2020,"6,808.92","6,871.44"
01/17/2020,"6,879.43","6,820.58"
01/16/2020,"6,846.00","6,818.94"
01/15/2020,"6,803.44","6,909.53"
01/14/2020,"6,908.90","6,937.48"
01/13/2020,"6,934.63","6,843.43"
01/10/2020,"6,853.76","6,844.51"
01/09/2020,"6,827.32","6,753.22"
01/08/2020,"6,703.81","6,785.23"
01/07/2020,"6,802.82","6,833.81"
01/03/2020,"6,846.29","6,884.31"
01/02/2020,"6,918.05","6,805.71"
12/30/2019,"6,768.39","6,772.29"
12/27/2019,"6,783.78","6,770.65"
12/23/2019,"6,770.49","6,714.29"
12/20/2019,"6,721.94","6,728.49"
12/19/2019,"6,755.34","6,768.75"
12/18/2019,"6,757.81","6,742.69"
12/17/2019,"6,737.02","6,671.59"
12/16/2019,"6,672.30","6,627.44"
12/13/2019,"6,644.96","6,686.69"
12/12/2019,"6,629.96","6,428.98"
12/11/2019,"6,417.28","6,436.12"
12/10/2019,"6,420.97","6,475.06"
12/09/2019,"6,452.62","6,488.14"
12/06/2019,"6,497.64","6,567.60"
12/05/2019,"6,563.31","6,587.98"
12/04/2019,"6,560.79","6,623.70"
12/03/2019,"6,620.15","6,684.12"
12/02/2019,"6,692.32","6,786.24"
11/29/2019,"6,769.46","6,812.03"
11/28/2019,"6,838.74","6,923.69"
11/27/2019,"6,941.00","6,987.85"
11/26/2019,"6,969.88","7,037.26"
11/25/2019,"7,048.83","7,030.65"
11/22/2019,"7,023.21","6,946.95"
11/21/2019,"6,963.60","6,947.93"
11/20/2019,"6,984.75","6,960.94"
11/19/2019,"6,988.60","7,027.95"
11/18/2019,"7,014.29","7,058.73"
11/15/2019,"7,021.27","7,041.64"
11/14/2019,"7,027.40","7,060.54"
11/13/2019,"7,061.27","7,123.51"
11/12/2019,"7,105.27","7,104.08"
11/08/2019,"7,090.29","7,153.07"
11/07/2019,"7,163.15","7,212.17"
11/06/2019,"7,199.51","7,287.07"
11/05/2019,"7,293.88","7,262.55"
11/04/2019,"7,267.16","7,131.60"
10/31/2019,"7,083.87","7,234.25"
10/30/2019,"7,196.10","7,243.78"
10/29/2019,"7,235.44","7,223.66"
10/28/2019,"7,212.20","7,088.36"
10/25/2019,"7,127.99","7,314.31"
10/24/2019,"7,327.60","7,291.22"
10/23/2019,"7,265.89","7,230.60"
10/22/2019,"7,263.82","7,156.13"
10/21/2019,"7,152.44","7,073.39"
10/18/2019,"7,080.71","7,111.94"
10/17/2019,"7,141.47","7,038.33"
10/16/2019,"7,039.39","6,965.86"
10/15/2019,"6,965.77","6,966.99"
10/14/2019,"6,932.05","7,022.84"
10/11/2019,"7,028.21","6,901.37"
10/10/2019,"6,878.64","6,900.63"
10/09/2019,"6,897.42","6,884.35"
10/08/2019,"6,869.40","6,862.91"
10/07/2019,"6,852.10","6,893.50"
10/04/2019,"6,876.57","6,815.72"
10/03/2019,"6,799.37","6,841.09"
10/02/2019,"6,877.15","7,049.73"
10/01/2019,"7,073.65","7,130.68"
09/30/2019,"7,142.19","7,244.18"
09/27/2019,"7,260.35","7,157.78"
09/26/2019,"7,163.64","7,140.49"
09/25/2019,"7,150.46","7,111.42"
09/24/2019,"7,175.99","7,074.59"
09/23/2019,"7,058.52","7,142.33"
09/20/2019,"7,157.97","7,305.76"
09/19/2019,"7,307.46","7,342.85"
09/18/2019,"7,371.42","7,353.90"
09/17/2019,"7,365.86","7,426.43"
09/16/2019,"7,447.06","7,346.70"
09/13/2019,"7,377.21","7,320.69"
09/12/2019,"7,338.55","7,309.24"
09/11/2019,"7,313.00","7,328.65"
09/10/2019,"7,311.86","7,287.03"
09/09/2019,"7,286.16","7,073.07"
09/06/2019,"7,068.79","7,017.40"
09/05/2019,"7,015.93","7,013.35"
09/04/2019,"6,968.01","7,038.30"
09/03/2019,"6,969.16","7,034.21"
09/02/2019,"7,063.54","7,044.93"
08/30/2019,"7,028.06","6,765.57"
08/29/2019,"6,781.44","6,751.12"
08/28/2019,"6,742.51","7,090.40"
08/27/2019,"7,060.41","7,092.03"
08/26/2019,"7,091.85","7,063.24"
08/23/2019,"7,108.21","7,189.80"
08/22/2019,"7,157.53","7,136.89"
08/21/2019,"7,122.78","7,096.42"
08/20/2019,"7,100.09","7,072.29"
08/19/2019,"7,062.77","7,037.49"
08/16/2019,"6,977.31","6,982.74"
08/14/2019,"6,959.33","7,135.01"
08/13/2019,"7,156.89","7,064.07"
08/12/2019,"7,053.05","7,117.17"
08/09/2019,"7,078.48","7,197.80"
08/08/2019,"7,185.88","7,177.90"
08/07/2019,"7,101.01","7,160.05"
08/06/2019,"7,122.51","7,100.01"
08/05/2019,"7,094.45","7,205.56"
08/02/2019,"7,230.76","7,242.84"
08/01/2019,"7,259.85","7,442.61"
07/31/2019,"7,458.56","7,436.26"
07/30/2019,"7,445.88","7,530.74"
07/29/2019,"7,523.80","7,589.49"
07/26/2019,"7,574.82","7,629.00"
07/25/2019,"7,617.36","7,716.47"
07/24/2019,"7,697.39","7,745.20"
07/23/2019,"7,737.72","7,744.23"
07/22/2019,"7,776.88","7,746.66"
07/19/2019,"7,766.67","7,733.21"
07/18/2019,"7,739.16","7,645.84"
07/17/2019,"7,687.57","7,697.54"
07/16/2019,"7,704.35","7,743.82"
07/15/2019,"7,730.73","7,716.98"
07/12/2019,"7,689.93","7,771.46"
07/11/2019,"7,757.24","7,783.57"
07/10/2019,"7,754.56","7,749.70"
07/09/2019,"7,770.58","7,792.17"
07/08/2019,"7,782.40","7,781.58"
07/05/2019,"7,783.23","7,872.80"
07/04/2019,"7,856.15","7,880.85"
07/03/2019,"7,857.25","7,924.74"
07/02/2019,"7,958.13","7,942.47"
07/01/2019,"7,924.51","7,994.92"
06/28/2019,"7,908.32","7,938.69"
06/27/2019,"7,960.94","7,924.43"
06/26/2019,"7,895.03","7,878.94"
06/25/2019,"7,855.70","7,943.88"
06/24/2019,"7,979.33","7,939.52"
06/21/2019,"7,917.36","7,982.91"
06/19/2019,"7,972.13","7,952.24"
06/18/2019,"7,952.40","7,811.37"
06/17/2019,"7,797.51","7,872.53"
06/14/2019,"7,864.64","7,934.40"
06/13/2019,"7,933.47","7,790.23"
06/12/2019,"7,809.92","7,832.47"
06/11/2019,"7,868.06","7,788.11"
06/10/2019,"7,801.43","7,833.54"
06/07/2019,"7,828.63","7,729.43"
06/06/2019,"7,735.14","7,519.00"
06/05/2019,"7,515.95","7,512.85"
06/04/2019,"7,518.29","7,505.65"
06/03/2019,"7,513.37","7,477.16"
05/31/2019,"7,500.44","7,391.51"
05/30/2019,"7,443.07","7,329.97"
05/29/2019,"7,327.11","7,243.46"
05/28/2019,"7,254.54","7,296.97"
05/27/2019,"7,285.02","7,293.88"
05/24/2019,"7,291.07","7,261.72"
05/23/2019,"7,270.96","7,321.09"
05/22/2019,"7,352.00","7,259.24"
05/21/2019,"7,276.07","7,240.95"
05/20/2019,"7,234.14","7,246.32"
05/17/2019,"7,236.08","7,255.07"
05/16/2019,"7,263.02","7,217.78"
05/15/2019,"7,187.50","7,300.65"
05/14/2019,"7,246.99","7,341.93"
05/13/2019,"7,311.90","7,353.87"
05/10/2019,"7,352.43","7,359.31"
05/09/2019,"7,298.16","7,381.64"
05/08/2019,"7,401.01","7,492.01"
05/07/2019,"7,471.67","7,673.40"
05/06/2019,"7,658.17","7,626.76"
05/02/2019,"7,763.08","7,767.57"
04/30/2019,"7,776.50","7,857.83"
04/29/2019,"7,927.72","7,914.63"
04/26/2019,"7,892.96","7,792.21"
04/25/2019,"7,803.09","7,869.11"
04/24/2019,"7,873.64","7,865.16"
04/23/2019,"7,880.90","7,838.09"
04/18/2019,"7,847.31","7,847.97"
04/17/2019,"7,859.60","7,829.03"
04/16/2019,"7,834.98","7,775.84"
04/15/2019,"7,756.01","7,752.38"
04/12/2019,"7,768.26","7,817.57"
04/11/2019,"7,793.80","7,834.35"
04/10/2019,"7,827.00","7,788.40"
04/09/2019,"7,786.70","7,775.93"
04/08/2019,"7,758.89","7,752.58"
04/05/2019,"7,757.35","7,911.72"
04/04/2019,"7,860.72","7,758.41"
04/03/2019,"7,795.79","7,732.01"
04/02/2019,"7,681.80","7,636.66"
04/01/2019,"7,621.43","7,631.85"
03/29/2019,"7,586.29","7,640.27"
03/28/2019,"7,600.57","7,633.09"
03/27/2019,"7,636.62","7,722.79"
03/26/2019,"7,710.28","7,662.72"
03/25/2019,"7,666.37","7,642.49"
03/22/2019,"7,670.09","7,814.85"
03/21/2019,"7,822.69","7,827.41"
03/20/2019,"7,834.90","7,729.29"
03/19/2019,"7,747.69","7,717.37"
03/18/2019,"7,705.72","7,732.88"
03/15/2019,"7,751.03","7,653.64"
03/14/2019,"7,654.82","7,612.37"
03/13/2019,"7,606.61","7,556.11"
03/12/2019,"7,572.03","7,580.05"
03/11/2019,"7,519.64","7,529.80"
03/08/2019,"7,520.61","7,526.93"
03/07/2019,"7,563.43","7,611.79"
03/06/2019,"7,608.30","7,625.58"
03/05/2019,"7,589.27","7,647.24"
03/04/2019,"7,646.14","7,677.77"
03/01/2019,"7,610.44","7,618.47"
02/28/2019,"7,558.37","7,610.98"
02/27/2019,"7,607.87","7,711.45"
02/26/2019,"7,689.60","7,724.65"
02/25/2019,"7,737.33","7,721.81"
02/22/2019,"7,689.54","7,678.56"
02/21/2019,"7,655.38","7,729.16"
02/20/2019,"7,739.03","7,677.95"
02/19/2019,"7,626.34","7,634.74"
02/18/2019,"7,638.01","7,671.25"
02/15/2019,"7,658.94","7,535.14"
02/14/2019,"7,554.17","7,694.14"
02/13/2019,"7,671.60","7,754.72"
02/12/2019,"7,737.17","7,682.89"
02/11/2019,"7,651.30","7,649.77"
02/08/2019,"7,649.42","7,660.40"
02/07/2019,"7,676.29","7,786.11"
02/06/2019,"7,813.45","7,751.71"
02/05/2019,"7,756.45","7,676.81"
02/04/2019,"7,656.29","7,680.83"
02/01/2019,"7,691.45","7,644.79"
01/31/2019,"7,622.93","7,601.15"
01/30/2019,"7,528.30","7,679.61"
01/29/2019,"7,683.73","7,688.97"
01/28/2019,"7,688.85","7,739.33"
01/25/2019,"7,735.78","7,898.93"
01/24/2019,"7,873.21","7,856.23"
01/23/2019,"7,819.91","7,696.23"
01/22/2019,"7,703.18","7,678.76"
01/21/2019,"7,762.90","7,783.19"
01/18/2019,"7,784.46","7,766.35"
01/17/2019,"7,719.15","7,722.81"
01/16/2019,"7,728.73","7,711.88"
01/15/2019,"7,695.69","7,678.19"
01/14/2019,"7,634.15","7,588.77"
01/11/2019,"7,631.68","7,656.23"
01/10/2019,"7,622.32","7,641.39"
01/09/2019,"7,690.79","7,696.59"
01/08/2019,"7,694.06","7,683.73"
01/07/2019,"7,694.87","7,632.83"
01/04/2019,"7,573.98","7,498.61"
01/03/2019,"7,452.59","7,563.35"
01/02/2019,"7,621.56","7,415.39"
12/28/2018,"7,453.65","7,464.05"
12/27/2018,"7,424.16","7,544.61"
12/21/2018,"7,480.56","7,623.30"
12/20/2018,"7,637.17","7,709.76"
12/19/2018,"7,776.13","7,757.76"
12/18/2018,"7,770.93","7,531.81"
12/17/2018,"7,598.18","7,559.90"
12/14/2018,"7,588.53","7,508.19"
12/13/2018,"7,583.37","7,515.87"
12/12/2018,"7,494.00","7,298.89"
12/11/2018,"7,244.17","7,443.07"
12/10/2018,"7,379.83","7,443.36"
12/07/2018,"7,475.45","7,612.81"
12/06/2018,"7,549.95","7,729.55"
12/05/2018,"7,801.93","7,674.55"
12/04/2018,"7,792.87","7,706.69"
12/03/2018,"7,728.23","7,680.82"
11/30/2018,"7,579.43","7,648.22"
11/29/2018,"7,679.93","7,577.23"
11/28/2018,"7,541.71","7,442.41"
11/27/2018,"7,419.83","7,375.78"
11/26/2018,"7,370.23","7,432.99"
11/23/2018,"7,397.30","7,355.39"
11/22/2018,"7,374.66","7,383.95"
11/21/2018,"7,362.25","7,287.38"
11/20/2018,"7,250.52","7,248.29"
11/19/2018,"7,303.76","7,188.52"
11/16/2018,"7,161.54","7,487.85"
11/15/2018,"7,455.84","7,627.06"
11/14/2018,"7,630.45","7,624.55"
11/13/2018,"7,640.56","7,664.37"
11/09/2018,"7,692.19","7,770.63"
11/08/2018,"7,825.65","7,784.23"
11/07/2018,"7,766.68","7,611.53"
11/06/2018,"7,592.57","7,582.19"
11/05/2018,"7,556.81","7,452.12"
11/02/2018,"7,440.51","7,407.63"
10/31/2018,"7,314.54","7,282.84"
10/30/2018,"7,236.84","7,222.96"
10/29/2018,"7,214.97","7,195.83"
10/26/2018,"7,165.40","7,326.34"
10/25/2018,"7,357.82","7,255.00"
10/24/2018,"7,293.43","7,299.92"
10/23/2018,"7,304.14","7,321.73"
10/22/2018,"7,384.28","7,503.45"
10/19/2018,"7,476.41","7,443.81"
10/18/2018,"7,437.17","7,427.61"
10/17/2018,"7,434.75","7,497.24"
10/16/2018,"7,455.13","7,332.64"
10/15/2018,"7,300.19","7,363.79"
10/12/2018,"7,371.95","7,418.01"
10/11/2018,"7,366.46","7,347.42"
10/10/2018,"7,477.23","7,672.88"
10/09/2018,"7,642.81","7,583.61"
10/08/2018,"7,579.75","7,649.18"
10/05/2018,"7,664.12","7,751.93"
10/04/2018,"7,764.48","7,771.10"
10/03/2018,"7,828.86","7,834.06"
10/02/2018,"7,796.58","7,765.67"
10/01/2018,"7,814.39","7,889.86"
09/28/2018,"7,876.32","7,877.11"
09/27/2018,"7,925.10","7,897.96"
09/26/2018,"7,929.79","7,860.28"
09/25/2018,"7,859.60","7,744.61"
09/24/2018,"7,728.49","7,724.87"
09/21/2018,"7,711.42","7,847.33"
09/20/2018,"7,793.28","7,703.79"
09/19/2018,"7,721.73","7,600.93"
09/18/2018,"7,541.00","7,488.73"
09/17/2018,"7,477.13","7,596.58"
09/14/2018,"7,618.66","7,581.95"
09/13/2018,"7,531.06","7,457.66"
09/12/2018,"7,400.05","7,647.68"
09/11/2018,"7,636.29","7,793.43"
09/10/2018,"7,767.47","7,632.08"
09/07/2018,"7,626.39","7,801.95"
09/06/2018,"7,796.51","7,777.45"
09/05/2018,"7,787.06","7,879.92"
09/04/2018,"7,889.02","8,016.22"
09/03/2018,"8,007.77","7,928.07"
08/31/2018,"7,934.25","7,990.17"
08/30/2018,"7,998.20","8,055.51"
08/29/2018,"8,051.05","8,120.94"
08/28/2018,"8,136.40","8,112.09"
08/27/2018,"8,118.29","7,964.72"
08/24/2018,"7,937.60","7,976.69"
08/23/2018,"8,001.62","7,814.54"
08/22/2018,"7,856.60","7,770.99"
08/21/2018,"7,792.58","7,608.93"
08/20/2018,"7,590.53","7,561.71"
08/17/2018,"7,526.33","7,659.01"
08/16/2018,"7,676.51","7,612.30"
08/14/2018,"7,644.66","7,728.61"
08/13/2018,"7,696.58","7,673.42"
08/10/2018,"7,694.96","7,859.33"
08/09/2018,"7,964.02","7,900.15"
08/08/2018,"7,912.32","8,035.93"
08/07/2018,"7,898.54","7,864.82"
08/06/2018,"7,889.54","7,855.56"
08/03/2018,"7,844.54","7,874.02"
08/02/2018,"7,866.75","7,924.03"
08/01/2018,"7,957.38","7,939.50"
07/31/2018,"7,921.94","7,796.97"
07/30/2018,"7,878.78","7,700.44"
07/27/2018,"7,730.00","7,819.21"
07/26/2018,"7,800.55","7,673.04"
07/25/2018,"7,674.96","7,664.60"
07/24/2018,"7,661.98","7,430.22"
07/23/2018,"7,420.05","7,341.47"
07/20/2018,"7,320.66","7,191.80"
07/19/2018,"7,207.44","7,118.02"
07/18/2018,"7,141.72","7,223.95"
07/17/2018,"7,191.58","7,251.85"
07/16/2018,"7,222.26","7,308.79"
07/13/2018,"7,324.61","7,447.89"
07/12/2018,"7,411.89","7,371.33"
07/11/2018,"7,349.79","7,347.05"
07/10/2018,"7,399.36","7,294.12"
07/09/2018,"7,288.01","7,391.22"
07/06/2018,"7,332.15","7,356.29"
07/05/2018,"7,359.28","7,374.41"
07/04/2018,"7,404.73","7,316.78"
07/03/2018,"7,316.23","7,193.14"
07/02/2018,"7,185.58","7,148.52"
06/29/2018,"7,219.40","7,151.19"
06/28/2018,"7,115.25","7,231.40"
06/27/2018,"7,283.10","7,292.56"
06/26/2018,"7,311.80","7,352.47"
06/25/2018,"7,328.44","7,299.00"
06/22/2018,"7,358.92","7,335.21"
06/21/2018,"7,306.18","7,402.57"
06/20/2018,"7,432.46","7,276.48"
06/19/2018,"7,241.86","7,188.75"
06/18/2018,"7,301.46","7,483.60"
06/15/2018,"7,490.95","7,690.20"
06/14/2018,"7,690.25","7,721.82"
06/13/2018,"7,740.77","7,745.95"
06/12/2018,"7,756.77","7,751.83"
06/11/2018,"7,734.96","7,689.24"
06/08/2018,"7,700.02","7,721.27"
06/07/2018,"7,776.74","7,686.39"
06/06/2018,"7,663.64","7,715.43"
06/05/2018,"7,714.96","7,547.22"
06/04/2018,"7,566.45","7,568.27"
06/01/2018,"7,534.92","7,389.17"
05/30/2018,"7,378.34","7,494.32"
05/29/2018,"7,554.73","7,562.87"
05/28/2018,"7,595.11","7,607.09"
05/25/2018,"7,618.49","7,589.01"
05/24/2018,"7,580.95","7,684.97"
05/23/2018,"7,664.41","7,751.58"
05/22/2018,"7,781.73","7,820.56"
05/21/2018,"7,806.15","7,738.95"
05/18/2018,"7,728.76","7,753.78"
05/17/2018,"7,769.06","7,869.61"
05/16/2018,"7,909.46","7,891.56"
05/15/2018,"7,928.50","8,041.95"
05/14/2018,"8,060.89","8,066.48"
05/11/2018,"8,067.23","7,931.85"
05/10/2018,"7,934.75","7,920.58"
05/09/2018,"7,870.86","7,753.58"
05/08/2018,"7,752.05","7,678.22"
05/07/2018,"7,657.19","7,755.27"
05/04/2018,"7,726.94","7,865.27"
05/02/2018,"7,912.43","7,900.28"
04/30/2018,"7,899.20","7,879.69"
04/27/2018,"7,882.13","7,913.62"
04/26/2018,"7,911.94","7,808.65"
04/25/2018,"7,817.59","7,853.63"
04/24/2018,"7,844.81","7,956.62"
04/23/2018,"7,903.13","7,882.61"
04/20/2018,"7,911.49","7,959.24"
04/19/2018,"7,980.05","7,971.49"
04/18/2018,"7,974.20","7,979.94"
04/17/2018,"7,983.28","7,951.71"
04/16/2018,"7,912.70","7,949.25"
04/13/2018,"7,961.94","8,018.10"
04/12/2018,"7,998.28","7,885.22"
04/11/2018,"7,901.40","7,857.77"
04/10/2018,"7,880.26","7,858.27"
04/09/2018,"7,815.27","7,759.48"
04/06/2018,"7,723.12","7,768.24"
04/05/2018,"7,783.78","7,800.25"
04/04/2018,"7,723.64","7,854.38"
04/03/2018,"7,873.99","7,830.65"
03/29/2018,"7,841.44","7,834.79"
03/28/2018,"7,768.81","7,847.55"
03/27/2018,"7,875.39","7,997.38"
03/26/2018,"7,876.87","7,957.85"
03/23/2018,"7,937.29","7,893.71"
03/22/2018,"7,985.99","8,113.85"
03/21/2018,"8,154.47","7,998.52"
03/20/2018,"7,991.60","7,841.32"
03/19/2018,"7,833.94","7,878.18"
03/16/2018,"7,904.72","7,983.70"
03/15/2018,"7,970.26","8,135.56"
03/14/2018,"8,128.16","8,104.79"
03/13/2018,"8,113.31","8,194.65"
03/12/2018,"8,198.59","8,147.64"
03/09/2018,"8,094.78","7,996.74"
03/08/2018,"8,003.08","8,320.03"
03/07/2018,"8,317.74","8,185.50"
03/06/2018,"8,265.70","8,350.66"
03/05/2018,"8,280.25","8,098.20"
03/02/2018,"8,135.83","8,138.61"
03/01/2018,"8,205.08","8,310.84"
02/28/2018,"8,341.56","8,438.84"
02/27/2018,"8,500.18","8,460.57"
02/26/2018,"8,421.94","8,527.71"
02/23/2018,"8,480.11","8,535.27"
02/22/2018,"8,523.15","8,344.96"
02/21/2018,"8,389.66","8,397.21"
02/20/2018,"8,407.74","8,378.88"
02/19/2018,"8,412.73","8,360.09"
02/16/2018,"8,329.73","8,504.29"
02/15/2018,"8,477.98","8,574.34"
02/14/2018,"8,521.29","8,531.50"
02/13/2018,"8,503.93","8,537.29"
02/12/2018,"8,493.89","8,457.57"
02/09/2018,"8,379.63","8,353.11"
02/08/2018,"8,434.18","8,584.04"
02/07/2018,"8,589.04","8,522.78"
02/06/2018,"8,482.47","8,533.90"
02/05/2018,"8,792.39","8,725.98"
02/02/2018,"8,824.13","8,866.24"
02/01/2018,"8,873.04","8,958.61"
01/31/2018,"8,920.77","8,917.59"
01/30/2018,"8,904.75","8,957.42"
01/29/2018,"8,987.07","9,065.08"
01/26/2018,"9,038.54","9,120.80"
01/25/2018,"9,086.08","9,189.38"
01/24/2018,"9,205.47","9,125.26"
01/23/2018,"9,123.18","9,060.26"
01/22/2018,"9,019.43","9,028.66"
01/19/2018,"8,996.57","8,999.55"
01/18/2018,"8,976.62","9,007.27"
01/17/2018,"8,973.82","8,890.14"
01/16/2018,"8,902.00","8,730.81"
01/15/2018,"8,724.31","8,700.11"
01/12/2018,"8,719.60","8,743.26"
01/11/2018,"8,719.84","8,605.18"
01/10/2018,"8,615.69","8,659.15"
01/09/2018,"8,664.98","8,755.29"
01/08/2018,"8,750.24","8,685.08"
01/05/2018,"8,665.08","8,683.19"
01/04/2018,"8,692.27","8,520.54"
01/03/2018,"8,477.53","8,478.58"
12/29/2017,"8,481.97","8,523.93"
12/28/2017,"8,542.20","8,487.70"
12/27/2017,"8,500.30","8,343.07"
12/22/2017,"8,355.31","8,422.47"
12/21/2017,"8,426.06","8,421.71"
12/20/2017,"8,448.06","8,381.98"
12/19/2017,"8,382.41","8,394.43"
12/18/2017,"8,386.31","8,303.18"
12/15/2017,"8,304.26","8,305.02"
12/14/2017,"8,345.99","8,205.67"
12/13/2017,"8,204.57","8,184.76"
12/12/2017,"8,196.53","8,096.66"
12/11/2017,"8,100.04","8,123.19"
12/08/2017,"8,117.45","8,041.45"
12/07/2017,"7,988.13","7,980.28"
12/06/2017,"7,971.67","8,040.22"
12/05/2017,"8,113.33","8,126.12"
12/04/2017,"8,126.94","8,108.43"
12/01/2017,"8,095.58","8,174.30"
11/30/2017,"8,142.06","8,152.87"
11/29/2017,"8,157.26","8,325.29"
11/28/2017,"8,287.39","8,250.03"
11/27/2017,"8,281.60","8,202.43"
11/24/2017,"8,206.55","8,261.72"
11/23/2017,"8,268.20","8,153.12"
11/22/2017,"8,202.14","8,149.27"
11/21/2017,"8,156.83","8,082.44"
11/20/2017,"8,088.41","7,986.29"
11/17/2017,"8,006.72","7,921.13"
11/16/2017,"7,914.93","7,860.96"
11/15/2017,"7,821.53","7,893.85"
11/14/2017,"7,916.39","7,941.34"
11/13/2017,"7,904.21","7,806.15"
11/10/2017,"7,778.04","7,831.84"
11/09/2017,"7,862.09","7,933.88"
11/08/2017,"7,939.84","8,029.09"
11/07/2017,"7,984.59","7,839.69"
11/06/2017,"7,796.03","7,661.20"
11/03/2017,"7,641.66","7,616.98"
11/02/2017,"7,612.95","7,747.62"
10/31/2017,"7,727.27","7,664.99"
10/30/2017,"7,672.35","7,498.01"
10/27/2017,"7,472.77","7,422.54"
10/26/2017,"7,409.02","7,408.15"
10/25/2017,"7,412.98","7,360.42"
10/24/2017,"7,369.83","7,528.52"
10/23/2017,"7,554.30","7,598.57"
10/20/2017,"7,597.28","7,639.22"
10/19/2017,"7,635.08","7,590.14"
10/18/2017,"7,560.62","7,610.01"
10/17/2017,"7,601.60","7,632.53"
10/16/2017,"7,639.39","7,689.14"
10/13/2017,"7,660.64","7,666.32"
10/12/2017,"7,682.45","7,653.77"
10/11/2017,"7,633.78","7,555.42"
10/10/2017,"7,560.83","7,500.79"
10/09/2017,"7,441.12","7,381.76"
10/06/2017,"7,373.23","7,402.33"
10/05/2017,"7,402.66","7,384.19"
10/04/2017,"7,383.79","7,421.75"
10/03/2017,"7,398.47","7,432.73"
10/02/2017,"7,425.48","7,486.48"
09/29/2017,"7,450.51","7,390.84"
09/28/2017,"7,376.98","7,373.20"
09/27/2017,"7,349.29","7,395.06"
09/26/2017,"7,381.26","7,442.42"
09/25/2017,"7,438.40","7,500.39"
09/22/2017,"7,508.57","7,473.57"
09/21/2017,"7,487.27","7,469.10"
09/20/2017,"7,460.08","7,532.85"
09/19/2017,"7,512.40","7,473.84"
09/18/2017,"7,455.60","7,467.44"
09/15/2017,"7,405.57","7,443.51"
09/14/2017,"7,434.63","7,415.83"
09/13/2017,"7,409.82","7,428.68"
09/12/2017,"7,417.90","7,488.06"
09/11/2017,"7,464.78","7,469.18"
09/08/2017,"7,459.72","7,449.77"
09/07/2017,"7,468.17","7,551.39"
09/06/2017,"7,545.54","7,559.41"
09/05/2017,"7,579.67","7,609.96"
09/04/2017,"7,585.80","7,537.65"
09/01/2017,"7,604.54","7,593.02"
08/31/2017,"7,609.01","7,644.46"
08/30/2017,"7,636.61","7,587.82"
08/29/2017,"7,517.31","7,605.70"
08/28/2017,"7,633.73","7,523.26"
08/25/2017,"7,490.77","7,514.31"
08/24/2017,"7,485.99","7,323.33"
08/23/2017,"7,322.33","7,345.26"
08/22/2017,"7,328.37","7,351.70"
08/21/2017,"7,332.05","7,268.15"
08/18/2017,"7,268.00","7,293.92"
08/17/2017,"7,307.91","7,388.45"
08/16/2017,"7,388.90","7,446.33"
08/14/2017,"7,446.82","7,480.58"
08/11/2017,"7,450.85","7,472.34"
08/10/2017,"7,491.19","7,546.92"
08/09/2017,"7,553.29","7,597.08"
08/08/2017,"7,621.94","7,523.81"
08/07/2017,"7,526.21","7,522.41"
08/04/2017,"7,504.19","7,427.27"
08/03/2017,"7,407.04","7,466.49"
08/02/2017,"7,502.85","7,668.82"
08/01/2017,"7,651.06","7,652.50"
07/31/2017,"7,645.88","7,552.37"
07/28/2017,"7,563.53","7,510.79"
07/27/2017,"7,526.84","7,518.34"
07/26/2017,"7,533.83","7,512.59"
07/25/2017,"7,496.23","7,481.18"
07/24/2017,"7,465.32","7,458.95"
07/21/2017,"7,463.85","7,490.25"
07/20/2017,"7,481.17","7,558.37"
07/19/2017,"7,520.83","7,517.45"
07/18/2017,"7,493.79","7,527.15"
07/17/2017,"7,534.98","7,473.69"
07/14/2017,"7,441.46","7,449.21"
07/13/2017,"7,455.39","7,430.92"
07/12/2017,"7,421.23","7,316.23"
07/11/2017,"7,310.33","7,327.18"
07/10/2017,"7,320.64","7,342.14"
07/07/2017,"7,311.35","7,310.01"
07/06/2017,"7,309.52","7,292.38"
07/05/2017,"7,293.90","7,285.53"
07/04/2017,"7,263.59","7,317.81"
07/03/2017,"7,400.93","7,260.40"
06/30/2017,"7,261.87","7,266.91"
06/29/2017,"7,289.91","7,349.60"
06/28/2017,"7,308.54","7,318.11"
06/27/2017,"7,366.24","7,319.17"
06/26/2017,"7,324.30","7,203.12"
06/23/2017,"7,139.87","7,165.98"
06/22/2017,"7,167.68","7,177.15"
06/21/2017,"7,173.38","7,162.59"
06/20/2017,"7,176.32","7,296.18"
06/19/2017,"7,278.02","7,261.93"
06/16/2017,"7,207.78","7,190.73"
06/14/2017,"7,201.42","7,251.56"
06/13/2017,"7,239.05","7,235.01"
06/12/2017,"7,201.70","7,319.63"
06/09/2017,"7,357.65","7,435.49"
06/08/2017,"7,434.86","7,366.88"
06/07/2017,"7,366.28","7,361.83"
06/06/2017,"7,338.97","7,239.41"
06/05/2017,"7,307.23","7,371.13"
06/02/2017,"7,357.17","7,349.08"
06/01/2017,"7,300.62","7,415.82"
05/31/2017,"7,421.43","7,377.90"
05/30/2017,"7,365.96","7,435.91"
05/29/2017,"7,463.14","7,483.84"
05/26/2017,"7,491.01","7,540.14"
05/25/2017,"7,528.58","7,530.99"
05/24/2017,"7,454.92","7,329.51"
05/23/2017,"7,347.48","7,424.85"
05/22/2017,"7,438.19","7,409.47"
05/19/2017,"7,374.53","7,345.66"
05/18/2017,"7,344.06","7,457.93"
05/17/2017,"7,448.12","7,469.99"
05/16/2017,"7,509.17","7,600.05"
05/15/2017,"7,614.91","7,645.64"
05/12/2017,"7,588.92","7,556.08"
05/11/2017,"7,552.01","7,640.96"
05/10/2017,"7,600.66","7,741.97"
05/09/2017,"7,743.32","7,544.61"
05/08/2017,"7,506.77","7,599.54"
05/05/2017,"7,561.72","7,525.30"
05/04/2017,"7,575.10","7,554.63"
05/02/2017,"7,566.27","7,540.02"
04/28/2017,"7,484.97","7,541.83"
04/27/2017,"7,568.09","7,455.43"
04/26/2017,"7,475.71","7,399.82"
04/25/2017,"7,420.84","7,211.74"
04/24/2017,"7,158.37","7,153.44"
04/21/2017,"7,048.42","7,174.48"
04/20/2017,"7,151.03","7,151.37"
04/19/2017,"7,141.35","7,047.64"
04/18/2017,"7,003.80","7,030.72"
04/13/2017,"6,976.76","6,971.72"
04/12/2017,"6,973.53","7,031.42"
04/11/2017,"7,016.73","7,127.09"
04/10/2017,"7,142.33","7,207.28"
04/07/2017,"7,195.40","7,210.40"
04/06/2017,"7,258.01","7,163.26"
04/05/2017,"7,223.49","7,207.54"
04/04/2017,"7,175.74","7,103.93"
04/03/2017,"7,095.33","7,029.45"
03/31/2017,"6,991.74","7,083.21"
03/30/2017,"7,084.51","7,169.25"
03/29/2017,"7,170.02","7,257.81"
03/28/2017,"7,203.34","7,161.30"
03/27/2017,"7,126.46","7,105.32"
03/24/2017,"7,198.78","7,166.29"
03/23/2017,"7,155.47","7,118.17"
03/22/2017,"7,114.16","7,196.74"
03/21/2017,"7,274.01","7,361.98"
03/20/2017,"7,319.29","7,343.98"
03/17/2017,"7,330.46","7,356.79"
03/16/2017,"7,338.58","7,236.75"
03/15/2017,"7,140.57","7,221.35"
03/14/2017,"7,219.70","7,283.26"
03/13/2017,"7,277.23","7,129.47"
03/10/2017,"7,106.10","7,134.44"
03/09/2017,"7,095.62","7,191.13"
03/08/2017,"7,175.88","7,182.34"
03/07/2017,"7,187.62","7,323.29"
03/06/2017,"7,328.80","7,384.03"
03/03/2017,"7,391.22","7,470.03"
03/02/2017,"7,535.91","7,548.84"
03/01/2017,"7,538.01","7,298.88"
02/28/2017,"7,241.32","7,336.47"
02/27/2017,"7,317.03","7,374.80"
02/24/2017,"7,359.09","7,525.68"
02/23/2017,"7,545.80","7,558.39"
02/22/2017,"7,562.77","7,543.19"
02/21/2017,"7,519.82","7,331.94"
02/20/2017,"7,321.76","7,364.34"
02/17/2017,"7,342.95","7,433.86"
02/16/2017,"7,438.50","7,385.10"
02/15/2017,"7,379.74","7,361.46"
02/14/2017,"7,318.96","7,329.05"
02/13/2017,"7,325.56","7,321.00"
02/10/2017,"7,305.42","7,189.78"
02/09/2017,"7,118.14","6,972.49"
02/08/2017,"6,902.64","6,896.47"
02/07/2017,"6,897.21","6,919.52"
02/06/2017,"6,922.13","6,896.76"
02/03/2017,"6,889.05","6,855.42"
02/02/2017,"6,840.19","6,924.08"
02/01/2017,"6,947.96","6,903.24"
01/31/2017,"6,839.04","6,801.03"
01/30/2017,"6,788.61","6,897.56"
01/27/2017,"6,902.52","6,959.48"
01/26/2017,"6,943.92","6,999.18"
01/25/2017,"6,953.41","6,631.15"
01/24/2017,"6,586.23","6,506.09"
01/23/2017,"6,493.15","6,539.03"
01/20/2017,"6,576.53","6,554.30"
01/19/2017,"6,570.92","6,514.42"
01/18/2017,"6,514.59","6,584.56"
01/17/2017,"6,553.62","6,596.13"
01/16/2017,"6,592.60","6,545.37"
01/13/2017,"6,584.87","6,637.46"
01/12/2017,"6,619.74","6,640.68"
01/11/2017,"6,663.72","6,618.12"
01/10/2017,"6,605.34","6,581.05"
01/09/2017,"6,579.44","6,575.95"
01/05/2017,"6,562.19","6,554.69"
01/04/2017,"6,573.98","6,530.86"
01/03/2017,"6,526.74","6,326.77"
01/02/2017,"6,310.28","6,253.74"
12/30/2016,"6,263.33","6,276.53"
12/29/2016,"6,269.37","6,200.05"
12/28/2016,"6,214.13","6,217.95"
12/27/2016,"6,213.14","6,208.97"
12/23/2016,"6,201.27","6,248.18"
12/22/2016,"6,232.73","6,198.68"
12/21/2016,"6,224.83","6,245.81"
12/20/2016,"6,241.52","6,232.97"
12/19/2016,"6,197.02","6,195.49"
12/16/2016,"6,224.79","6,224.54"
12/15/2016,"6,212.77","6,222.97"
12/14/2016,"6,232.40","6,227.41"
12/13/2016,"6,240.64","6,101.10"
12/12/2016,"6,095.49","6,128.18"
12/09/2016,"6,140.47","6,157.38"
12/08/2016,"6,198.36","6,214.08"
12/07/2016,"6,119.51","6,120.03"
12/06/2016,"6,101.05","5,953.34"
12/05/2016,"5,942.84","5,759.35"
12/02/2016,"5,726.65","5,704.16"
12/01/2016,"5,697.49","5,752.19"
11/30/2016,"5,762.25","5,728.79"
11/29/2016,"5,709.39","5,707.48"
11/28/2016,"5,693.60","5,740.03"
11/25/2016,"5,739.73","5,863.03"
11/24/2016,"5,847.03","5,800.24"
11/23/2016,"5,792.51","5,749.90"
11/22/2016,"5,750.03","5,755.43"
11/21/2016,"5,720.50","5,770.88"
11/18/2016,"5,735.54","5,771.83"
11/17/2016,"5,805.01","5,891.45"
11/16/2016,"5,890.75","5,922.68"
11/15/2016,"5,922.41","5,918.11"
11/14/2016,"5,895.95","6,051.94"
11/10/2016,"5,994.27","6,029.96"
11/09/2016,"5,996.78","5,865.24"
11/08/2016,"5,994.45","5,938.81"
11/07/2016,"5,902.25","5,975.90"
11/04/2016,"5,899.67","5,903.59"
11/03/2016,"5,921.22","5,917.60"
11/02/2016,"5,904.62","6,048.94"
10/31/2016,"6,100.45","6,132.79"
10/28/2016,"6,145.63","6,039.85"
10/27/2016,"6,046.26","6,000.67"
10/26/2016,"6,000.38","6,073.06"
10/25/2016,"6,085.89","6,030.23"
10/24/2016,"6,031.83","5,923.73"
10/21/2016,"5,914.75","5,898.07"
10/20/2016,"5,895.61","5,919.92"
10/19/2016,"5,904.18","5,920.58"
10/18/2016,"5,922.51","5,953.67"
10/17/2016,"5,919.79","5,920.14"
10/14/2016,"5,911.09","5,931.51"
10/13/2016,"5,910.52","6,054.75"
10/12/2016,"6,094.11","6,084.26"
10/11/2016,"6,092.01","6,107.37"
10/10/2016,"6,101.45","6,118.36"
10/07/2016,"6,099.20","6,146.77"
10/06/2016,"6,148.22","6,115.57"
10/05/2016,"6,134.43","6,101.53"
10/04/2016,"6,115.49","6,068.11"
10/03/2016,"6,053.03","6,014.32"
09/30/2016,"5,992.85","6,060.12"
09/29/2016,"6,097.27","6,085.94"
09/28/2016,"6,093.21","6,114.37"
09/27/2016,"6,108.70","6,084.07"
09/26/2016,"6,118.78","6,092.74"
09/23/2016,"6,185.09","6,171.60"
09/22/2016,"6,249.49","6,155.26"
09/21/2016,"6,134.60","6,111.50"
09/20/2016,"6,124.96","6,076.30"
09/19/2016,"6,100.64","6,099.39"
09/16/2016,"6,083.84","6,110.19"
09/15/2016,"6,078.24","6,053.06"
09/14/2016,"6,032.19","6,013.09"
09/13/2016,"5,993.05","5,997.33"
09/12/2016,"6,014.34","6,003.71"
09/09/2016,"6,075.21","6,175.09"
09/08/2016,"6,218.42","6,251.66"
09/07/2016,"6,270.74","6,212.10"
09/06/2016,"6,177.23","6,150.85"
09/05/2016,"6,177.67","6,174.47"
09/02/2016,"6,152.07","6,163.68"
09/01/2016,"6,159.75","6,230.85"
08/31/2016,"6,270.72","6,251.46"
08/30/2016,"6,268.08","6,185.32"
08/29/2016,"6,101.93","6,089.53"
08/26/2016,"6,074.35","6,081.95"
08/25/2016,"6,077.37","6,074.06"
08/24/2016,"6,065.93","6,089.61"
08/23/2016,"6,051.53","6,058.45"
08/22/2016,"6,089.35","6,092.74"
08/19/2016,"6,057.64","6,081.04"
08/18/2016,"6,157.57","6,166.29"
08/17/2016,"6,227.97","6,262.64"
08/16/2016,"6,293.93","6,284.98"
08/12/2016,"6,303.44","6,306.27"
08/11/2016,"6,302.62","6,249.65"
08/10/2016,"6,261.12","6,249.32"
08/09/2016,"6,274.23","6,176.02"
08/08/2016,"6,189.89","6,173.33"
08/05/2016,"6,155.15","6,108.85"
08/04/2016,"6,111.73","5,973.61"
08/03/2016,"5,984.25","5,968.98"
08/02/2016,"5,999.61","5,802.92"
08/01/2016,"5,641.38","5,646.02"
07/29/2016,"5,629.51","5,679.25"
07/28/2016,"5,730.18","5,703.74"
07/27/2016,"5,693.58","5,656.96"
07/26/2016,"5,737.81","5,722.72"
07/25/2016,"5,786.81","5,788.82"
07/22/2016,"5,723.67","5,729.72"
07/21/2016,"5,767.91","5,763.67"
07/20/2016,"5,760.48","5,732.99"
07/19/2016,"5,724.77","5,699.23"
07/18/2016,"5,712.09","5,721.78"
07/15/2016,"5,641.85","5,639.47"
07/14/2016,"5,608.23","5,562.46"
07/13/2016,"5,574.14","5,609.69"
07/12/2016,"5,689.09","5,670.57"
07/11/2016,"5,664.17","5,611.36"
07/08/2016,"5,518.95","5,506.61"
07/07/2016,"5,490.76","5,527.74"
07/06/2016,"5,400.83","5,443.06"
07/05/2016,"5,520.09","5,553.24"
07/04/2016,"5,544.09","5,578.25"
07/01/2016,"5,651.99","5,658.61"
06/30/2016,"5,687.18","5,685.62"
06/29/2016,"5,710.77","5,705.78"
06/28/2016,"5,746.88","5,676.12"
06/27/2016,"5,578.14","5,632.73"
06/24/2016,"5,794.40","5,624.15"
06/23/2016,"6,091.37","5,990.62"
06/22/2016,"5,987.94","5,941.40"
06/21/2016,"5,908.87","5,895.77"
06/20/2016,"5,833.65","5,790.76"
06/17/2016,"5,736.67","5,700.19"
06/16/2016,"5,656.79","5,681.88"
06/15/2016,"5,740.60","5,734.45"
06/14/2016,"5,708.54","5,668.63"
06/13/2016,"5,726.04","5,664.86"
06/10/2016,"5,711.29","5,783.89"
06/09/2016,"5,857.65","5,883.43"
06/08/2016,"5,937.72","5,881.94"
06/07/2016,"5,916.54","5,906.32"
06/06/2016,"5,783.58","5,800.77"
06/03/2016,"5,803.78","5,742.48"
06/02/2016,"5,695.39","5,671.18"
06/01/2016,"5,667.64","5,718.49"
05/31/2016,"5,840.81","5,980.81"
05/30/2016,"5,963.57","5,964.72"
05/27/2016,"5,966.37","5,983.07"
05/25/2016,"5,969.50","5,973.16"
05/24/2016,"5,912.27","5,917.24"
05/23/2016,"5,862.99","5,795.15"
05/20/2016,"5,746.25","5,733.08"
05/19/2016,"5,768.29","5,852.41"
05/18/2016,"5,915.23","5,898.99"
05/17/2016,"5,918.16","5,946.87"
05/16/2016,"5,950.04","5,938.11"
05/13/2016,"5,798.45","5,764.79"
05/12/2016,"5,730.03","5,823.44"
05/11/2016,"5,751.60","5,797.98"
05/10/2016,"5,819.04","5,881.48"
05/09/2016,"5,919.04","5,956.14"
05/06/2016,"5,953.68","5,919.13"
05/05/2016,"5,804.84","5,866.03"
05/04/2016,"5,913.50","5,943.60"
05/02/2016,"6,012.89","6,007.43"
04/29/2016,"5,984.19","5,947.36"
04/28/2016,"5,981.73","5,953.66"
04/27/2016,"5,967.72","6,050.63"
04/26/2016,"6,063.24","6,109.44"
04/25/2016,"6,116.80","6,111.28"
04/22/2016,"6,160.83","6,144.58"
04/21/2016,"6,167.53","6,204.22"
04/20/2016,"6,208.75","6,194.31"
04/19/2016,"6,270.12","6,237.15"
04/18/2016,"6,219.66","6,216.18"
04/15/2016,"6,206.56","6,255.24"
04/14/2016,"6,227.54","6,216.90"
04/13/2016,"6,217.31","6,217.93"
04/12/2016,"6,123.89","6,155.94"
04/11/2016,"6,172.78","6,232.06"
04/08/2016,"6,244.79","6,165.29"
04/07/2016,"6,163.64","6,232.13"
04/06/2016,"6,213.19","6,321.24"
04/05/2016,"6,306.23","6,393.15"
04/04/2016,"6,491.04","6,428.79"
04/01/2016,"6,426.33","6,441.90"
03/31/2016,"6,498.60","6,410.62"
03/30/2016,"6,501.43","6,407.77"
03/29/2016,"6,326.88","6,323.13"
03/24/2016,"6,274.97","6,190.67"
03/23/2016,"6,287.02","6,347.10"
03/22/2016,"6,341.94","6,294.39"
03/21/2016,"6,349.42","6,370.72"
03/18/2016,"6,415.55","6,371.94"
03/17/2016,"6,395.63","6,326.83"
03/16/2016,"6,328.49","6,364.57"
03/15/2016,"6,388.04","6,399.55"
03/14/2016,"6,428.01","6,367.51"
03/11/2016,"6,385.21","6,329.37"
03/10/2016,"6,258.31","6,222.34"
03/09/2016,"6,176.18","6,152.31"
03/08/2016,"6,198.25","6,237.75"
03/07/2016,"6,233.86","6,186.74"
03/04/2016,"6,174.13","6,145.40"
03/03/2016,"6,184.31","6,083.16"
03/02/2016,"6,060.96","5,974.10"
03/01/2016,"5,950.50","5,855.42"
02/29/2016,"5,899.75","5,961.13"
02/26/2016,"6,003.07","6,071.64"
02/25/2016,"6,007.03","6,017.21"
02/24/2016,"5,941.23","5,976.50"
02/23/2016,"6,037.47","6,071.10"
02/22/2016,"6,070.93","6,145.26"
02/19/2016,"6,022.80","6,049.87"
02/18/2016,"6,108.82","6,152.43"
02/17/2016,"6,107.44","6,026.03"
02/16/2016,"5,876.43","5,790.86"
02/15/2016,"5,853.74","5,822.77"
02/12/2016,"5,739.11","5,779.33"
02/11/2016,"5,659.63","5,602.86"
02/10/2016,"5,664.20","5,756.12"
02/09/2016,"5,694.23","5,647.35"
02/08/2016,"5,649.58","5,671.71"
02/05/2016,"5,747.30","5,742.01"
02/04/2016,"5,752.19","5,666.18"
02/03/2016,"5,564.16","5,509.45"
02/02/2016,"5,515.22","5,609.30"
02/01/2016,"5,702.97","5,637.35"
01/29/2016,"5,668.39","5,607.43"
01/28/2016,"5,596.92","5,581.68"
01/27/2016,"5,378.74","5,334.92"
01/26/2016,"5,293.81","5,309.64"
01/25/2016,"5,326.83","5,391.11"
01/22/2016,"5,389.37","5,331.52"
01/21/2016,"5,240.88","5,262.98"
01/20/2016,"5,234.13","5,174.17"
01/19/2016,"5,277.26","5,393.16"
01/18/2016,"5,283.16","5,424.65"
01/15/2016,"5,552.63","5,703.51"
01/14/2016,"5,791.23","5,652.36"
01/13/2016,"5,769.52","5,720.37"
01/12/2016,"5,686.05","5,666.17"
01/11/2016,"5,512.62","5,553.16"
01/08/2016,"5,638.67","5,679.15"
01/07/2016,"5,726.46","5,722.83"
01/05/2016,"5,847.82","5,875.48"
01/04/2016,"5,929.20","5,969.52"
12/30/2015,"6,086.60","6,178.30"
12/29/2015,"6,188.42","6,158.92"
12/28/2015,"6,141.56","6,116.45"
12/23/2015,"6,115.68","6,105.26"
12/22/2015,"6,111.61","6,093.09"
12/21/2015,"6,157.93","6,142.49"
12/18/2015,"6,139.22","6,083.83"
12/17/2015,"6,086.62","6,053.85"
12/16/2015,"5,965.95","5,864.65"
12/15/2015,"5,815.26","5,774.79"
12/14/2015,"5,724.83","5,743.09"
12/11/2015,"5,721.39","5,845.05"
12/10/2015,"5,834.40","5,809.40"
12/09/2015,"5,650.14","5,637.20"
12/08/2015,"5,776.06","5,842.01"
12/07/2015,"5,895.07","5,909.57"
12/04/2015,"5,835.19","5,685.78"
12/03/2015,"5,711.48","5,782.56"
12/02/2015,"5,780.76","5,866.12"
12/01/2015,"5,919.91","5,933.89"
11/30/2015,"5,927.75","5,899.30"
11/27/2015,"5,911.44","5,982.20"
11/26/2015,"6,000.40","5,947.77"
11/25/2015,"5,955.01","5,980.53"
11/24/2015,"5,900.57","5,960.04"
11/23/2015,"6,050.89","6,094.30"
11/20/2015,"6,206.61","6,201.77"
11/19/2015,"6,184.55","6,228.62"
11/18/2015,"6,220.37","6,171.79"
11/17/2015,"6,198.67","6,183.43"
11/16/2015,"6,097.06","6,096.25"
11/13/2015,"6,132.84","6,217.16"
11/12/2015,"6,227.62","6,214.46"
11/10/2015,"6,251.23","6,199.21"
11/09/2015,"6,246.62","6,311.92"
11/06/2015,"6,386.07","6,459.55"
11/05/2015,"6,478.95","6,516.84"
11/04/2015,"6,515.10","6,536.69"
11/03/2015,"6,541.15","6,590.08"
11/02/2015,"6,634.34","6,601.63"
10/30/2015,"6,562.21","6,569.00"
10/29/2015,"6,578.84","6,638.47"
10/28/2015,"6,735.56","6,726.84"
10/27/2015,"6,757.15","6,730.70"
10/26/2015,"6,748.92","6,788.86"
10/23/2015,"6,818.80","6,893.31"
10/22/2015,"6,854.86","6,896.19"
10/21/2015,"6,914.82","6,874.40"
10/20/2015,"6,881.82","6,840.86"
10/19/2015,"6,836.03","6,868.02"
10/16/2015,"6,844.56","6,882.76"
10/15/2015,"6,886.55","6,915.45"
10/14/2015,"6,876.40","6,871.47"
10/13/2015,"6,896.20","6,835.45"
10/12/2015,"6,925.04","6,897.04"
10/09/2015,"6,907.64","6,902.01"
10/08/2015,"6,862.48","6,813.28"
10/07/2015,"6,803.32","6,775.46"
10/06/2015,"6,743.84","6,726.68"
10/05/2015,"6,668.46","6,640.94"
10/02/2015,"6,494.70","6,543.44"
10/01/2015,"6,542.95","6,558.24"
09/30/2015,"6,581.02","6,552.44"
09/29/2015,"6,459.15","6,477.72"
09/28/2015,"6,492.72","6,561.32"
09/25/2015,"6,601.65","6,654.68"
09/24/2015,"6,547.77","6,677.31"
09/23/2015,"6,588.25","6,717.33"
09/22/2015,"6,672.55","6,731.09"
09/21/2015,"6,798.96","6,789.61"
09/18/2015,"6,770.98","6,857.01"
09/17/2015,"6,862.51","6,838.59"
09/16/2015,"6,832.51","6,824.04"
09/15/2015,"6,812.88","6,759.44"
09/14/2015,"6,786.88","6,721.37"
09/11/2015,"6,902.03","6,907.41"
09/10/2015,"6,808.90","6,669.84"
09/09/2015,"6,600.12","6,722.04"
09/08/2015,"6,670.63","6,709.24"
09/07/2015,"6,699.08","6,747.98"
09/04/2015,"6,773.95","6,801.14"
09/03/2015,"6,821.10","6,765.11"
09/02/2015,"6,665.19","6,662.50"
09/01/2015,"6,628.23","6,670.49"
08/31/2015,"6,815.71","6,761.76"
08/28/2015,"6,770.18","6,621.74"
08/27/2015,"6,625.97","6,596.71"
08/26/2015,"6,475.99","6,409.10"
08/25/2015,"6,408.11","6,410.96"
08/24/2015,"6,365.14","6,460.50"
08/21/2015,"6,631.17","6,650.47"
08/20/2015,"6,673.50","6,613.51"
08/19/2015,"6,707.67","6,615.52"
08/18/2015,"6,546.20","6,556.93"
08/17/2015,"6,568.45","6,633.34"
08/14/2015,"6,640.32","6,685.06"
08/13/2015,"6,764.83","6,644.70"
08/12/2015,"6,559.72","6,519.48"
08/11/2015,"6,594.25","6,645.07"
08/10/2015,"6,653.73","6,544.18"
08/07/2015,"6,509.45","6,523.78"
08/06/2015,"6,516.83","6,473.79"
08/05/2015,"6,927.22","6,890.69"
08/04/2015,"6,831.76","6,885.09"
08/03/2015,"6,867.72","6,815.04"
07/31/2015,"6,820.25","6,778.97"
07/30/2015,"6,742.66","6,757.09"
07/29/2015,"6,783.09","6,872.99"
07/28/2015,"6,628.00","6,542.25"
07/27/2015,"6,516.00","6,468.95"
07/24/2015,"6,577.55","6,677.31"
07/23/2015,"6,724.06","6,647.47"
07/22/2015,"6,629.59","6,687.79"
07/21/2015,"6,841.28","6,930.88"
07/20/2015,"6,897.70","7,056.88"
07/17/2015,"7,101.25","7,134.65"
07/16/2015,"7,138.65","7,106.85"
07/15/2015,"7,009.44","6,995.02"
07/14/2015,"6,992.49","6,967.81"
07/13/2015,"7,027.12","7,039.29"
07/10/2015,"7,020.09","6,957.89"
07/09/2015,"6,872.43","6,794.29"
07/08/2015,"6,833.44","6,834.46"
07/07/2015,"6,891.41","7,138.70"
07/06/2015,"7,124.49","7,076.52"
07/03/2015,"7,133.95","7,188.33"
07/02/2015,"7,212.31","7,238.91"
07/01/2015,"7,322.00","7,401.98"
06/30/2015,"7,397.98","7,319.67"
06/29/2015,"7,309.74","7,355.03"
06/26/2015,"7,423.91","7,443.39"
06/25/2015,"7,475.21","7,515.92"
06/24/2015,"7,444.77","7,430.49"
06/23/2015,"7,421.90","7,465.86"
06/22/2015,"7,462.36","7,404.46"
06/19/2015,"7,253.22","7,344.10"
06/18/2015,"7,315.92","7,252.02"
06/17/2015,"7,275.89","7,434.08"
06/16/2015,"7,423.27","7,440.15"
06/15/2015,"7,448.74","7,490.84"
06/12/2015,"7,487.98","7,538.35"
06/11/2015,"7,552.77","7,568.57"
06/10/2015,"7,562.59","7,522.62"
06/09/2015,"7,388.34","7,473.11"
06/08/2015,"7,434.74","7,477.63"
06/05/2015,"7,442.91","7,477.71"
06/03/2015,"7,534.20","7,603.69"
06/02/2015,"7,638.48","7,666.24"
06/01/2015,"7,734.53","7,718.98"
05/29/2015,"7,688.56","7,712.28"
05/28/2015,"7,663.08","7,725.83"
05/27/2015,"7,708.48","7,698.78"
05/26/2015,"7,667.57","7,720.15"
05/25/2015,"7,812.45","7,861.39"
05/22/2015,"8,050.95","8,093.43"
05/21/2015,"8,101.18","8,059.67"
05/20/2015,"8,074.83","8,043.63"
05/19/2015,"8,101.52","8,173.17"
05/18/2015,"8,179.24","8,160.86"
05/15/2015,"8,128.59","8,150.19"
05/14/2015,"8,158.47","8,163.71"
05/13/2015,"8,171.54","8,220.09"
05/12/2015,"8,283.97","8,191.74"
05/11/2015,"8,269.23","8,295.97"
05/08/2015,"8,349.90","8,304.08"
05/07/2015,"8,291.47","8,208.17"
05/06/2015,"8,272.90","8,118.06"
05/05/2015,"8,084.66","8,114.36"
05/04/2015,"8,086.68","8,052.53"
04/30/2015,"8,051.77","8,086.33"
04/29/2015,"8,104.66","8,118.06"
04/28/2015,"8,139.84","8,152.22"
04/27/2015,"8,164.29","8,169.11"
04/24/2015,"8,130.31","8,154.93"
04/23/2015,"8,167.02","8,123.66"
04/22/2015,"8,148.17","8,092.11"
04/21/2015,"8,135.05","8,193.74"
04/20/2015,"8,162.98","8,053.45"
04/17/2015,"8,023.53","8,170.47"
04/16/2015,"8,134.80","8,054.68"
04/15/2015,"7,984.61","7,872.33"
04/14/2015,"7,766.12","7,779.71"
04/13/2015,"7,796.20","7,774.51"
04/10/2015,"7,809.66","7,820.52"
04/09/2015,"7,827.29","7,730.74"
04/08/2015,"7,720.23","7,692.41"
04/07/2015,"7,673.05","7,700.87"
04/02/2015,"7,630.58","7,622.16"
04/01/2015,"7,639.41","7,660.93"
03/31/2015,"7,660.16","7,651.12"
03/30/2015,"7,622.71","7,648.37"
03/27/2015,"7,591.90","7,655.39"
03/26/2015,"7,621.07","7,664.04"
03/25/2015,"7,741.50","7,786.61"
03/24/2015,"7,831.93","7,891.35"
03/23/2015,"7,930.39","7,898.04"
03/20/2015,"7,931.83","7,898.67"
03/19/2015,"7,892.86","7,806.00"
03/18/2015,"7,716.76","7,770.74"
03/17/2015,"7,754.97","7,735.44"
03/16/2015,"7,715.40","7,697.09"
03/13/2015,"7,696.56","7,710.46"
03/12/2015,"7,731.07","7,677.74"
03/11/2015,"7,718.08","7,671.21"
03/10/2015,"7,628.77","7,613.80"
03/09/2015,"7,674.10","7,668.48"
03/06/2015,"7,675.14","7,734.73"
03/05/2015,"7,710.71","7,724.00"
03/04/2015,"7,659.58","7,501.29"
03/03/2015,"7,497.62","7,579.34"
03/02/2015,"7,583.57","7,581.92"
02/27/2015,"7,582.98","7,548.09"
02/26/2015,"7,569.00","7,545.91"
02/25/2015,"7,581.07","7,587.60"
02/24/2015,"7,618.39","7,570.22"
02/23/2015,"7,608.65","7,589.97"
02/20/2015,"7,564.10","7,556.77"
02/19/2015,"7,574.35","7,616.42"
02/18/2015,"7,589.36","7,652.40"
02/17/2015,"7,660.08","7,663.26"
02/16/2015,"7,680.96","7,653.34"
02/13/2015,"7,610.51","7,570.41"
02/12/2015,"7,569.88","7,631.26"
02/11/2015,"7,530.56","7,639.27"
02/10/2015,"7,639.10","7,647.73"
02/09/2015,"7,662.92","7,673.90"
02/06/2015,"7,707.80","7,711.35"
02/05/2015,"7,688.15","7,642.30"
02/04/2015,"7,659.05","7,595.99"
02/03/2015,"7,623.39","7,694.98"
02/02/2015,"7,745.29","7,748.82"
01/30/2015,"7,715.41","7,756.57"
01/29/2015,"7,744.90","7,749.41"
01/28/2015,"7,751.63","7,584.09"
01/27/2015,"7,592.68","7,650.97"
01/26/2015,"7,557.30","7,517.27"
01/23/2015,"7,600.58","7,636.14"
01/22/2015,"7,592.31","7,551.97"
01/21/2015,"7,522.39","7,423.01"
01/20/2015,"7,409.00","7,534.72"
01/19/2015,"7,504.85","7,499.17"
01/16/2015,"7,458.63","7,461.97"
01/15/2015,"7,582.69","7,699.70"
01/14/2015,"8,020.86","8,050.35"
01/13/2015,"8,084.04","8,048.50"
01/12/2015,"7,982.71","7,984.87"
01/09/2015,"7,998.94","8,046.17"
01/08/2015,"8,053.33","7,981.88"
01/07/2015,"7,807.71","7,763.00"
01/05/2015,"7,739.27","7,913.69"
01/02/2015,"7,931.09","7,925.34"
12/30/2014,"7,960.97","7,882.10"
12/29/2014,"7,872.55","7,926.57"
12/23/2014,"7,960.50","7,976.50"
12/22/2014,"7,945.85","7,951.85"
12/19/2014,"7,918.07","7,984.63"
12/18/2014,"8,034.40","8,025.85"
12/17/2014,"7,899.74","7,901.77"
12/16/2014,"7,830.58","7,892.34"
12/15/2014,"7,953.90","8,093.23"
12/12/2014,"8,052.32","8,116.21"
12/11/2014,"8,121.35","8,176.33"
12/10/2014,"8,173.95","8,244.74"
12/09/2014,"8,280.72","8,279.17"
12/08/2014,"8,342.27","8,320.83"
12/05/2014,"8,332.21","8,306.83"
12/04/2014,"8,270.24","8,378.09"
12/03/2014,"8,366.66","8,387.20"
12/02/2014,"8,343.75","8,266.88"
12/01/2014,"8,216.21","8,178.40"
11/28/2014,"8,229.12","8,209.03"
11/27/2014,"8,222.94","8,186.97"
11/26/2014,"8,148.81","8,095.84"
11/25/2014,"8,087.91","8,067.82"
11/24/2014,"8,106.27","8,145.91"
11/21/2014,"8,060.83","8,011.76"
11/20/2014,"8,026.30","8,018.29"
11/19/2014,"8,188.46","8,222.42"
11/18/2014,"8,243.39","8,214.86"
11/17/2014,"8,175.67","8,134.15"
11/14/2014,"8,153.36","8,018.13"
11/13/2014,"7,942.41","8,017.70"
11/12/2014,"7,974.00","8,042.26"
11/10/2014,"8,029.31","8,061.38"
11/07/2014,"8,082.24","8,144.61"
11/06/2014,"8,116.88","8,178.60"
11/05/2014,"8,181.95","8,138.78"
11/04/2014,"8,131.38","8,181.80"
11/03/2014,"8,150.61","8,136.80"
10/31/2014,"8,145.78","8,157.77"
10/30/2014,"8,095.89","8,052.41"
10/29/2014,"8,090.83","8,129.53"
10/28/2014,"8,146.09","8,102.13"
10/27/2014,"8,100.60","8,068.38"
10/24/2014,"8,045.86","8,083.17"
10/23/2014,"8,101.09","8,145.53"
10/22/2014,"8,149.63","8,149.63"
10/21/2014,"8,140.95","8,001.16"
10/20/2014,"7,962.24","8,058.60"
10/17/2014,"8,057.80","8,093.22"
10/16/2014,"8,015.50","7,953.28"
10/15/2014,"7,973.97","8,068.14"
10/14/2014,"8,083.51","8,024.31"
10/13/2014,"8,063.52","8,125.37"
10/10/2014,"8,085.98","8,149.95"
10/09/2014,"8,241.17","8,394.23"
10/08/2014,"8,379.18","8,381.93"
10/07/2014,"8,490.57","8,470.20"
10/06/2014,"8,497.03","8,546.61"
10/03/2014,"8,487.52","8,520.19"
10/02/2014,"8,429.42","8,487.28"
10/01/2014,"8,607.44","8,651.72"
09/30/2014,"8,694.03","8,736.75"
09/29/2014,"8,696.06","8,677.33"
09/26/2014,"8,567.21","8,490.15"
09/25/2014,"8,478.04","8,634.59"
09/24/2014,"8,505.81","8,596.16"
09/23/2014,"8,567.28","8,628.59"
09/22/2014,"8,722.39","8,781.59"
09/19/2014,"8,819.46","8,741.09"
09/18/2014,"8,711.85","8,756.73"
09/17/2014,"8,761.00","8,746.87"
09/16/2014,"8,680.99","8,619.47"
09/15/2014,"8,574.13","8,483.69"
09/12/2014,"8,446.82","8,485.94"
09/11/2014,"8,506.40","8,575.99"
09/10/2014,"8,589.21","8,584.05"
09/09/2014,"8,631.94","8,587.02"
09/08/2014,"8,654.82","8,583.64"
09/05/2014,"8,609.90","8,580.72"
09/04/2014,"8,588.05","8,469.31"
09/03/2014,"8,423.56","8,414.47"
09/02/2014,"8,234.62","8,208.29"
09/01/2014,"8,193.06","8,144.04"
08/29/2014,"8,111.57","8,141.99"
08/28/2014,"8,147.31","8,254.10"
08/27/2014,"8,291.35","8,306.72"
08/26/2014,"8,283.08","8,263.17"
08/25/2014,"8,208.95","8,209.01"
08/22/2014,"8,166.66","8,201.77"
08/21/2014,"8,218.17","8,277.59"
08/20/2014,"8,275.02","8,270.19"
08/19/2014,"8,281.21","8,272.63"
08/18/2014,"8,271.77","8,192.29"
08/14/2014,"8,186.28","7,953.23"
08/13/2014,"8,039.66","7,903.69"
08/12/2014,"7,877.68","7,843.30"
08/11/2014,"7,893.70","7,834.29"
08/08/2014,"7,772.25","7,747.02"
08/07/2014,"7,794.16","7,784.96"
08/06/2014,"7,914.58","7,920.54"
08/05/2014,"7,953.87","8,017.22"
08/04/2014,"7,929.11","7,894.24"
08/01/2014,"7,861.46","7,658.65"
07/31/2014,"7,699.35","7,789.72"
07/30/2014,"7,835.61","7,909.04"
07/29/2014,"8,020.13","8,061.91"
07/28/2014,"8,101.66","8,124.26"
07/25/2014,"8,129.82","8,106.53"
07/24/2014,"8,145.76","8,161.84"
07/23/2014,"8,139.19","8,124.24"
07/22/2014,"8,162.79","8,111.86"
07/21/2014,"8,105.69","8,096.03"
07/18/2014,"8,133.64","8,115.66"
07/17/2014,"8,158.18","8,079.26"
07/16/2014,"8,119.05","8,139.95"
07/15/2014,"8,141.15","8,104.21"
07/14/2014,"8,114.60","8,107.24"
07/11/2014,"8,034.33","8,039.51"
07/10/2014,"7,913.24","7,886.26"
07/09/2014,"7,896.09","7,965.20"
07/08/2014,"7,999.71","8,118.25"
07/07/2014,"8,183.03","8,153.41"
07/04/2014,"8,074.34","8,044.09"
07/03/2014,"8,065.85","8,033.96"
07/02/2014,"8,080.66","8,193.67"
07/01/2014,"8,169.57","8,151.91"
06/30/2014,"8,125.78","8,087.27"
06/27/2014,"8,046.30","8,111.93"
06/26/2014,"8,108.54","8,166.40"
06/25/2014,"8,192.86","8,280.31"
06/24/2014,"8,323.69","8,363.27"
06/23/2014,"8,373.42","8,376.40"
06/20/2014,"8,342.22","8,351.97"
06/18/2014,"8,368.60","8,400.38"
06/17/2014,"8,445.07","8,460.98"
06/16/2014,"8,430.16","8,406.53"
06/13/2014,"8,415.98","8,452.98"
06/12/2014,"8,494.32","8,459.52"
06/11/2014,"8,549.55","8,562.07"
06/10/2014,"8,622.56","8,568.25"
06/09/2014,"8,562.23","8,607.82"
06/06/2014,"8,597.18","8,509.64"
06/05/2014,"8,501.58","8,502.45"
06/04/2014,"8,443.35","8,357.16"
06/03/2014,"8,321.58","8,374.63"
06/02/2014,"8,335.90","8,347.38"
05/30/2014,"8,362.53","8,458.65"
05/29/2014,"8,504.92","8,452.97"
05/28/2014,"8,459.85","8,459.85"
05/27/2014,"8,505.73","8,484.64"
05/26/2014,"8,514.15","8,499.89"
05/23/2014,"8,455.08","8,458.38"
05/22/2014,"8,422.26","8,326.54"
05/21/2014,"8,214.28","8,172.33"
05/20/2014,"8,113.57","8,098.74"
05/19/2014,"8,051.06","8,044.62"
05/16/2014,"8,055.04","8,167.15"
05/15/2014,"8,215.97","8,318.06"
05/14/2014,"8,285.37","8,288.20"
05/13/2014,"8,280.73","8,332.88"
05/12/2014,"8,306.16","8,269.53"
05/09/2014,"8,339.85","8,371.75"
05/08/2014,"8,351.64","8,362.70"
05/07/2014,"8,261.63","8,230.52"
05/06/2014,"8,288.88","8,413.56"
05/05/2014,"8,415.23","8,437.36"
05/02/2014,"8,537.86","8,553.08"
04/30/2014,"8,562.83","8,590.80"
04/29/2014,"8,568.51","8,531.16"
04/28/2014,"8,467.38","8,518.41"
04/25/2014,"8,491.18","8,508.66"
04/24/2014,"8,553.24","8,658.06"
04/23/2014,"8,655.15","8,674.79"
04/22/2014,"8,669.92","8,596.16"
04/17/2014,"8,549.99","8,504.65"
04/16/2014,"8,425.05","8,467.69"
04/15/2014,"8,469.95","8,551.75"
04/14/2014,"8,598.69","8,665.81"
04/11/2014,"8,698.53","8,693.96"
04/10/2014,"8,756.89","8,795.55"
04/09/2014,"8,760.68","8,785.95"
04/08/2014,"8,796.16","8,757.76"
04/07/2014,"8,765.55","8,768.64"
04/04/2014,"8,798.72","8,746.29"
04/03/2014,"8,739.50","8,788.32"
04/02/2014,"8,820.50","8,792.15"
04/01/2014,"8,748.86","8,724.77"
03/31/2014,"8,749.83","8,688.10"
03/28/2014,"8,667.12","8,637.16"
03/27/2014,"8,586.10","8,614.63"
03/26/2014,"8,611.46","8,623.43"
03/25/2014,"8,522.84","8,481.99"
03/24/2014,"8,392.56","8,411.84"
03/21/2014,"8,411.13","8,511.72"
03/20/2014,"8,430.55","8,419.63"
03/19/2014,"8,388.67","8,379.20"
03/18/2014,"8,369.27","8,346.55"
03/17/2014,"8,421.82","8,347.24"
03/14/2014,"8,222.02","8,193.64"
03/13/2014,"8,225.08","8,407.77"
03/12/2014,"8,414.03","8,522.37"
03/11/2014,"8,511.73","8,493.25"
03/10/2014,"8,480.64","8,572.60"
03/07/2014,"8,580.18","8,673.03"
03/06/2014,"8,660.86","8,670.40"
03/05/2014,"8,643.27","8,689.49"
03/04/2014,"8,635.52","8,570.84"
03/03/2014,"8,446.23","8,657.33"
02/28/2014,"8,918.66","8,835.73"
02/27/2014,"8,786.79","8,750.51"
02/26/2014,"8,817.52","8,855.54"
02/25/2014,"8,857.26","8,893.67"
02/24/2014,"8,878.78","8,840.96"
02/21/2014,"8,756.69","8,742.05"
02/20/2014,"8,657.13","8,661.14"
02/19/2014,"8,771.03","8,692.86"
02/18/2014,"8,677.63","8,727.53"
02/17/2014,"8,741.63","8,817.59"
02/14/2014,"8,850.12","8,859.07"
02/13/2014,"8,858.47","8,786.75"
02/12/2014,"8,826.98","8,763.47"
02/11/2014,"8,675.24","8,631.29"
02/10/2014,"8,546.33","8,570.30"
02/07/2014,"8,559.66","8,581.14"
02/06/2014,"8,588.84","8,551.15"
02/05/2014,"8,357.11","8,342.30"
02/04/2014,"8,275.79","8,256.72"
02/03/2014,"8,307.06","8,324.04"
01/31/2014,"8,327.41","8,252.59"
01/30/2014,"8,231.24","8,056.77"
01/29/2014,"8,126.19","8,258.06"
01/28/2014,"8,178.64","8,129.89"
01/27/2014,"8,075.39","8,108.16"
01/26/2014,"8,230.17","8,230.17"
01/24/2014,"8,230.17","8,390.70"
01/23/2014,"8,431.09","8,500.71"
01/22/2014,"8,446.76","8,403.29"
01/21/2014,"8,316.93","8,286.85"
01/20/2014,"8,171.82","8,124.36"
01/17/2014,"8,115.97","8,196.60"
01/16/2014,"8,202.34","8,206.76"
01/15/2014,"8,220.25","8,147.80"
01/14/2014,"8,030.53","7,968.05"
01/13/2014,"7,937.71","7,941.73"
01/10/2014,"7,833.79","7,761.97"
01/09/2014,"7,752.44","7,852.78"
01/08/2014,"7,874.28","7,803.62"
01/07/2014,"7,779.88","7,788.72"
01/03/2014,"7,949.61","8,026.35"
01/02/2014,"8,052.27","8,059.56"
